"","incident_id","incident_acres_burned","fips_code","county","acres","pop_dens","acres_burned_county","fire_dens","fourth_root_fire_dens","log_fire_dens"
"1","2ca11d45-8139-4c16-8af0-880d99b21e82",37,"089","Shasta",2423040,0.0746706616481775,37,0.00152700739566825,0.197678886062326,-6.48444540949067
"2","8f61f461-552d-4538-b186-35ab030da416",122,"073","San Diego",2690560,1.21766769743102,122,0.00453437202664129,0.259495175153282,-5.39606867762921
"3","094719ba-a47b-4abb-9ec5-a506b2b9fd23",407,"027","Inyo",6522880,0.00286959134615385,407,0.00623957515698587,0.281053342786509,-5.07684318273498
"4","58f89ff8-bd3e-4355-b1c0-8fa05c747d3f",30,"071","San Bernardino",12839680,0.170849740803509,30,0.000233650682883063,0.123635094084574,-8.3616833661469
"5","357ffc13-bef9-48eb-810f-c5de851972eb",274,"039","Madera",1368320,0.11711880261927,274,0.0200245556594949,0.37617568631181,-3.91079597556255
"6","53122f0f-fefc-4dbf-b2d8-566b42ced66d",6896,"103","Tehama",1888640,0.034546022534734,6896,0.365130464249407,0.777341792272967,-1.00750055296504
"7","d8d1c943-7b5d-4885-9043-f41075d6eded",75,"055","Napa",482560,0.278307360742706,75,0.0155421087533156,0.353083551162606,-4.16420224483727
"8","64e4f81e-d872-44c4-ba8d-111fa77124ba",125,"097","Sonoma",1008640,0.478515625,125,0.0123929251269036,0.33365178795581,-4.39062952348115
"9","a1b14be5-a8cf-4e40-8588-96becf4c5879",2956,"065","Riverside",4613120,0.536275232380688,2956,0.0640781076581576,0.503126762909258,-2.74765250758571
"10","ca68f3c4-4906-4952-b794-4531d7da8369",354,"069","San Benito",888960,0.0760202933765299,354,0.0398218142548596,0.446714717054241,-3.2233404199862
"11","5649e78d-7c26-4698-89a0-b0fa9a35cf78",217,"021","Glenn",841600,0.0336727661596958,217,0.0257842205323194,0.40071767766343,-3.65799258143703
"12","e2c4b308-9a2d-483b-8434-999bef9adc7c",75,"071","San Bernardino",12839680,0.170849740803509,75,0.000584126707207656,0.155462900383938,-7.44539263427275
"13","958ce6d2-97f9-4848-8620-d14ab87f329d",650,"065","Riverside",4613120,0.536275232380688,650,0.0140902469478357,0.344532068185442,-4.26227242676412
"14","e0d038e9-0926-4c05-8317-ec7075a04b12",4346,"029","Kern",5210880,0.17580677352002,3542.76451742091,0.067987835402483,0.510631736786773,-2.68842648094892
"15","e0d038e9-0926-4c05-8317-ec7075a04b12",4346,"111","Ventura",1181440,0.704737439057421,803.235482579095,0.067987835402483,0.510631736786773,-2.68842648094892
"16","e215290f-d0b4-48fd-be32-f599959347b1",40,"065","Riverside",4613120,0.536275232380688,40,0.000867092119866815,0.171599615280663,-7.05036533553986
"17","39af7eac-c188-411f-8c8a-d165c5fca4a9",712,"037","Los Angeles",2598400,3.74120150862069,712,0.0274014778325123,0.406858596404984,-3.59715833154943
"18","2b765a08-c770-4b19-baa8-00dffe3fa838",91,"039","Madera",1368320,0.11711880261927,91,0.0066504911131899,0.28557055748812,-5.01306457543377
"19","f17c523c-bf01-4245-899b-7c2331096dae",35,"079","San Luis Obispo",2114560,0.13336722533293,35,0.0016551906779661,0.201702837564342,-6.40383906351708
"20","a60e315c-23d5-4ba4-869c-5c1e22a25e7a",25,"065","Riverside",4613120,0.536275232380688,25,0.000541932574916759,0.152576031312102,-7.5203689647856
"21","13850faa-5bab-4fd7-bac3-433ce9250c4d",90,"065","Riverside",4613120,0.536275232380688,90,0.00195095726970033,0.210165748747762,-6.23943511932353
"22","0b51d59b-457d-4a62-b066-55c2b8d400e2",303,"077","San Joaquin",895360,0.885933032523231,303,0.0338411365260901,0.428905124347188,-3.38607815952174
"23","e077e091-f890-477c-b948-eb23774b432e",100,"073","San Diego",2690560,1.21766769743102,100,0.00371669838249286,0.24691036965664,-5.59491953637438
"24","859479e3-918c-42c6-bb74-5fdc17930a16",2650,"073","San Diego",2690560,1.21766769743102,2650,0.0984925071360609,0.560209924204891,-2.3177748033822
"25","5b5ce06d-7ea9-4d28-b564-715fd0d04f3f",50,"079","San Luis Obispo",2114560,0.13336722533293,50,0.00236455811138015,0.220514675689602,-6.04716411957835
"26","9795afee-7e60-4ab3-b5c3-7df67f91c5f9",124,"065","Riverside",4613120,0.536275232380688,124,0.00268798557158713,0.227696698351225,-5.91896322404876
"27","07a5397c-a665-4f84-9a82-5f689cb2c8f3",2500,"073","San Diego",2690560,1.21766769743102,2500,0.0929174595623216,0.552108370901848,-2.37604371150618
"28","abc61995-8bea-4be1-aa49-ee378ab3baaa",1984,"083","Santa Barbara",1752320,0.253285358838568,1984,0.113221329437546,0.580072213537775,-2.1784107083692
"29","794412f2-1ba2-4217-ac38-49272a96fb6f",149,"037","Los Angeles",2598400,3.74120150862069,149,0.00573429802955665,0.275182026908628,-5.16128993701595
"30","cb5f34a0-177e-445d-9349-dd94063a01d0",170,"083","Santa Barbara",1752320,0.253285358838568,170,0.00970142439737034,0.313840419695343,-4.63548255916376
"31","213dc89e-9f29-4480-91a6-aec5fb694999",500,"079","San Luis Obispo",2114560,0.13336722533293,500,0.0236455811138015,0.39213670739023,-3.7445790265843
"32","98bfbb7c-8446-4e2e-a268-7e961353723c",100,"109","Tuolumne",1431040,0.0381058530858676,100,0.00698792486583184,0.289125939301401,-4.96357163865252
"33","1a5192f1-bc99-4130-8683-381e0534b76a",298,"007","Butte",1049600,0.197506669207317,298,0.0283917682926829,0.410485773925687,-3.56165602467847
"34","5ce45b6c-81b5-422c-9078-8c68dd872c8a",28,"097","Sonoma",1008640,0.478515625,9.1685019738209,0.000908996467899439,0.173636310393637,-7.00316934949353
"35","5ce45b6c-81b5-422c-9078-8c68dd872c8a",28,"095","Solano",529920,0.846820274758454,4.81695408269271,0.000908996467899439,0.173636310393637,-7.00316934949353
"36","5ce45b6c-81b5-422c-9078-8c68dd872c8a",28,"033","Lake",805120,0.0846966911764706,7.31851236235196,0.000908996467899439,0.173636310393637,-7.00316934949353
"37","5ce45b6c-81b5-422c-9078-8c68dd872c8a",28,"011","Colusa",736640,0.0297485881841877,6.69603158113443,0.000908996467899439,0.173636310393637,-7.00316934949353
"38","f9e85371-fc46-4f54-822c-7dcdaadde551",124,"047","Merced",1234560,0.234912843442198,124,0.0100440642820114,0.316575550596863,-4.60077343766632
"39","dcb21e64-9d38-47c2-848b-e8e0dea5c2de",30,"033","Lake",805120,0.0846966911764706,30,0.00372615262321145,0.247067237823219,-5.59237904596386
"40","bf37805e-1cc2-4208-9972-753e47874c87",30274,"037","Los Angeles",2598400,3.74120150862069,30274,1.16510160098522,1.03894115423712,0.152808294361106
"41","2ad509e4-99f1-4e1a-81eb-839f772f9c45",240,"001","Alameda",472320,3.44892657520325,240,0.0508130081300813,0.474781432521174,-2.97960289162411
"42","e9505435-e861-4f33-9069-b0040fb2a135",42,"065","Riverside",4613120,0.536275232380688,42,0.000910446725860155,0.17370552598732,-7.00157517137043
"43","bf59bc5b-1398-4ae5-adef-6f61b9ee1b90",96,"005","Amador",387840,0.10677599009901,96,0.0247524752475248,0.396647442802658,-3.6988297849671
"44","7055a440-5d4c-4f58-bac9-2954ff6698a5",75,"039","Madera",1368320,0.11711880261927,75,0.00548117399438728,0.272093644114648,-5.20643596841431
"45","a2cfda2a-21c1-4e45-90b5-37d931b4a926",108,"019","Fresno",3816320,0.26601280815026,108,0.0028299513667617,0.230645371105577,-5.86749575236451
"46","bb2eb175-43a3-4a5c-bff6-e3669e52c1d1",1708,"043","Mariposa",928640,0.0183278773259821,1708,0.183924879393522,0.654877576301935,-1.6932278689013
"47","fe47b1c2-b9c0-44be-8d10-f270056db35c",237,"061","Placer",900480,0.463943674484719,237,0.0263192963752665,0.402780622383065,-3.63745290634488
"48","953f17a1-2034-467b-b48c-28da1a9af60e",35,"019","Fresno",3816320,0.26601280815026,35,0.000917113868857957,0.174022665022624,-6.99427891799932
"49","2d1f0c40-92e7-4540-991b-d353ed68ec6c",40,"065","Riverside",4613120,0.536275232380688,40,0.000867092119866815,0.171599615280663,-7.05036533553986
"50","05d0fed7-8502-4a6f-9c5c-b9cee0e75408",480,"039","Madera",1368320,0.11711880261927,480,0.0350795135640786,0.432776221295878,-3.35013797804868
"51","2b403f03-fe84-450a-90b7-befb8acc7e70",124,"095","Solano",529920,0.846820274758454,124,0.0233997584541063,0.391113533246158,-3.75502957914585
"52","15e7e15d-f707-473e-b0f3-6534cfd845b7",46,"019","Fresno",3816320,0.26601280815026,46,0.00120534965621332,0.186328059940818,-6.72098558299964
"53","23ec2f69-da30-4983-80c2-1f04bfea6f9a",150,"019","Fresno",3816320,0.26601280815026,150,0.00393048800939125,0.250386909031593,-5.53899168539248
"54","d489b45e-dcba-4eaa-8bb5-6a23255562da",25,"033","Lake",805120,0.0846966911764706,25,0.00310512718600954,0.236058611568036,-5.77470060275781
"55","6011819c-19ac-46c2-aa48-0ee8be0e48c0",534,"071","San Bernardino",12839680,0.170849740803509,534,0.00415898215531851,0.253949150417453,-5.48248490884886
"56","95399a9c-8b3e-4413-9f56-5ed57d3d81b3",274,"013","Contra Costa",460800,2.51077690972222,274,0.0594618055555556,0.493809593676205,-2.82242109598766
"57","58317b8d-7f4d-466f-b2c7-035c25fb00f0",105,"053","Monterey",2126080,0.203594408488862,105,0.00493866646598435,0.265095541875128,-5.31065993038134
"58","522114fe-ada8-49a9-9bb2-5891103ff0ca",492,"013","Contra Costa",460800,2.51077690972222,492,0.106770833333333,0.571627558332312,-2.23707048588342
"59","8b51033d-abc6-4ea4-8983-990ad4e1c45e",502,"049","Modoc",2524160,0.00337181478194726,502,0.0198878042596349,0.375531791618394,-3.91764858639642
"60","c94959d7-eb88-4724-8feb-ba0662afca10",200,"103","Tehama",1888640,0.034546022534734,200,0.0105896306336835,0.320789543148957,-4.54787999876053
"61","07fb8b11-f39b-4cd0-8a27-2d4fef7fe680",50,"001","Alameda",472320,3.44892657520325,50,0.0105860433604336,0.320762372561058,-4.54821880953795
"62","4c04a4e5-f580-4e62-bb53-2575c72d29dc",38,"001","Alameda",472320,3.44892657520325,38,0.00804539295392954,0.299493095890781,-4.82265565523971
"63","ee19b2ec-a96a-4738-994e-fb3ea016e053",7055,"073","San Diego",2690560,1.21766769743102,7055,0.262213070884872,0.715588881686581,-1.33859785807555
"64","a97d2b3a-3a53-424f-852c-5f1b8d199cc3",85,"079","San Luis Obispo",2114560,0.13336722533293,85,0.00401974878934625,0.251796522727159,-5.51653586851618
"65","397ed8e6-6088-4e03-9316-8f50c65a83be",73,"115","Yuba",403200,0.209102182539683,73,0.0181051587301587,0.366817953996927,-4.01155836860281
"66","3f64fc8a-8870-4e64-b60a-3e13c8532acd",43,"089","Shasta",2423040,0.0746706616481775,43,0.00177463021658743,0.20524707090621,-6.33416320644133
"67","d778a3f0-2d23-43c1-b9bc-1ea33898fab2",572,"017","El Dorado",1095680,0.175823233060748,572,0.052205023364486,0.478000194817927,-2.95257655568752
"68","e779a754-29fd-472f-8d29-46cfee32d3c2",50,"085","Santa Clara",826240,2.26440864639814,50,0.00605151045701007,0.278911195382995,-5.10744737578412
"69","873074c8-4b6d-417b-a78c-1d1430027805",150,"099","Stanislaus",956800,0.576165342809365,150,0.0156772575250836,0.353848633765426,-4.15554418209416
"70","a3149fec-4d48-427c-8b2c-59e8b79d59db",27531,"065","Riverside",4613120,0.536275232380688,27531,0.596797828801332,0.878935100776371,-0.516176868166677
"71","ed51bbd2-6f8e-4f46-9073-3673a583fada",75,"071","San Bernardino",12839680,0.170849740803509,75,0.000584126707207656,0.155462900383938,-7.44539263427275
"72","c6cfeed9-55bb-4fdb-8a52-e4d947dba721",25,"073","San Diego",2690560,1.21766769743102,25,0.000929174595623216,0.174591996729487,-6.98121389749427
"73","bee8c339-4f26-4b78-a5b4-a8a0ebdb8786",22992,"019","Fresno",3816320,0.26601280815026,22992,0.60246520207949,0.881014369450497,-0.506725371169926
"74","ba76c009-09c9-497c-b923-1ac8cf05c20d",14754,"093","Siskiyou",4023680,0.0108507634801972,14754,0.366679258787975,0.778164807950216,-1.00326776730444
"75","0b51d3d5-bb3a-426d-9c12-c1878a01d7cf",92,"007","Butte",1049600,0.197506669207317,92,0.00876524390243902,0.305978563460684,-4.73696093413483
"76","d48a839f-d8da-44d7-9b35-b9f61aa28c61",150,"065","Riverside",4613120,0.536275232380688,150,0.00325159544950056,0.23879439389535,-5.72860949555754
"77","0658b1f8-5323-4152-b6d1-b208736587db",60,"065","Riverside",4613120,0.536275232380688,60,0.00130063817980022,0.189906191658641,-6.6449002274317
"78","86faecab-ed3a-4fce-95cf-89433a825c72",612,"029","Kern",5210880,0.17580677352002,612,0.0117446573323508,0.329200197832854,-4.44435683691622
"79","f1d7f375-8aa3-4cb5-a864-bae9bb90cbd1",45,"045","Mendocino",2245760,0.0399788935594186,45,0.0020037760045597,0.211573998063854,-6.21272187617852
"80","591a56a5-e9c0-45a0-96bd-34098588c39b",500,"029","Kern",5210880,0.17580677352002,500,0.00959530827806436,0.312978664515788,-4.64648102100636
"81","4423899b-6197-4ef5-9f73-bca1763f17e6",195,"103","Tehama",1888640,0.034546022534734,195,0.0103248898678414,0.318765533328399,-4.57319780674482
"82","c9b5d1ff-c042-4b39-8bac-b10fb6fc6c13",158,"097","Sonoma",1008640,0.478515625,158,0.0156646573604061,0.353777513298903,-4.15634822775648
"83","4630e9ce-88ec-4159-9bc9-25ff5f8216cc",163,"017","El Dorado",1095680,0.175823233060748,104.203136669156,0.00951036221060493,0.312283662684133,-4.65537331580998
"84","4630e9ce-88ec-4159-9bc9-25ff5f8216cc",163,"067","Sacramento",618240,2.56238515786749,58.7968633308439,0.00951036221060493,0.312283662684133,-4.65537331580998
"85","8fb3a438-3146-4b8d-8f20-bfa8d6610f84",40,"065","Riverside",4613120,0.536275232380688,40,0.000867092119866815,0.171599615280663,-7.05036533553986
"86","2b300dd5-4474-4b8a-9b4c-3a3014afe27d",15,"065","Riverside",4613120,0.536275232380688,15,0.000325159544950055,0.134283955911137,-8.03119458855159
"87","68dadbb3-6a63-483a-add9-491a69d9e0ad",31,"009","Calaveras",652800,0.071328125,31,0.00474877450980392,0.26250971895649,-5.3498686921588
"88","1e8441c2-f426-40b4-9f4f-3de9f7e232b9",1070,"109","Tuolumne",1431040,0.0381058530858676,1070,0.0747707960644007,0.522917289185726,-2.59332789718466
"89","4867ac70-663e-48f4-b9ae-ca0a486234ca",1383,"065","Riverside",4613120,0.536275232380688,1383,0.0299797100443951,0.416108758371353,-3.50723445798904
"90","ac568737-dae6-4050-b1f4-62ab1f9ec930",60,"065","Riverside",4613120,0.536275232380688,60,0.00130063817980022,0.189906191658641,-6.6449002274317
"91","b5b63934-923d-4504-a9b1-75c885477a8d",38,"033","Lake",805120,0.0846966911764706,38,0.0047197933227345,0.262108282930646,-5.35599026789963
"92","c400203b-a7fd-4bd8-803a-f3c74bc32a2b",20292,"065","Riverside",4613120,0.536275232380688,20292,0.439875832408435,0.814390174684923,-0.82126279096722
"93","f3dcbca8-f8ed-46d0-8f6e-9c7fc2fb03e6",12503,"023","Humboldt",2286720,0.0590408970053177,12503,0.546765673103834,0.859904675367929,-0.603734953894036
"94","e16c204e-58d6-4f78-bc97-729b16ef9f83",50,"093","Siskiyou",4023680,0.0108507634801972,50,0.00124264355018292,0.187752895128778,-6.69051427332054
"95","db009f8f-8b9d-44bb-a3f6-83f319c84d72",116,"017","El Dorado",1095680,0.175823233060748,116,0.0105870327102804,0.320769866746373,-4.54812535596095
"96","62eabea3-40be-497d-94e4-150f011b925f",243,"071","San Bernardino",12839680,0.170849740803509,243,0.00189257053135281,0.208575367942658,-6.26981930446851
"97","0537a175-8fe9-4f5f-b56f-77848fa195f4",27,"089","Shasta",2423040,0.0746706616481775,27,0.00111430269413629,0.182705152498677,-6.79952645613057
"98","0758e1c0-95ea-47e7-b5c1-5f3ea96bc664",2264,"007","Butte",1049600,0.197506669207317,2264,0.215701219512195,0.681495747371727,-1.5338610718608
"99","8213f5c7-34fa-403b-a4bc-da2ace6e6625",27440,"061","Placer",900480,0.463943674484719,27440,3.04726368159204,1.32122720914624,1.11424403435981
"100","2b84c8a2-e2e8-45a2-9221-e8075608c218",97,"035","Lassen",2917120,0.0102512066695919,97,0.00332519745502413,0.240134389665735,-5.70622622166787
"101","f23f8148-6ec4-4885-9729-0dad7c744485",40,"065","Riverside",4613120,0.536275232380688,40,0.000867092119866815,0.171599615280663,-7.05036533553986
"102","ae025ba5-8b5d-48de-ad5e-3037de3d18e9",70,"033","Lake",805120,0.0846966911764706,70,0.00869435612082671,0.305358037809054,-4.74508118557665
"103","10445e2c-979d-49a2-82c2-c3789bd2449a",46,"009","Calaveras",652800,0.071328125,46,0.00704656862745098,0.289730637153903,-4.95521450015485
"104","c7f05927-66a4-403c-9048-aeb42eca0211",110,"071","San Bernardino",12839680,0.170849740803509,110,0.000856719170571229,0.171084088881267,-7.06240038201664
"105","92af9783-eda9-4186-afe9-447f61a92636",8073,"089","Shasta",2423040,0.0746706616481775,8073,0.333176505546751,0.759746297367599,-1.09908288273988
"106","5015b3c2-2bae-4cce-9bf8-f1b25b0ce1e6",513,"063","Plumas",1634560,0.011838659945184,513,0.0313845927956147,0.420900192670713,-3.46143818178734
"107","5421868e-52ba-4737-8169-325e0aa040e4",794,"029","Kern",5210880,0.17580677352002,794,0.0152373495455662,0.351339806359556,-4.18400565818141
"108","f21a41c6-0905-4531-9bdf-2456d0051eed",196,"089","Shasta",2423040,0.0746706616481775,196,0.00808901215002641,0.299898208852923,-4.81724866290438
"109","f7358513-329f-4dba-8980-4cd3a19b469a",200,"071","San Bernardino",12839680,0.170849740803509,200,0.00155767121922042,0.198663896332885,-6.46456338126102
"110","956dbcf6-db40-4b61-b235-4ede14738f1e",11429,"103","Tehama",1888640,0.034546022534734,11429,0.605144442561843,0.881992236337306,-0.502288101410968
"111","b202bd85-c5ef-4bdf-8270-d556f95c3742",413,"071","San Bernardino",12839680,0.170849740803509,413,0.00321659106769016,0.238149110040653,-5.73943315484802
"112","a4de6058-c68c-4924-bfb5-dc8ecc3b54c0",2060,"107","Tulare",3087360,0.154677135157546,2060,0.0667236733001658,0.508241339354746,-2.70719546698902
"113","fea7802f-ba70-450a-9ad1-96e2751293a9",38,"017","El Dorado",1095680,0.175823233060748,38,0.00346816588785047,0.242674959363739,-5.66412938734093
"114","b5109726-5e91-4c10-96f8-2a5bb72e5a59",97,"071","San Bernardino",12839680,0.170849740803509,97,0.000755470541321902,0.165788492876997,-7.18816976930567
"115","b30ee931-f349-4d21-a38a-d346c516b104",41,"081","San Mateo",287360,2.53751739977728,41,0.0142678173719376,0.345612455372424,-4.24974881140357
"116","e33b2d80-7fec-4470-9e79-440d349b0d95",3111,"013","Contra Costa",460800,2.51077690972222,3111,0.675130208333333,0.906456328073665,-0.39284970547809
"117","d332a628-6290-4e91-b8d0-4dc663b80c38",134,"107","Tulare",3087360,0.154677135157546,134,0.00434027777777778,0.256672524020085,-5.43981692882174
"118","31f21c59-8a94-4b17-91aa-88ca14817162",73,"071","San Bernardino",12839680,0.170849740803509,73,0.000568549995015452,0.154415952617796,-7.47242130666067
"119","eb5a3f2a-0c25-417a-af78-bb0d643247c7",268,"037","Los Angeles",2598400,3.74120150862069,268,0.010314039408867,0.318681752380673,-4.57424926245055
"120","308ce8d5-67c8-4edb-9e2f-bf6295f98d7e",97,"049","Modoc",2524160,0.00337181478194726,97,0.00384286257606491,0.248979570542812,-5.56153772758477
"121","1476673c-df55-4c39-b117-d9d067f8a020",52,"057","Nevada",613120,0.166840096555324,52,0.0084812108559499,0.303469091933226,-4.76990204975506
"122","dd374f36-e7cb-4a48-91ee-e8be101e0f88",80,"007","Butte",1049600,0.197506669207317,80,0.00762195121951219,0.295472142462191,-4.87672287650999
"123","0875cf4e-9948-45ed-a76d-d74564319b49",68,"049","Modoc",2524160,0.00337181478194726,68,0.00269396551724138,0.227823231713949,-5.91674100091205
"124","5fb18d4d-213f-4d83-a179-daaf11939e78",257314,"109","Tuolumne",1431040,0.0381058530858676,257314,17.9809089892665,2.05922077326457,2.88931058334214
"125","f6f6fefa-ac4e-466f-815e-492416e37b98",263,"073","San Diego",2690560,1.21766769743102,263,0.00977491674595623,0.314433106767931,-4.6279356901847
"126","51e00abb-53d0-4014-9224-2a853b1d6bcf",30,"033","Lake",805120,0.0846966911764706,30,0.00372615262321145,0.247067237823219,-5.59237904596386
"127","ac469123-da14-4821-b824-c6cf66138514",94,"079","San Luis Obispo",2114560,0.13336722533293,94,0.00444536924939467,0.258212320277357,-5.41589234273649
"128","b20a2031-12c9-4e9c-9f44-ac82c26e6c66",98,"045","Mendocino",2245760,0.0399788935594186,98,0.00436377885437447,0.257019268595005,-5.43441688727827
"129","1f94fce5-49a5-4220-bc99-f003ab4d3e60",376,"055","Napa",482560,0.278307360742706,376,0.0779177718832891,0.52833469516336,-2.55210121498369
"130","1460f2d9-853b-4901-bed3-ac196e00bb3a",159,"097","Sonoma",1008640,0.478515625,159,0.0157638007614213,0.354335964150282,-4.15003905856322
"131","9fb847ce-44c7-4a11-a733-a6cc82838671",2236,"073","San Diego",2690560,1.21766769743102,2236,0.0831053758325404,0.536917153977623,-2.48764588808748
"132","d922e7c8-814a-412b-a40b-53072d0983ea",305,"007","Butte",1049600,0.197506669207317,305,0.0290586890243902,0.412875397031967,-3.53843773457646
"133","9a110003-2f4c-4ac7-a3e5-b4e713f8d1fe",40,"059","Orange",606720,5.19380274261603,40,0.00659282700421941,0.28494951361198,-5.02177303850671
"134","0aa08938-eaab-4a60-8891-946197328f94",163,"113","Yolo",647680,0.342939414525692,163,0.0251667490118577,0.398296765396119,-3.68223163940627
"135","29a2efda-c28f-4a41-9c6d-8cb8f763d464",33,"089","Shasta",2423040,0.0746706616481775,33,0.00136192551505547,0.192104854244015,-6.59885576066841
"136","587c03e3-4831-47c1-8c03-c08176e91b11",51,"079","San Luis Obispo",2114560,0.13336722533293,51,0.00241184927360775,0.221609074935937,-6.02736149228217
"137","20ba8b6b-78d4-46a7-995b-d8fa38cbf3b8",120,"033","Lake",805120,0.0846966911764706,120,0.0149046104928458,0.349405838547655,-4.20608468484397
"138","79d476e5-0b4d-48e2-a105-2bba5c1140e9",190,"055","Napa",482560,0.278307360742706,190,0.0393733421750663,0.445451648284851,-3.2346662862131
"139","0adb968c-eb85-41c5-8e08-04c0ec386c79",64,"111","Ventura",1181440,0.704737439057421,64,0.00541711809317443,0.271295178716297,-5.21819132206875
"140","e9e43213-b2fc-47bc-92cd-117ccd6e4780",82,"045","Mendocino",2245760,0.0399788935594186,82,0.00365132516386435,0.245817403791718,-5.61266511868459
"141","b4bc1480-cbb8-4ef2-8d5f-88a496d21d10",3505,"097","Sonoma",1008640,0.478515625,3505,0.347497620558376,0.767782057558055,-1.05699746131476
"142","3f3e234c-04e1-4941-a79f-23ddc419bf59",50,"033","Lake",805120,0.0846966911764706,50,0.00621025437201908,0.280722580434372,-5.08155342219787
"143","720f1d0a-81b7-4a00-85db-be3d9587ea3e",23,"033","Lake",805120,0.0846966911764706,23,0.00285671701112878,0.231188807707758,-5.85808221169686
"144","7a168690-06e5-4056-97c8-73b834204744",40,"085","Santa Clara",826240,2.26440864639814,40,0.00484120836560806,0.263777922690513,-5.33059092709833
"145","353e7df7-440c-4c41-a27c-b35bb1e2831c",865,"103","Tehama",1888640,0.034546022534734,865,0.0458001524906811,0.462611826330791,-3.08346785837669
"146","1fe0ea01-23e8-47a1-8fbd-ced6cf655e4d",1952,"037","Los Angeles",2598400,3.74120150862069,1952,0.0751231527093596,0.52353226412878,-2.58862647598837
"147","6d75c6a4-12cb-4f18-8951-f2737e980916",333,"023","Humboldt",2286720,0.0590408970053177,333,0.0145623425692695,0.347382399623915,-4.22931635840859
"148","d529636e-33d0-484b-9c6f-093ba33736b7",106,"019","Fresno",3816320,0.26601280815026,106,0.00277754485996981,0.229570072027711,-5.88618788537666
"149","a67fe9bc-b8ec-4ed1-a2e8-06623aab7039",125,"073","San Diego",2690560,1.21766769743102,125,0.00464587297811608,0.261075929520418,-5.37177598506017
"150","cb580f06-5d43-46aa-8b2c-f2b5a21eff02",400,"053","Monterey",2126080,0.203594408488862,400,0.0188139674894642,0.370356607534444,-3.97315573343088
"151","edff6f87-80b8-4c0d-8f6a-45c6e798b7fa",57,"065","Riverside",4613120,0.536275232380688,57,0.00123560627081021,0.187486510444683,-6.69619352181925
"152","1faad916-32b9-4cd0-94b8-dacfe71fa9f8",113,"027","Inyo",6522880,0.00286959134615385,113,0.00173236361852433,0.20401390261912,-6.35826854946523
"153","13bfff2c-cb2f-4ed9-a7f8-6985646a2d5d",2143,"071","San Bernardino",12839680,0.170849740803509,2143,0.0166904471139468,0.359432209630878,-4.09291875233548
"154","d5cb2477-6627-4ef6-bab1-d0eecc4ad12a",29,"073","San Diego",2690560,1.21766769743102,29,0.00107784253092293,0.181191920885118,-6.83279389237599
"155","9e5ee790-ee7e-4b40-b300-7a3046901162",1548,"073","San Diego",2690560,1.21766769743102,1548,0.0575344909609895,0.489758597687792,-2.8553706682128
"156","91c3081d-33b4-46f2-8774-032c57f0f6a2",75,"053","Monterey",2126080,0.203594408488862,75,0.00352761890427453,0.243708353350664,-5.64713216700256
"157","d08b0c4e-35d3-43fb-8af8-1756b1789172",632,"083","Santa Barbara",1752320,0.253285358838568,632,0.0360664718772827,0.435788650152912,-3.32239160206716
"158","2b35bd0d-169f-4a81-835b-13bf527031a6",5367,"073","San Diego",2690560,1.21766769743102,5367,0.199475202188392,0.668301180832812,-1.61206535018564
"159","b0b5efed-3edc-4a4b-97c8-95a79d12d0c6",1457,"073","San Diego",2690560,1.21766769743102,1457,0.054152295432921,0.482396577156135,-2.91595491616726
"160","ebea3cc2-c0ad-4de2-829a-0b544183461b",380,"073","San Diego",2690560,1.21766769743102,380,0.0141234538534729,0.344734881285179,-4.25991846964204
"161","2c241790-d062-4b15-9a25-8e511c0febab",50,"089","Shasta",2423040,0.0746706616481775,50,0.0020635235076598,0.213133813277705,-6.18334031670675
"162","1b1cba8f-7893-4eea-82d9-dc78663fd911",1995,"073","San Diego",2690560,1.21766769743102,1995,0.0741481327307326,0.521825207733638,-2.6016903930385
"163","cc18296d-573a-4737-8e4e-1221d75d1e7b",600,"073","San Diego",2690560,1.21766769743102,600,0.0223001902949572,0.386435612209803,-3.80316006714632
"164","b454456c-1fa9-4766-b179-6df36b4d844b",175,"033","Lake",805120,0.0846966911764706,175,0.0217358903020668,0.38396740476349,-3.8287904537025
"165","1a0bbf7e-7f9b-4359-9c91-85dec2e2869a",402,"109","Tuolumne",1431040,0.0381058530858676,402,0.028091457960644,0.409395976334038,-3.57228973602159
"166","b5d32131-cf00-4e34-9e08-b74d68a3174f",269,"109","Tuolumne",1431040,0.0381058530858676,269,0.0187975178890877,0.370275627583112,-3.97403044503878
"167","ccc2ec2b-4941-4bbd-ae60-be6706d97f13",25,"019","Fresno",3816320,0.26601280815026,25,0.000655081334898541,0.159982988919275,-7.33075115462053
"168","857e832f-17bd-4ad2-8789-99b003187049",40,"019","Fresno",3816320,0.26601280815026,40,0.00104813013583767,0.179930091993556,-6.8607475253748
"169","45cf54ae-c166-4f81-816f-2e0ef959a56e",70,"095","Solano",529920,0.846820274758454,70,0.0132095410628019,0.339017355863288,-4.32681590270153
"170","50567f4a-c56d-4d73-9855-f5d81fa74025",130,"043","Mariposa",928640,0.0183278773259821,130,0.0139989662301861,0.343972712735419,-4.26877179279423
"171","8ede9823-938e-4786-97b8-a0f42b852cb2",3895,"029","Kern",5210880,0.17580677352002,3895,0.0747474514861213,0.522876468725963,-2.5936401611237
"172","724209e0-12b0-4d49-b798-8ccacf95e668",225,"103","Tehama",1888640,0.034546022534734,225,0.0119133344628939,0.330375880543598,-4.43009696310415
"173","2b382ade-87e2-4cff-92f7-67328139d7eb",120,"009","Calaveras",652800,0.071328125,120,0.0183823529411765,0.3682139814519,-3.9963641538619
"174","06ae83a9-125e-4cf5-826e-8b541b2308fd",85,"009","Calaveras",652800,0.071328125,85,0.0130208333333333,0.337800038701759,-4.34120464015363
"175","2437bb57-1d09-4892-8c26-a60661dae1d9",4300,"055","Napa",482560,0.278307360742706,1611.43141153082,0.333933896620278,0.760177701723351,-1.0968122199036
"176","2437bb57-1d09-4892-8c26-a60661dae1d9",4300,"033","Lake",805120,0.0846966911764706,2688.56858846919,0.333933896620278,0.760177701723352,-1.0968122199036
"177","da607cd1-32fc-44c0-bd7a-ba14ad0a14cc",30,"017","El Dorado",1095680,0.175823233060748,30,0.00273802570093458,0.228749092659255,-5.90051816540516
"178","3a1fab73-882a-478c-b289-504497db4d64",12661,"089","Shasta",2423040,0.0746706616481775,12661,0.522525422609614,0.850211267693464,-0.649081640614641
"179","756d8f5b-bc05-4741-a5a3-3b20ca21906d",6488,"113","Yolo",647680,0.342939414525692,6488,1.00172924901186,1.00043203219459,0.00172775558221179
"180","00089805-cdee-4607-8b67-1653bee463bc",1469,"049","Modoc",2524160,0.00337181478194726,1469,0.0581975786004057,0.491163662206374,-2.84391152991427
"181","8f48a8a9-facf-49e8-92dc-ea1147e53792",1651,"049","Modoc",2524160,0.00337181478194726,1651,0.0654078980730223,0.505716994513167,-2.72711226216802
"182","62c2a563-1768-4c94-ac71-694a553cfdf8",15,"105","Trinity",2034560,0.00775646822900283,15,0.000737260144699591,0.164780262091225,-7.21256975017422
"183","d2623c2c-ff3d-419e-a129-b3aa542c05c4",217,"073","San Diego",2690560,1.21766769743102,217,0.00806523549000951,0.299677587010586,-4.82019236882201
"184","dc1a83b0-500c-440f-85d7-7090884f5487",80,"013","Contra Costa",460800,2.51077690972222,80,0.0173611111111111,0.362989764557739,-4.05352256770185
"185","0bc42201-27c2-4b3d-a329-ce44bc1261d9",75,"089","Shasta",2423040,0.0746706616481775,75,0.0030952852614897,0.235871337631221,-5.77787520859858
"186","1df51ee3-c15a-4266-bf3d-d52272189cff",47,"079","San Luis Obispo",2114560,0.13336722533293,47,0.00222268462469734,0.217129814495573,-6.10903952329644
"187","61506ea2-3f16-4aa6-ba54-d7788c3a2b35",38,"057","Nevada",613120,0.166840096555324,38,0.00619780793319416,0.280581820279593,-5.0835596086101
"188","dcbc7afb-cdef-49a3-822e-20bbaa86a5d0",143,"089","Shasta",2423040,0.0746706616481775,143,0.00590167723190703,0.277168494877477,-5.13251869187499
"189","45abd556-f41f-4507-91a5-1cf2f751bb4c",1680,"029","Kern",5210880,0.17580677352002,1680,0.0322402358142962,0.423740087980375,-3.43454004703125
"190","9c21bb74-e919-403c-8a43-05f561669e4e",72,"007","Butte",1049600,0.197506669207317,72,0.00685975609756098,0.287790973722483,-4.98208339216781
"191","4d07ccc3-32be-4a1d-acac-18333884c97d",4240,"005","Amador",387840,0.10677599009901,1108.47282139776,0.285806729939603,0.731169577106344,-1.25243946603932
"192","4d07ccc3-32be-4a1d-acac-18333884c97d",4240,"017","El Dorado",1095680,0.175823233060748,3131.52717860224,0.285806729939603,0.731169577106344,-1.25243946603932
"193","045a1a18-72e4-4579-b64c-f34b33a1031b",39736,"089","Shasta",2423040,0.0746706616481775,39736,1.6399234020074,1.1316337484565,0.494649534652292
"194","e3b7143d-6faa-4962-9fe5-c2d1559c5d20",13153,"049","Modoc",2524160,0.00337181478194726,13153,0.52108424188641,0.849624417081401,-0.651843557619374
"195","3b2609f0-b3a2-493c-bf66-c5b5f64409f8",35302,"093","Siskiyou",4023680,0.0108507634801972,35302,0.877356052171147,0.967818610557559,-0.130842380208463
"196","60ea04ec-5f5e-4a49-8fbc-fa50c17a1199",32416,"089","Shasta",2423040,0.0746706616481775,32416,1.337823560486,1.07547349086789,0.291044084913516
"197","9d3fb01e-c29e-436a-82f8-c110a0b35179",6258,"089","Shasta",2423040,0.0746706616481775,6258,0.2582706022187,0.712883796952392,-1.35374739790607
"198","59a31adf-4f31-4bf6-a6c6-fe62d2d2587f",5503,"093","Siskiyou",4023680,0.0108507634801972,5503,0.136765349133132,0.608126627113368,-1.98948860168893
"199","952443ab-3af0-431d-9040-c73a45925401",25,"089","Shasta",2423040,0.0746706616481775,25,0.0010317617538299,0.179223459554577,-6.87648749726669
"200","a2da7754-e907-48f2-a023-0a3053cf2903",10,"039","Madera",1368320,0.11711880261927,10,0.000730823199251637,0.164419408421029,-7.22133898895657
"201","58e7e466-8807-404e-9ef6-5a6ae11a0084",612,"039","Madera",1368320,0.11711880261927,612,0.0447263797942002,0.459876202895519,-3.10719179943829
"202","91669a3c-d533-4eaa-a8d7-505d55f89e46",101,"049","Modoc",2524160,0.00337181478194726,101,0.00400133113590264,0.251507606010861,-5.52112818924689
"203","64812487-ac4c-40da-b069-2884d7a04675",20,"073","San Diego",2690560,1.21766769743102,20,0.000743339676498573,0.165118915906023,-7.20435744880848
"204","accb599e-35b8-4d5e-8d13-d0e4b0e4a1eb",190,"037","Los Angeles",2598400,3.74120150862069,190,0.0073121921182266,0.292423249182238,-4.91821217080092
"205","d805c9b9-da39-4771-965f-b3cd4c37c84b",274,"037","Los Angeles",2598400,3.74120150862069,274,0.0105449507389163,0.320450636699074,-4.55210813657333
"206","605ac5e1-9903-45ba-872d-3d9c437457d7",84,"057","Nevada",613120,0.166840096555324,84,0.0137004175365344,0.342123928893149,-4.29032896949317
"207","4b281a55-65b6-43e8-bab2-3689356d82e5",4045,"029","Kern",5210880,0.17580677352002,4045,0.0776260439695407,0.52783947164186,-2.55585228993596
"208","3b954901-aa80-4894-b330-c287d47b68be",461,"105","Trinity",2034560,0.00775646822900283,461,0.0226584617804341,0.38797845196647,-3.78722190827978
"209","b22e378f-bfbc-40b8-aaa7-29ec6db13db1",1375,"089","Shasta",2423040,0.0746706616481775,1375,0.0567468964606445,0.488073837604266,-2.86915431203422
"210","726710bb-32d4-46bf-9729-7f3396defcf0",70,"109","Tuolumne",1431040,0.0381058530858676,70,0.00489154740608229,0.26446095793024,-5.32024658259126
"211","d4523b72-45cf-4de2-8ccf-3905f1dc8dbd",210,"023","Humboldt",2286720,0.0590408970053177,210,0.00918345927791772,0.309564802910804,-4.69035131767157
"212","7e564dd5-1d4e-4999-8aea-93691ad314ac",27,"055","Napa",482560,0.278307360742706,27,0.00559515915119363,0.273497342694509,-5.18585349236925
"213","ba17d495-8ce6-4a0f-a3ba-487bd877969e",311,"043","Mariposa",928640,0.0183278773259821,311,0.0334898345968298,0.427787657962452,-3.39651333107058
"214","3df6ecf7-f095-483d-b1c4-2dc969d61261",97717,"017","El Dorado",1095680,0.175823233060748,97717,8.91838858060748,1.72811085317725,2.18811527787404
"215","b3062936-6b2f-4177-b3f6-0fc288049339",200,"093","Siskiyou",4023680,0.0108507634801972,200,0.00497057420073167,0.265522690665931,-5.30421991220065
"216","568ea489-caa1-43c3-928a-9d0b836c0c54",968,"059","Orange",606720,5.19380274261603,968,0.15954641350211,0.632006815208279,-1.83542040534407
"217","a794ecf9-2e8d-4721-a272-a3e66d2e7621",247,"057","Nevada",613120,0.166840096555324,247,0.040285751565762,0.448010164626041,-3.21175743170851
"218","614efdbb-937e-47a0-9ffd-919e5e0de436",320,"039","Madera",1368320,0.11711880261927,320,0.0233863423760524,0.391057460677653,-3.75560308615684
"219","ad164a35-8b27-4f96-b78e-952b08a333e8",516,"093","Siskiyou",4023680,0.0108507634801972,516,0.0128240814378877,0.336516657694151,-4.35643051326712
"220","f5552e75-f74c-4bc0-99b8-6c66ee8cde3d",48,"071","San Bernardino",12839680,0.170849740803509,48,0.0003738410926129,0.139050245295105,-7.89167973690117
"221","7e60b4f7-8497-4155-9879-a3198b2ce696",94,"017","El Dorado",1095680,0.175823233060748,94,0.00857914719626168,0.304341397012321,-4.75842076479731
"222","0b2d503c-7bd5-45e7-b029-61306ae6e7c0",20,"017","El Dorado",1095680,0.175823233060748,20,0.00182535046728972,0.206698138450837,-6.30598327351332
"223","45a0a39f-b4b0-409c-9057-0942c567b7c3",80,"073","San Diego",2690560,1.21766769743102,80,0.00297335870599429,0.23351341027864,-5.81806308768859
"224","84cb525c-7a90-4d31-8d55-d9729c05b286",137,"063","Plumas",1634560,0.011838659945184,137,0.00838146045418951,0.302572828449703,-4.78173310112999
"225","8e3c0b14-01e5-4c41-8641-ff987ac10ad9",1049,"065","Riverside",4613120,0.536275232380688,1049,0.0227394908435072,0.388324850803152,-3.7836521812575
"226","316804d6-471a-4c73-8b05-89b8abc8eeac",692,"047","Merced",1234560,0.234912843442198,692,0.0560523587350959,0.486573523217959,-2.88146904765369
"227","ccd896f2-f071-4d26-ba9b-f413de4d6b77",20,"023","Humboldt",2286720,0.0590408970053177,20,0.000874615169325497,0.171970617765031,-7.04172657483505
"228","2aae391b-7b00-47d9-ba73-d71ad706bdad",1542,"105","Trinity",2034560,0.00775646822900283,1542,0.075790342875118,0.524690822553182,-2.57978439715315
"229","17b99f78-78b8-4bd1-90fc-5d9c3cb61b95",67,"029","Kern",5210880,0.17580677352002,67,0.00128577130926062,0.189361171908548,-6.65639650003758
"230","e3272697-2587-45ac-b525-76b85fabaa90",38,"055","Napa",482560,0.278307360742706,38,0.00787466843501326,0.297891471126261,-4.8441041986472
"231","e2077d05-1f06-4939-8857-9f630a4b722e",60,"005","Amador",387840,0.10677599009901,60,0.015470297029703,0.352674990290279,-4.16883341421284
"232","7934d7bb-15e1-4217-8fa1-552e4f3d8091",55,"103","Tehama",1888640,0.034546022534734,55,0.00291214842426296,0.232302228740273,-5.83886418007609
"233","fc2ea6bf-e925-49f9-8390-9997c01b612d",171,"073","San Diego",2690560,1.21766769743102,171,0.0063555542340628,0.28235036745006,-5.05842616585981
"234","17616590-ce26-4c73-bf81-70d338d027ce",31359,"071","San Bernardino",12839680,0.170849740803509,31359,0.244235058817665,0.702994619799485,-1.40962416160824
"235","b5fa450f-9b84-4d90-9956-bda9dfe32f28",158,"115","Yuba",403200,0.209102182539683,158,0.0391865079365079,0.444922266462622,-3.23942277672424
"236","fa8ba2dd-c9f7-454a-870b-1b39c0d8b31a",920,"039","Madera",1368320,0.11711880261927,920,0.0672357343311506,0.509213651489757,-2.69955041190753
"237","0f537c6f-8a74-48f4-9fbf-ad00942ffba0",135,"039","Madera",1368320,0.11711880261927,135,0.0098661131898971,0.315163941644605,-4.61864930351219
"238","1ca8b1e7-5590-448b-86ba-6dfa4937baa6",60,"035","Lassen",2917120,0.0102512066695919,60,0.00205682316805617,0.212960588802854,-6.18659263794915
"239","e61d1b0b-4f19-460a-a6ac-e83a6e0a05a9",415,"037","Los Angeles",2598400,3.74120150862069,415,0.0159713669950739,0.355496657980176,-4.13695772273071
"240","ff28ce24-a13b-4903-85de-faec825de35b",100,"071","San Bernardino",12839680,0.170849740803509,100,0.000778835609610208,0.167055758266658,-7.15771056182097
"241","7c98e8db-6a6a-4f66-bfe7-7d24e926c986",19,"055","Napa",482560,0.278307360742706,19,0.00393733421750663,0.250495870204728,-5.53725137920714
"242","56dc8f9c-98e5-4aad-b3e9-bbee503b29e9",35,"045","Mendocino",2245760,0.0399788935594186,35,0.00155849244799088,0.198690075840441,-6.46403630445943
"243","8d5b00c1-0ec0-43bb-a03e-822d5fe2af52",170,"103","Tehama",1888640,0.034546022534734,170,0.00900118603863097,0.308017175773638,-4.7103989282583
"244","58dda3b8-3643-4f73-bee0-0a4cae0cb079",23,"045","Mendocino",2245760,0.0399788935594186,23,0.00102415218010829,0.178892084022337,-6.88389015001969
"245","28b81794-bb66-466e-b9dc-337c47be5678",150,"095","Solano",529920,0.846820274758454,150,0.0283061594202899,0.410175991975611,-3.56467585065463
"246","dff0f39c-bed4-4910-9c22-d9ccd4142809",40,"095","Solano",529920,0.846820274758454,40,0.00754830917874396,0.294755841090748,-4.88643169063695
"247","64fa2a72-b964-421d-b88f-5ac2e37647d4",18,"089","Shasta",2423040,0.0746706616481775,18,0.000742868462757528,0.165092741867647,-7.20499156423873
"248","c8fb2c4c-2275-4ad1-aef3-859e332a1a47",54,"071","San Bernardino",12839680,0.170849740803509,54,0.000420571229189512,0.143205563305542,-7.77389670124478
"249","598a3d54-ce60-466e-b44f-0e7c8f9e4ff5",95,"079","San Luis Obispo",2114560,0.13336722533293,95,0.00449266041162228,0.258896332415738,-5.40531023340595
"250","48284911-67cd-4394-8aad-053d3b2cf5db",21,"065","Riverside",4613120,0.536275232380688,21,0.000455223362930078,0.146068354112499,-7.69472235193038
"251","ca7da36b-1951-4d52-92b2-1a0b04aab586",214,"059","Orange",606720,5.19380274261603,214,0.0352716244725738,0.433367526762727,-3.3446764775988
"252","8b35629f-50f4-4b32-b286-ce48cb1200e7",181,"093","Siskiyou",4023680,0.0108507634801972,181,0.00449836965166216,0.258978544140441,-5.40404024748286
"253","98b0706c-ac34-4d9a-9ceb-55996099daed",25,"073","San Diego",2690560,1.21766769743102,25,0.000929174595623216,0.174591996729487,-6.98121389749427
"254","3d81d2e5-d6e5-4368-864b-a9e29e7e5022",4250,"071","San Bernardino",12839680,0.170849740803509,4250,0.0331005134084339,0.426538937208685,-3.40820648589059
"255","0c9948a7-98ad-4b42-888e-a7c2a4f536fa",200,"037","Los Angeles",2598400,3.74120150862069,200,0.00769704433497537,0.296197232925883,-4.86691887641337
"256","296fc88f-e646-4c89-9b46-3ac0f88ff910",25,"069","San Benito",888960,0.0760202933765299,25,0.00281227501799856,0.230284362030769,-5.87376150825177
"257","9e2f6af4-ea45-4163-b6a1-e1fe9571fda3",430,"107","Tulare",3087360,0.154677135157546,430,0.0139277570480929,0.343534450414466,-4.27387152008504
"258","098eb80f-1ecb-489d-baef-1440fa0e98d6",24,"093","Siskiyou",4023680,0.0108507634801972,24,0.0005964689040878,0.156277678742747,-7.42448344840074
"259","c2279826-dc2f-4eb5-9d3b-3d03eb0b139f",8051,"055","Napa",482560,0.278307360742706,8051,1.66839356763926,1.1365135729268,0.511861227926399
"260","3135c367-1274-4cc4-9152-661f6fd7707e",65,"055","Napa",482560,0.278307360742706,65,0.0134698275862069,0.340675191877333,-4.30730308847795
"261","ee7ec0f0-4f5d-4fe1-b2fa-bc15f91519b3",26,"061","Placer",900480,0.463943674484719,26,0.00288734896943852,0.231806078040692,-5.84741650945853
"262","74635a69-f34f-4c6e-9e09-1a32d732bb42",75,"017","El Dorado",1095680,0.175823233060748,75,0.00684506425233645,0.287636756119387,-4.984227433531
"263","0da79ccb-9701-4c27-8831-f10593fb8a90",116,"049","Modoc",2524160,0.00337181478194726,116,0.00459558823529412,0.260366603212336,-5.38265851498179
"264","12f68592-30e3-461c-b489-bc99ba52a38a",77,"049","Modoc",2524160,0.00337181478194726,77,0.00305051977687627,0.235013852196396,-5.79244328423447
"265","d7757da4-f9e1-451f-8316-26065888dfc2",167,"073","San Diego",2690560,1.21766769743102,167,0.00620688629876308,0.280684510875857,-5.08209590994571
"266","a80b8ab7-eba5-4ef7-9992-0cf828138f1b",25,"073","San Diego",2690560,1.21766769743102,25,0.000929174595623216,0.174591996729487,-6.98121389749427
"267","d6b4bed4-f3d6-488a-a2fb-54c7cbfbd8b3",2304,"057","Nevada",613120,0.166840096555324,2304,0.375782881002088,0.78295039567211,-0.978743746520705
"268","8be9d271-ed9c-4bc9-9c22-4eff8956ab7b",158,"023","Humboldt",2286720,0.0590408970053177,158,0.00690945983767142,0.288310875024465,-4.97486381536207
"269","8650f48d-5ea2-4dfc-96d2-f0d3f300b1e4",5702,"039","Madera",1368320,0.11711880261927,5702,0.416715388213283,0.803451904479951,-0.875351812477999
"270","fe668595-0980-4f41-af0c-3f14c4d391c2",114,"009","Calaveras",652800,0.071328125,114,0.0174632352941176,0.363522399540566,-4.04765744824945
"271","57397ed5-93a3-4e60-9142-9a3e38164ee9",40,"099","Stanislaus",956800,0.576165342809365,40,0.00418060200668896,0.254278538248874,-5.47730002207648
"272","0a645cbe-2d5a-4e2b-80c9-cb9167641cca",16,"023","Humboldt",2286720,0.0590408970053177,16,0.000699692135460397,0.162639768746371,-7.26487012614925
"273","c316e4c3-4455-4a12-8ecc-af75339adf8f",6980,"107","Tulare",3087360,0.154677135157546,6980,0.226083126036484,0.689552023699642,-1.48685253301623
"274","7428460d-f47d-45c0-8a86-3fb653829860",400,"007","Butte",1049600,0.197506669207317,400,0.038109756097561,0.44183390811566,-3.26728496407589
"275","23e85238-2966-452c-8f21-fa93a51e889b",69636,"033","Lake",805120,0.0846966911764706,69636,8.64914546899841,1.71491776938543,2.1574605263526
"276","259d9359-0cc2-4058-bfc2-f28ab2a540f4",75,"089","Shasta",2423040,0.0746706616481775,75,0.0030952852614897,0.235871337631221,-5.77787520859858
"277","efe937e3-8b63-4495-b578-e2582fb2166d",212,"089","Shasta",2423040,0.0746706616481775,212,0.00874933967247755,0.305839672056587,-4.73877704746288
"278","55a1ec97-90fb-48df-8414-203b91adcd76",204,"109","Tuolumne",1431040,0.0381058530858676,204,0.014255366726297,0.345537032009495,-4.2506218307964
"279","72c7a5c9-82c2-44c4-8bf2-241fb36e1ee7",112,"109","Tuolumne",1431040,0.0381058530858676,112,0.00782647584973166,0.297434651087201,-4.85024295334552
"280","652938d9-2f23-41d8-a49c-30b218594762",195,"013","Contra Costa",460800,2.51077690972222,195,0.0423177083333333,0.453555601816216,-3.16254964381198
"281","8232dfd5-eda3-4766-83ec-83365cf21d93",90,"089","Shasta",2423040,0.0746706616481775,90,0.00371434231378764,0.246871230340255,-5.59555365180463
"282","2a6270c5-859f-4ffa-91c2-ecbee5ebdd7b",86,"107","Tulare",3087360,0.154677135157546,86,0.00278555140961857,0.229735333140078,-5.88330943251914
"283","9f031bfa-47bc-4fee-aca1-988462d6ab53",50,"045","Mendocino",2245760,0.0399788935594186,50,0.00222641778284412,0.21722092840028,-6.1073613605207
"284","592f14da-405c-4e6d-a83b-8937322524ad",500,"065","Riverside",4613120,0.536275232380688,500,0.0108386514983352,0.322659021998448,-4.52463669123161
"285","a063b897-28aa-43e5-b608-1b79f770050c",4863,"049","Modoc",2524160,0.00337181478194726,4863,0.192658151622718,0.66251672648159,-1.64683789568437
"286","dfd02b2e-7e2d-4636-a178-0ebff2d170c8",75,"089","Shasta",2423040,0.0746706616481775,75,0.0030952852614897,0.235871337631221,-5.77787520859858
"287","f136ba8d-f6bb-4bad-9815-1d56f9dc8650",52,"083","Santa Barbara",1752320,0.253285358838568,52,0.00296749452154858,0.233398188758034,-5.82003727763259
"288","139766ba-33ac-442e-9a6b-b78d270c110a",30,"115","Yuba",403200,0.209102182539683,30,0.00744047619047619,0.293697454734961,-4.90082042808905
"289","6c5fcfc7-659a-44ee-b225-c4ae919882e7",59,"089","Shasta",2423040,0.0746706616481775,59,0.00243495773903856,0.222137999790664,-6.01782587822917
"290","293c6467-7b2e-43a3-94c1-41cec4339b67",10570,"035","Lassen",2917120,0.0102512066695919,10570,0.362343681439228,0.775854302973713,-1.01516212130697
"291","3cc1aa4c-b87d-4b4d-99b1-83dc56291b33",55,"073","San Diego",2690560,1.21766769743102,55,0.00204418411037108,0.212632674621768,-6.19275653713
"292","ffbc1cb8-be33-4483-8442-85ab2587dce4",110,"103","Tehama",1888640,0.034546022534734,110,0.00582429684852592,0.276255463248923,-5.14571699951615
"293","94a7ae52-fed9-4997-b972-1761aa4b89ca",25118,"033","Lake",805120,0.0846966911764706,15704.9920477137,1.95063991053678,1.18180079129663,0.668157477992816
"294","94a7ae52-fed9-4997-b972-1761aa4b89ca",25118,"055","Napa",482560,0.278307360742706,9413.00795228628,1.95063991053678,1.18180079129663,0.668157477992816
"295","fde8f46b-0225-4489-be2d-68453a524190",2446,"079","San Luis Obispo",2114560,0.13336722533293,2446,0.115674182808717,0.583188712913488,-2.15697780875938
"296","cbaa4a28-c732-4c11-9d44-7da6c3bd8e42",146,"023","Humboldt",2286720,0.0590408970053177,146,0.00638469073607613,0.282673415467086,-5.0538522266807
"297","8fc920eb-ca45-4d77-9a92-1326eca602d6",2850,"001","Alameda",472320,3.44892657520325,2850,0.603404471544715,0.881357553810288,-0.505167541703403
"298","909d6135-070c-4e3b-ba22-23877fb603c3",22,"033","Lake",805120,0.0846966911764706,22,0.00273251192368839,0.228633843089762,-5.9025339742677
"299","02d470c1-bf41-4ff9-9424-f680cef5bbbc",215,"033","Lake",805120,0.0846966911764706,215,0.026704093799682,0.404244817811114,-3.62293839949835
"300","d0875efe-54fb-4cc2-b647-4f4d210df118",55,"071","San Bernardino",12839680,0.170849740803509,55,0.000428359585285615,0.143863997047205,-7.75554756257659
"301","da522578-443a-4c52-a9bb-d72bbb84dcdb",128,"105","Trinity",2034560,0.00775646822900283,128,0.00629128656810318,0.281633859608586,-5.06858968735681
"302","0eed7005-6ace-4eb2-8919-eb131c246f84",673,"033","Lake",805120,0.0846966911764706,673,0.0835900238473768,0.537698236707787,-2.48183109798128
"303","3435fd06-f77e-42c3-8fa5-261cf0cb828c",72,"007","Butte",1049600,0.197506669207317,72,0.00685975609756098,0.287790973722483,-4.98208339216781
"304","bb500714-470e-4529-a15a-11d96e85cc68",30,"035","Lassen",2917120,0.0102512066695919,30,0.00102841158402808,0.17907779571464,-6.8797398185091
"305","40f44488-051f-4412-a577-c932f2ce751d",108,"109","Tuolumne",1431040,0.0381058530858676,108,0.00754695885509839,0.294742657923638,-4.8866105975164
"306","5046e2ed-e2c3-4932-8f89-64dcdf19022d",35,"105","Trinity",2034560,0.00775646822900283,35,0.00172027367096571,0.203657020433607,-6.36527188978702
"307","75c14933-9916-4dfe-ac66-7d98706a5172",40,"035","Lassen",2917120,0.0102512066695919,40,0.00137121544537078,0.192431614732191,-6.59205774605732
"308","9a3df964-7794-411c-9043-967476fe77e6",170,"019","Fresno",3816320,0.26601280815026,170,0.00445455307731008,0.258345579317792,-5.41382854243847
"309","13466833-32d1-418b-b145-f7ce1f7bf66e",70868,"007","Butte",1049600,0.197506669207317,70868,6.75190548780488,1.61196864013412,1.90982475953646
"310","f7067bff-efb4-4ca6-a627-6145836857ec",1040,"007","Butte",1049600,0.197506669207317,1040,0.0990853658536585,0.56105104978677,-2.31177351904845
"311","dbd39ec2-546c-4afc-9ff2-b1939eead03e",109,"089","Shasta",2423040,0.0746706616481775,109,0.00449848124669836,0.258980150302973,-5.40401543990575
"312","897d01d8-dd38-43e2-bcd6-fa62aac03318",104,"007","Butte",1049600,0.197506669207317,104,0.00990853658536585,0.315502190836529,-4.6143586120425
"313","8c788c0a-d1fc-46d7-a17c-23f786831f7d",151623,"019","Fresno",3816320,0.26601280815026,151623,3.97301588965286,1.41182242390928,1.37952547623369
"314","7106ba43-100b-41f9-acbf-9fb9e9ab9ef7",30,"047","Merced",1234560,0.234912843442198,30,0.00243001555209953,0.222025196588853,-6.0198576216092
"315","3f31752f-4f51-4705-9fe4-50beec88a0e8",50,"111","Ventura",1181440,0.704737439057421,50,0.00423212351029252,0.255058372054983,-5.46505140000028
"316","8e71e23c-6161-480e-b8ca-f03147475e4d",690,"069","San Benito",888960,0.0760202933765299,690,0.0776187904967603,0.527827140717824,-2.55594573552866
"317","fbd3c0a8-7191-473c-bb05-43616711b6c5",21,"083","Santa Barbara",1752320,0.253285358838568,21,0.00119841124908692,0.18605933707295,-6.7267585584906
"318","c27d03c6-361e-44b3-8335-a1fe06f88fd7",30,"057","Nevada",613120,0.166840096555324,30,0.00489300626304802,0.264480673959596,-5.31994838667433
"319","1f54817c-8832-4a47-8ede-ab8072f52677",1086,"053","Monterey",2126080,0.203594408488862,1086,0.0510799217338952,0.475403698172281,-2.97436378004499
"320","9569dcd6-c94f-4849-a90a-db58bfc77bee",95,"053","Monterey",2126080,0.203594408488862,95,0.00446831727874774,0.258544915122674,-5.41074338893833
"321","ffec404e-dea9-4175-8c50-8f2b0ca3efdd",85,"109","Tuolumne",1431040,0.0381058530858676,85,0.00593973613595707,0.277614271314216,-5.1260905681503
"322","55fa95e6-f09e-42c4-889b-a4b5b63dccf2",3876,"053","Monterey",2126080,0.203594408488862,3876,0.182307344972908,0.653432966778126,-1.70206130752821
"323","ace1f464-7a70-4dcc-b8c5-d64fb1021d0e",156,"037","Los Angeles",2598400,3.74120150862069,156,0.00600369458128079,0.278358602657886,-5.11538023571187
"324","09ab0430-7679-494c-96d4-d7d938351cf4",278,"019","Fresno",3816320,0.26601280815026,278,0.00728450444407178,0.292146039504768,-4.92200586579809
"325","648cfdd4-f3f5-4faf-8ab1-a6f2cb5d9a6c",120,"099","Stanislaus",956800,0.576165342809365,120,0.0125418060200669,0.334649376240889,-4.37868773340837
"326","5080eb51-53e5-4338-95ec-618efe2bd7d1",91,"007","Butte",1049600,0.197506669207317,91,0.00866996951219512,0.305143689204669,-4.74789000466702
"327","6227f4ad-3e40-4f3b-b210-3e55483e1e84",30,"007","Butte",1049600,0.197506669207317,30,0.00285823170731707,0.231219447004396,-5.85755212952171
"328","1d76ca50-aa10-4f90-bd99-a80bcf2eacce",150,"079","San Luis Obispo",2114560,0.13336722533293,150,0.00709367433414044,0.290213634149732,-4.94855183091024
"329","afaa2efe-d946-4ff9-93c2-459aad31b908",25,"053","Monterey",2126080,0.203594408488862,25,0.00117587296809151,0.185178303767222,-6.74574445567067
"330","f1769b9d-c522-4a0d-92a7-f9c8321b9f1d",132,"019","Fresno",3816320,0.26601280815026,132,0.0034588294482643,0.242511471583236,-5.66682505690236
"331","e0de216a-9544-43ad-9b9f-bc05247f0550",169,"061","Placer",900480,0.463943674484719,169,0.0187677683013504,0.370129037871527,-3.97561433255694
"332","c88af25d-aff4-4b20-9c58-0b819c8ae99a",70,"073","San Diego",2690560,1.21766769743102,70,0.002601688867745,0.22584674706144,-5.95159448031311
"333","5f422963-a30c-4cda-9427-7a0e028b6039",112,"007","Butte",1049600,0.197506669207317,112,0.0106707317073171,0.321401981664188,-4.54025063988878
"334","42fbaa73-e3c8-44ac-bf83-a576be6a804f",86,"079","San Luis Obispo",2114560,0.13336722533293,86,0.00406703995157385,0.252533855721835,-5.50483982875299
"335","2225d427-97d7-4d71-a83a-814f38a1c947",33,"009","Calaveras",652800,0.071328125,33,0.00505514705882353,0.266645002530171,-5.28734833517746
"336","b1b2a50c-c131-4be2-9398-8adee38c1c19",43,"103","Tehama",1888640,0.034546022534734,43,0.00227677058624195,0.218438818088674,-6.084997249615
"337","d570e949-a098-4af0-84a4-d70c4a0e89c9",88,"061","Placer",900480,0.463943674484719,88,0.009772565742715,0.314414198680139,-4.62817623300181
"338","f2b5faf1-9ff0-48b7-8151-25880262bec1",25,"017","El Dorado",1095680,0.175823233060748,25,0.00228168808411215,0.218556671804574,-6.08283972219911
"339","a757d4f9-2aa1-44c8-b986-ac00ca2fafdd",30,"069","San Benito",888960,0.0760202933765299,30,0.00337473002159827,0.241023705353896,-5.69143995145781
"340","c5d590f0-97fe-4ac3-987d-ebceed6dbfc2",32,"067","Sacramento",618240,2.56238515786749,32,0.005175983436853,0.26822436109276,-5.26372592177842
"341","403e6185-c0e1-4b8f-a290-b50553a47b67",139,"065","Riverside",4613120,0.536275232380688,139,0.00301314511653718,0.23429067957619,-5.80477085652311
"342","b8cf80c7-b617-4fe4-91b0-43b40d38c7f6",2520,"053","Monterey",2126080,0.203594408488862,2520,0.118527995183624,0.586752886372727,-2.1326061000334
"343","20e4887c-b772-460d-98be-d60f39171aeb",24,"089","Shasta",2423040,0.0746706616481775,24,0.000990491283676704,0.177403696373279,-6.91730949178695
"344","fef2ab8a-20d7-4dc3-b5c9-363aa1debef3",210,"005","Amador",387840,0.10677599009901,210,0.0541460396039604,0.482382644592443,-2.91607044571747
"345","33099cdd-ccfc-454e-b5a3-770a69a30bd3",7609,"073","San Diego",2690560,1.21766769743102,7609,0.282803579923882,0.72924124809561,-1.26300268618595
"346","ae6a40fa-c0f3-460b-8e19-fbf4b5803bb8",70,"053","Monterey",2126080,0.203594408488862,70,0.00329244431065623,0.239540862786403,-5.71612503848951
"347","10a8344d-e2c6-4585-8094-bbb30e48db8c",80,"103","Tehama",1888640,0.034546022534734,80,0.0042358522534734,0.25511453376092,-5.46417073063468
"348","bae93037-2a91-4189-b256-3325cd2b6979",61,"029","Kern",5210880,0.17580677352002,61,0.00117062760992385,0.184971445620533,-6.75021525525524
"349","fb7d6492-444e-420c-9111-0f8999d3af04",83,"069","San Benito",888960,0.0760202933765299,83,0.00933675305975522,0.310848637527525,-4.67379672532337
"350","103e1cb6-0a02-4ca8-8739-4cf77b5d1c98",2860,"093","Siskiyou",4023680,0.0108507634801972,2860,0.0710792110704629,0.51633985647154,-2.64396037493479
"351","ffb3293b-3349-49c5-a7cb-c488391e8a72",7474,"083","Santa Barbara",1752320,0.253285358838568,7474,0.42652027027027,0.80813686571688,-0.852095386168591
"352","eb0fe9ad-f9f5-4bde-ad34-527ffd647669",277,"113","Yolo",647680,0.342939414525692,277,0.0427680335968379,0.454757447991726,-3.1519643340257
"353","6b542aff-fa1b-46fc-b3da-26c1afdbc446",49,"007","Butte",1049600,0.197506669207317,49,0.00466844512195122,0.261392465129095,-5.36692921307324
"354","91816ff6-d4ec-4f31-8d40-bf2538aca09b",48019,"029","Kern",5210880,0.17580677352002,48019,0.921514216408745,0.979773096184255,-0.0817370745265355
"355","61556003-7789-4b9e-8f16-5563624b4621",52,"053","Monterey",2126080,0.203594408488862,52,0.00244581577363034,0.222385227818894,-6.01337656195744
"356","ec90eb29-e776-43da-a814-0c41463ae3c9",1246,"047","Merced",1234560,0.234912843442198,1246,0.100926645930534,0.56363955087731,-2.29336130392396
"357","c27c5212-1891-4105-86ee-9f97016ef159",47,"059","Orange",606720,5.19380274261603,47,0.00774657172995781,0.29667256511024,-4.86050489091059
"358","3822b8a2-1a89-40e8-b239-840cfcda7a1c",211,"001","Alameda",472320,3.44892657520325,211,0.0446731029810298,0.45973919376081,-3.10838368149003
"359","1bc85249-0d96-42d7-a23f-db99bdce17a4",650,"051","Mono",1948160,0.00666167049934297,650,0.0333648160315375,0.427387861791277,-3.40025334645752
"360","489cea9f-b3cb-4615-b412-5ac5724c3976",215,"033","Lake",805120,0.0846966911764706,215,0.026704093799682,0.404244817811114,-3.62293839949835
"361","b604ffa7-8cee-4724-bb82-f1f4553a192f",5645,"017","El Dorado",1095680,0.175823233060748,3098.50593138827,0.282792962487977,0.729234403432237,-1.26304023038967
"362","b604ffa7-8cee-4724-bb82-f1f4553a192f",5645,"061","Placer",900480,0.463943674484719,2546.49406861173,0.282792962487977,0.729234403432237,-1.26304023038967
"363","5689b708-61e8-4451-8ad6-68d9684704c6",372,"005","Amador",387840,0.10677599009901,372,0.0959158415841584,0.55650950383572,-2.34428412216179
"364","4cfb8712-1b45-4a2e-b0c9-6ed6ddde5657",188,"019","Fresno",3816320,0.26601280815026,188,0.00492621163843703,0.264928247406055,-5.31318501665878
"365","79b446a4-d809-4aa2-9f30-091a05ed697d",1100,"037","Los Angeles",2598400,3.74120150862069,1100,0.0423337438423645,0.453598562328354,-3.16217078417494
"366","2a04ab08-1412-4a3d-b6b2-7e5fc48f99e5",95,"069","San Benito",888960,0.0760202933765299,95,0.0106866450683945,0.321521742148408,-4.53876044151943
"367","fe112320-013f-434e-b66c-101234292711",554,"029","Kern",5210880,0.17580677352002,554,0.0106316015720953,0.321106926110618,-4.54392443268127
"368","67c0a269-05bb-4b4f-af22-68a1c5ac3adf",303,"089","Shasta",2423040,0.0746706616481775,303,0.0125049524564184,0.334403266640881,-4.38163051662552
"369","69eaa890-889e-4be9-810d-3dcee8d55981",464,"103","Tehama",1888640,0.034546022534734,464,0.0245679430701457,0.39590610545831,-3.70631281308231
"370","140def53-175c-4f5d-b8e3-de0643781ff7",1785,"029","Kern",5210880,0.17580677352002,1785,0.0342552505526898,0.430211273902155,-3.37391542521481
"371","8653f541-d3ca-44b4-9edd-5a4a57349f2f",2304,"111","Ventura",1181440,0.704737439057421,2304,0.19501625135428,0.664534757532099,-1.63467238361264
"372","f88a7291-9122-49fa-864d-b807fa360393",88,"103","Tehama",1888640,0.034546022534734,88,0.00465943747882074,0.261266286308954,-5.36886055083036
"373","423df2bd-4464-44e0-8b8a-74f953613287",2944,"019","Fresno",3816320,0.26601280815026,2944,0.0771423779976522,0.527015338837944,-2.56210249963997
"374","6f07d935-7d64-4be8-8e96-d34384686bf8",30,"027","Inyo",6522880,0.00286959134615385,30,0.000459919544740973,0.146443623571018,-7.68445898651542
"375","902a3085-e518-4090-a2e5-20d0482b4dc2",310,"009","Calaveras",652800,0.071328125,310,0.0474877450980392,0.466815628155431,-3.04728359916475
"376","fbe85bec-6399-442f-8a3f-ca4a25bb2b3b",87,"067","Sacramento",618240,2.56238515786749,87,0.0140722049689441,0.34442172541919,-4.26355370592356
"377","e55dd16e-1712-4b97-a2f3-add0877b98cd",145,"019","Fresno",3816320,0.26601280815026,145,0.00379947174241154,0.248273750416617,-5.57289323706816
"378","8e920d15-72f4-4e76-a3b4-22a364d6cf19",103,"039","Madera",1368320,0.11711880261927,103,0.00752747895229186,0.294552279114242,-4.88919509372098
"379","174608a2-14fd-4278-9811-cb7e5e5a3883",45,"111","Ventura",1181440,0.704737439057421,45,0.00380891115926327,0.248427809938691,-5.5704119156581
"380","7ebdcc3e-f402-4ab7-88d4-82d99d59b019",15,"111","Ventura",1181440,0.704737439057421,15,0.00126963705308776,0.188764315299689,-6.66902420432621
"381","85832754-5848-4454-84fc-8b0a9abbff40",341,"009","Calaveras",652800,0.071328125,341,0.0522365196078431,0.478072275072531,-2.95197341936043
"382","eb9d05b5-7578-44bf-9eb1-3ddba425ff20",35,"009","Calaveras",652800,0.071328125,35,0.00536151960784314,0.270596375190293,-5.22850783515453
"383","b6b6ef56-0d7f-4c97-b072-74b712aa1e65",84,"113","Yolo",647680,0.342939414525692,84,0.0129693675889328,0.337465748298564,-4.34516504136972
"384","0dc19167-07b3-45e6-9bad-ad070934616a",221,"029","Kern",5210880,0.17580677352002,221,0.00424112625890445,0.255193906670972,-5.4629264179108
"385","69b7a19e-7be7-43c1-8779-c7110b22f552",78,"111","Ventura",1181440,0.704737439057421,78,0.00660211267605634,0.285049794997769,-5.02036557873883
"386","73083049-8bc2-4444-911b-f3d0812fb70c",138,"029","Kern",5210880,0.17580677352002,138,0.00264830508474576,0.226851681941172,-5.93383543427135
"387","a32de567-3d32-434a-9128-7947deaec3bb",123,"019","Fresno",3816320,0.26601280815026,123,0.00322300016770082,0.23826765031353,-5.73744262411631
"388","d96a2f4f-8e4d-4534-abe2-d90530e2bbc3",100,"073","San Diego",2690560,1.21766769743102,100,0.00371669838249286,0.24691036965664,-5.59491953637438
"389","6a75dc36-9f37-4c3a-870d-345f94a8104c",69,"033","Lake",805120,0.0846966911764706,69,0.00857015103338633,0.304261581909651,-4.75946992302875
"390","be2805af-a801-4ca9-b9e7-14f3b896097e",26,"093","Siskiyou",4023680,0.0108507634801972,26,0.000646174646095117,0.159436399549959,-7.34444074072721
"391","bd2b7bdc-0f92-451a-a3a5-03569d27c952",2241,"019","Fresno",3816320,0.26601280815026,2241,0.0587214908603052,0.492265351075769,-2.8349495056878
"392","2dae3029-2d17-445a-9fac-e95345b179e0",57,"009","Calaveras",652800,0.071328125,57,0.00873161764705882,0.305684682638091,-4.74080462880939
"393","dc7637b2-fa97-47c7-bbce-c0fd1a015592",57,"095","Solano",529920,0.846820274758454,57,0.0107563405797101,0.322044685175463,-4.53225987691634
"394","78eccd24-9fe2-4ccd-90fa-a1e0fdc19b41",1245,"073","San Diego",2690560,1.21766769743102,1245,0.0462728948620362,0.463800985944672,-3.07319891346366
"395","5d276af0-17d5-47d5-8f0e-86756d91b5c6",23,"093","Siskiyou",4023680,0.0108507634801972,23,0.000571616033084142,0.1546237139219,-7.46704306281954
"396","947aab39-3d8a-4841-8fc3-d129d8bbf6a3",100,"053","Monterey",2126080,0.203594408488862,100,0.00470349187236604,0.26188166864485,-5.35945009455078
"397","977ac7ce-4204-4cd3-9f89-727142165261",132127,"053","Monterey",2126080,0.203594408488862,132127,6.21458270620108,1.57889406789318,1.82689857969981
"398","d045584a-8838-4d64-91dc-3ebfbcd8e708",150,"059","Orange",606720,5.19380274261603,150,0.0247231012658228,0.396529714139837,-3.70001719852439
"399","383c3df6-a1eb-40fd-b798-41481dff679a",20,"071","San Bernardino",12839680,0.170849740803509,20,0.000155767121922042,0.111716918731313,-8.76714847425507
"400","c94fda40-ab7a-42d1-bfc9-ca5f39fb6e7d",800,"007","Butte",1049600,0.197506669207317,800,0.0762195121951219,0.525432027180602,-2.57413778351594
"401","2a2e0af5-24d7-4903-bab4-3705f5d788fb",50,"045","Mendocino",2245760,0.0399788935594186,50,0.00222641778284412,0.21722092840028,-6.1073613605207
"402","324a3c48-efcc-4385-ab87-baf0b5e29b5d",50,"071","San Bernardino",12839680,0.170849740803509,50,0.000389417804805104,0.140476588273924,-7.85085774238091
"403","af8f8070-a3d6-4ca2-8e2b-6da1049a5bea",38,"057","Nevada",613120,0.166840096555324,38,0.00619780793319416,0.280581820279593,-5.0835596086101
"404","47ee7239-2bc9-4794-8582-982a92fdda9f",75,"089","Shasta",2423040,0.0746706616481775,75,0.0030952852614897,0.235871337631221,-5.77787520859858
"405","f273dffb-e1eb-48dc-b0f9-908857e78095",50,"017","El Dorado",1095680,0.175823233060748,50,0.0045633761682243,0.259909149141314,-5.38969254163917
"406","0b655a9d-94b3-4095-acfd-d40ac8347318",28,"073","San Diego",2690560,1.21766769743102,28,0.001040675547098,0.179609307125219,-6.86788521218726
"407","416155ea-f8ff-43cf-abf0-e888584bf5bc",40,"013","Contra Costa",460800,2.51077690972222,40,0.00868055555555556,0.305236791790392,-4.74666974826179
"408","7066c984-1420-4c59-b175-9536da4c5d14",38,"039","Madera",1368320,0.11711880261927,38,0.00277712815715622,0.22956146119673,-5.88633792222423
"409","f4026428-ad5a-42c7-b68e-959554a31343",32,"109","Tuolumne",1431040,0.0381058530858676,32,0.00223613595706619,0.217457580325672,-6.10300592184089
"410","4c88252e-34a5-4912-a590-2c4539866c62",114,"085","Santa Clara",826240,2.26440864639814,114,0.013797443841983,0.342728056934098,-4.28327193281777
"411","4f623d67-d74b-4e8f-92f4-ed728970e20e",35,"073","San Diego",2690560,1.21766769743102,35,0.0013008444338725,0.189913720000677,-6.64474166087305
"412","140161a1-ca06-448a-87f2-27e688b2d922",80,"103","Tehama",1888640,0.034546022534734,80,0.0042358522534734,0.25511453376092,-5.46417073063468
"413","e5122d1e-2bfc-4fa6-8152-da309e02c004",520,"007","Butte",1049600,0.197506669207317,520,0.0495426829268293,0.471785816540028,-3.0049206996084
"414","057fd4e2-7400-4fc4-9b23-3daf67fc8610",5731,"113","Yolo",647680,0.342939414525692,5731,0.884850543478261,0.969878831355891,-0.1223365256613
"415","f645bf93-57a3-4fdf-9544-d255f8311dc9",100,"029","Kern",5210880,0.17580677352002,100,0.00191906165561287,0.209301447559401,-6.25591893344046
"416","8505d2db-7c6f-445e-9bff-407e99cac614",85,"039","Madera",1368320,0.11711880261927,85,0.00621199719363892,0.280742273585151,-5.0812728254603
"417","38fe21ed-2019-4be9-abdf-bf46ac5f59e3",26,"005","Amador",387840,0.10677599009901,26,0.00670379537953795,0.286141063824882,-5.00508143841346
"418","b82b0e22-4155-43dd-ac33-1da015b6d3d2",25,"085","Santa Clara",826240,2.26440864639814,25,0.00302575522850503,0.234535424371689,-5.80059455634407
"419","69c7b8cc-061e-4ca6-b5e8-83c6ae9d8a25",8110,"071","San Bernardino",12839680,0.170849740803509,8110,0.0631635679393879,0.501321884497464,-2.7620276006996
"420","28b9dc5f-f9c0-41fb-81d6-8db562122f00",45,"033","Lake",805120,0.0846966911764706,45,0.00558922893481717,0.273424845049256,-5.18691393785569
"421","ef4185e8-9b3a-421f-9fae-a0b954b0b3c0",36,"033","Lake",805120,0.0846966911764706,36,0.00447138314785374,0.258589252898327,-5.4100574891699
"422","346c59b1-375e-4d42-876a-d97b769c939f",7050,"019","Fresno",3816320,0.26601280815026,7050,0.184732936441389,0.655595680391613,-1.68884408368242
"423","ea5193a1-69bc-4684-bfcd-235c17d36756",36274,"071","San Bernardino",12839680,0.170849740803509,36274,0.282514829030007,0.7290550325124,-1.26402423763169
"424","93995926-26b0-4158-9f93-fec263f40b47",35,"089","Shasta",2423040,0.0746706616481775,35,0.00144446645536186,0.194951627525845,-6.54001526064548
"425","861bfbd3-ce1c-46bd-a32b-2848b7399119",21,"023","Humboldt",2286720,0.0590408970053177,21,0.000918345927791772,0.17408108150115,-6.99293641066561
"426","040d03d0-fbdd-438c-8174-f81e4a1bba57",46235,"079","San Luis Obispo",2114560,0.13336722533293,46235,2.18650688559322,1.2160115845313,0.782305241005244
"427","a0950d5e-6f35-4023-bb60-6737146ba7bd",3929,"033","Lake",805120,0.0846966911764706,3929,0.488001788553259,0.835805747775772,-0.717436208067552
"428","e247e423-6171-4184-9dca-b373de703885",29322,"029","Kern",5210880,0.17580677352002,29322,0.562707258658806,0.866105166659223,-0.57499575293034
"429","bc2fd9c2-da5c-4cd7-bbec-9daf2143a196",23,"023","Humboldt",2286720,0.0590408970053177,23,0.00100580744472432,0.178085562120036,-6.90196463245989
"430","2d2aa30d-5c3f-4f46-97eb-54b63bec7f3a",40,"067","Sacramento",618240,2.56238515786749,40,0.00646997929606625,0.28361273157419,-5.04058237046421
"431","63643257-f082-4928-bf0e-77a0417a4613",158,"019","Fresno",3816320,0.26601280815026,158,0.00414011403655878,0.253660635349951,-5.48703194646176
"432","e935ecb3-5eba-43f8-ae02-624b3d5bc03a",25,"085","Santa Clara",826240,2.26440864639814,25,0.00302575522850503,0.234535424371689,-5.80059455634407
"433","822c934f-11be-48a9-8e60-f3f6802ef24d",389,"115","Yuba",403200,0.209102182539683,389,0.0964781746031746,0.557323389186671,-2.33843846613276
"434","b44c3b1e-b243-455e-9ca9-9a1b5570e003",36,"045","Mendocino",2245760,0.0399788935594186,36,0.00160302080364776,0.200094333352144,-6.43586542749273
"435","fa457abb-66d2-4f82-80fd-452e824e871f",304,"029","Kern",5210880,0.17580677352002,304,0.00583394743306313,0.276369827772894,-5.14406141802233
"436","85683fd7-b507-4ec7-8bbd-fb7033a42665",33867,"093","Siskiyou",4023680,0.0108507634801972,33867,0.841692182280897,0.957829752956815,-0.172340910819031
"437","86166c24-3a85-42e3-a53a-ebb1d935fb8a",147,"077","San Joaquin",895360,0.885933032523231,147,0.0164179771265189,0.3579562185679,-4.10937837825237
"438","da72b0c2-835d-42a5-8fa8-4de5442610cc",599,"023","Humboldt",2286720,0.0590408970053177,599,0.0261947243212986,0.402303173136867,-3.64219725027359
"439","1243f711-c29f-4bc3-a7e7-c705a6fc40f2",2575,"035","Lassen",2917120,0.0102512066695919,2575,0.0882719942957438,0.5450743362842,-2.42733238707342
"440","c55cc099-43f6-4a55-81b4-59ee03618511",88,"007","Butte",1049600,0.197506669207317,88,0.00838414634146342,0.302597065838639,-4.78141269670566
"441","db833182-22df-44cc-ba10-0901e74222bc",450,"009","Calaveras",652800,0.071328125,450,0.0689338235294118,0.512398785864342,-2.67460831387958
"442","954fb899-decb-461b-a0dd-76442e3370d3",395,"107","Tulare",3087360,0.154677135157546,395,0.0127941024046434,0.33631981513358,-4.35877096387153
"443","a2a6199c-704a-4826-a51b-23e6ee123349",710,"093","Siskiyou",4023680,0.0108507634801972,710,0.0176455384125974,0.364467433509355,-4.03727230871333
"444","97772dc4-7fde-4412-982c-974b3316e22b",380,"049","Modoc",2524160,0.00337181478194726,380,0.0150545131845842,0.350281079209503,-4.19607745336772
"445","2656ad63-b3e1-467f-9982-0229fd31c0f5",600,"029","Kern",5210880,0.17580677352002,600,0.0115143699336772,0.327574468162236,-4.4641594642124
"446","1780f987-76f9-4a82-81bd-6cb914758eec",20,"033","Lake",805120,0.0846966911764706,20,0.00248410174880763,0.22325045112341,-5.99784415407202
"447","ed16bf52-f886-4384-b841-2e755234aa29",32,"093","Siskiyou",4023680,0.0108507634801972,32,0.000795291872117067,0.167931294592135,-7.13680137594896
"448","69e1a36d-21ab-4feb-b31c-dbfac4bf62d1",30,"007","Butte",1049600,0.197506669207317,30,0.00285823170731707,0.231219447004396,-5.85755212952171
"449","060ef833-2d3f-47d4-a1d4-146d1b9a5928",321,"103","Tehama",1888640,0.034546022534734,321,0.016996357167062,0.361067968295426,-4.07475624217855
"450","f66ae0d0-837d-4ea9-a7ed-6a78d9bde940",150,"015","Del Norte",645120,0.0419797867063492,150,0.0232514880952381,0.390492492115032,-3.76138614490068
"451","1f8b3267-c3bd-43f5-9733-2b30c97d45ee",47,"057","Nevada",613120,0.166840096555324,47,0.00766570981210856,0.295895318283378,-4.87099816662643
"452","821c040d-a17c-4934-990f-ca7d441a303a",5443,"027","Inyo",6522880,0.00286959134615385,5443,0.0834447360675039,0.537464441006433,-2.48357070974337
"453","92c20948-6ff6-4a2c-b13f-32c75e71b16c",2652,"049","Modoc",2524160,0.00337181478194726,2652,0.105064655172414,0.569330119231497,-2.2531793547824
"454","f6afb8c4-32dc-4e6d-8d30-e6b7ccd4a62f",12518,"083","Santa Barbara",1752320,0.253285358838568,12518,0.714367238860482,0.919348945689972,-0.336358108729374
"455","686e1300-65d3-4e07-8a88-e5952418649b",215,"083","Santa Barbara",1752320,0.253285358838568,215,0.0122694485025566,0.332817581627288,-4.40064296808636
"456","b4940174-75d0-4f5e-b505-4a66c17a9157",130,"007","Butte",1049600,0.197506669207317,130,0.0123856707317073,0.333602950143086,-4.39121506072829
"457","f669c502-b400-4ad9-ae95-bfd9c31f903c",300,"101","Sutter",385920,0.25524201907131,300,0.0777363184079602,0.528026832145791,-2.55443271243661
"458","0bf08653-1441-4e73-b24b-1296afb12b45",45,"005","Amador",387840,0.10677599009901,45,0.0116027227722772,0.32820105964792,-4.45651548666462
"459","3a4871dc-2299-4934-8a31-b92780fe31a3",1080,"109","Tuolumne",1431040,0.0381058530858676,1080,0.0754695885509839,0.524134799845752,-2.58402550452235
"460","2e8eb057-1d9a-41a7-ab9f-9b85ce3374c4",70,"019","Fresno",3816320,0.26601280815026,70,0.00183422773771591,0.20694899141664,-6.30113173743937
"461","8a4c92b3-c1aa-41e0-aaed-999d73f0a418",100,"089","Shasta",2423040,0.0746706616481775,100,0.0041270470153196,0.253460247197509,-5.4901931361468
"462","8d9b87e4-6fdb-49e4-ba6d-be85ffd6b222",1547,"097","Sonoma",1008640,0.478515625,1547,0.153374841370558,0.625804283737542,-1.87487041021038
"463","abd0a296-217d-4a6a-9da0-5eb05f56f863",248,"063","Plumas",1634560,0.011838659945184,248,0.0151722787783868,0.350964106931942,-4.18828528079313
"464","2dfac408-d2ab-4ff9-94aa-91be9d07bb59",4474,"085","Santa Clara",826240,2.26440864639814,4474,0.541489155693261,0.857822515065412,-0.613432239162194
"465","59084c8f-904c-42cb-9aa8-cae4a1f8c6ef",2100,"019","Fresno",3816320,0.26601280815026,2100,0.0550268321314774,0.484332517298058,-2.89993435577722
"466","81ef7517-ab3c-4d1a-8ddd-b5d69404676f",176,"017","El Dorado",1095680,0.175823233060748,176,0.0160630841121495,0.356005931053128,-4.13123155202916
"467","6f600260-2bdb-4f53-9d1a-eab8afb3a11a",28,"073","San Diego",2690560,1.21766769743102,28,0.001040675547098,0.179609307125219,-6.86788521218726
"468","ca1227b3-1458-44c9-b32e-2994e309f940",4824,"037","Los Angeles",2598400,3.74120150862069,4824,0.185652709359606,0.656410202916455,-1.68387750455438
"469","2458cd6c-82d6-43ef-b509-706e3af69451",10,"107","Tulare",3087360,0.154677135157546,10,0.000323901326699834,0.134153862658808,-8.0350716357786
"470","89c304db-e288-4582-90d4-884d57fd71f9",4347,"107","Tulare",3087360,0.154677135157546,4347,0.140799906716418,0.612562761262112,-1.96041549778386
"471","a97e2077-2013-459a-baa7-276781503e3c",30,"019","Fresno",3816320,0.26601280815026,30,0.000786097601878249,0.167443817907891,-7.14842959782658
"472","95960fa6-58ba-4b4e-aeb2-ada97d699908",45,"089","Shasta",2423040,0.0746706616481775,45,0.00185717115689382,0.207593132622395,-6.28870083236457
"473","31b0e75c-b0e2-4796-b8a7-efc49e4c59a5",380,"049","Modoc",2524160,0.00337181478194726,380,0.0150545131845842,0.350281079209503,-4.19607745336772
"474","b12ae71e-c6c8-4eab-9aab-d17d1879a639",15,"065","Riverside",4613120,0.536275232380688,15,0.000325159544950055,0.134283955911137,-8.03119458855159
"475","0cacf259-1ba3-4e8c-a938-feaab2655c4b",4532,"019","Fresno",3816320,0.26601280815026,4532,0.118753144390408,0.587031328919656,-2.13070835734084
"476","b8bdbd12-e3a2-49e0-8d65-7c18b8d584bf",10,"053","Monterey",2126080,0.203594408488862,10,0.000470349187236604,0.147266884588805,-7.66203518754482
"477","17a7d561-bee7-454d-a0aa-ac450907f6fd",750,"019","Fresno",3816320,0.26601280815026,750,0.0196524400469562,0.374415759254142,-3.92955377295838
"478","d804eebf-71de-46de-90c2-cdf0694d27e3",126,"019","Fresno",3816320,0.26601280815026,126,0.00330160992788865,0.239707399511183,-5.71334507253725
"479","45699833-fa34-4eed-9520-8c8019426122",150,"071","San Bernardino",12839680,0.170849740803509,150,0.00116825341441531,0.184877587255538,-6.7522454537128
"480","c254df3f-a241-4983-a880-e12944a9f7b2",1350,"065","Riverside",4613120,0.536275232380688,1350,0.029264359045505,0.413604022789361,-3.53138491822132
"481","7fc71135-ee3b-443c-a859-90672936e0c1",12,"065","Riverside",4613120,0.536275232380688,12,0.000260127635960044,0.12699792452671,-8.2543381398658
"482","f5237d47-f15b-4f4b-8b1c-6f11235f954d",19,"029","Kern",5210880,0.17580677352002,19,0.000364621714566446,0.138184913886447,-7.91665014026211
"483","87d7fb46-00f9-4bae-ba35-a7ef8e58a70e",130,"079","San Luis Obispo",2114560,0.13336722533293,130,0.00614785108958838,0.280014702395032,-5.09165267455091
"484","c7e3bcbf-1065-4e45-a4a3-bf0b5ac6aa23",12,"079","San Luis Obispo",2114560,0.13336722533293,12,0.000567493946731235,0.154344197973601,-7.4742804752185
"485","eca1021e-dfea-4dec-8470-c0eb7e4d479b",400,"019","Fresno",3816320,0.26601280815026,400,0.0104813013583767,0.31996597783855,-4.55816243238075
"486","5115a26e-e8e8-42cd-9aeb-f5c41efd770a",31,"029","Kern",5210880,0.17580677352002,31,0.00059490911323999,0.156175410251438,-7.4271019149434
"487","63a81990-8521-409d-9c22-92d1c33e0353",1733,"047","Merced",1234560,0.234912843442198,1733,0.14037389839295,0.612098887653824,-1.96344571355575
"488","1423af4f-16d5-4f19-a01d-fc3ebc124201",20,"053","Monterey",2126080,0.203594408488862,20,0.000940698374473209,0.175130826957292,-6.96888800698488
"489","48c4b519-eaf5-4ae8-9470-31e8770a70ac",17,"065","Riverside",4613120,0.536275232380688,17,0.000368514150943396,0.138552237084289,-7.90603144559758
"490","9f416f37-a8ca-4127-a6b7-02626fd32e06",41,"029","Kern",5210880,0.17580677352002,41,0.000786815278801277,0.167482022274614,-7.14751705272424
"491","5b3329f4-1e37-4b5a-9ed6-6f8d74f495c3",225,"079","San Luis Obispo",2114560,0.13336722533293,225,0.0106405115012107,0.321174181764032,-4.54308672280207
"492","0fc2a05e-689f-4c7c-b2b4-a987840b4f2c",288,"029","Kern",5210880,0.17580677352002,288,0.00552689756816507,0.272659324186035,-5.1981286392926
"493","75bb079a-1de8-4824-a933-e19f69948438",18,"053","Monterey",2126080,0.203594408488862,18,0.000846628537025888,0.170578081570962,-7.0742485226427
"494","2d12b95c-3f4e-41bc-a771-8ae2cb80b99e",17,"053","Monterey",2126080,0.203594408488862,17,0.000799593618302228,0.168157921174003,-7.13140693648265
"495","9a555129-982b-486f-a333-c96b3f9c4d2e",150,"039","Madera",1368320,0.11711880261927,150,0.0109623479887746,0.323575697528158,-4.51328878785436
"496","048c085b-3162-4906-beef-7aa2ba1b868d",225,"079","San Luis Obispo",2114560,0.13336722533293,225,0.0106405115012107,0.321174181764032,-4.54308672280207
"497","65062933-27cf-48d7-8e4c-9a7ac78e65ff",10000,"019","Fresno",3816320,0.26601280815026,10000,0.262032533959416,0.71546567693419,-1.33928660751255
"498","3fce8146-ff21-4399-9a94-f37124b34331",20,"031","Kings",889600,0.171966052158273,20,0.00224820143884892,0.217750321729223,-6.09762474293637
"499","9348a031-c7b3-4165-890a-37a7eb7405db",14,"065","Riverside",4613120,0.536275232380688,14,0.000303482241953385,0.131987657440046,-8.10018746003854
"500","b3fc6dff-f13a-41c4-b7f3-e9e960a941d5",70,"019","Fresno",3816320,0.26601280815026,70,0.00183422773771591,0.20694899141664,-6.30113173743937
"501","fcb8579e-7469-4c9e-9eac-527264e6f26b",12,"047","Merced",1234560,0.234912843442198,12,0.000972006220839813,0.176570139895865,-6.93614835348335
"502","3d595f75-d59e-4453-b25c-48207b02f529",486,"073","San Diego",2690560,1.21766769743102,486,0.0180631541389153,0.366605011075365,-4.01388109846197
"503","c4d0a25f-02f6-4877-a944-8f5d50bf2335",2056,"073","San Diego",2690560,1.21766769743102,2056,0.0764153187440533,0.525769158916966,-2.57157209578741
"504","fbc11fc4-573b-465f-a9ac-a879ee2cdda2",17,"079","San Luis Obispo",2114560,0.13336722533293,17,0.000803949757869249,0.168386483400563,-7.12597378095028
"505","39967485-2cf1-4f0e-9cf1-ccfd25f6e2bf",506,"029","Kern",5210880,0.17580677352002,506,0.00971045197740113,0.313913404632017,-4.63455245014108
"506","fccf2545-cab8-452e-829c-8379054831f0",10,"065","Riverside",4613120,0.536275232380688,10,0.000216773029966704,0.12133925161396,-8.43665969665975
"507","06b43461-94d0-4379-a1d6-fd26ba93ceea",190,"083","Santa Barbara",1752320,0.253285358838568,190,0.0108427684441198,0.322689657279276,-4.52425692405353
"508","9b9bf8b4-8378-46e5-a760-67e89e2279e2",25,"073","San Diego",2690560,1.21766769743102,25,0.000929174595623216,0.174591996729487,-6.98121389749427
"509","f5ef2d0f-66a7-4d75-a9e8-03c42524d723",21,"069","San Benito",888960,0.0760202933765299,21,0.00236231101511879,0.220462266913173,-6.04811489539655
"510","54ddf2ef-28b0-4c34-bfe0-1d084f4f57e2",35,"065","Riverside",4613120,0.536275232380688,35,0.000758705604883463,0.165965692770654,-7.18389672816439
"511","bd671dbd-dd3c-413e-b453-4002e382325d",1000,"073","San Diego",2690560,1.21766769743102,1000,0.0371669838249286,0.439075626485502,-3.29233444338033
"512","45a205f4-bcd2-44bd-886b-26260c686ce7",120,"065","Riverside",4613120,0.536275232380688,120,0.00260127635960044,0.225837794303526,-5.95175304687175
"513","6fa64139-e5d1-4134-b012-5c1b272ac89a",10,"029","Kern",5210880,0.17580677352002,10,0.000191906165561287,0.117698853384812,-8.55850402643451
"514","7272decf-0ae8-47aa-b46c-00fc4cd04816",16,"019","Fresno",3816320,0.26601280815026,16,0.000419252054335066,0.143093135386838,-7.77703825724895
"515","2db503da-a7b2-47a6-92a6-697799eb63f1",48,"065","Riverside",4613120,0.536275232380688,48,0.00104051054384018,0.179602187258909,-6.86804377874591
"516","42f21a81-e0a3-4b4d-b837-2e6e2efd75a4",15,"009","Calaveras",652800,0.071328125,15,0.00229779411764706,0.21894134329304,-6.07580569554173
"517","21e9f99a-35a5-41cd-a44b-92363fbf5081",18,"019","Fresno",3816320,0.26601280815026,18,0.00047165856112695,0.147369269394231,-7.65925522159257
"518","524b1e23-8921-4195-812d-7ec8ee5020b7",16,"071","San Bernardino",12839680,0.170849740803509,16,0.000124613697537633,0.105655338473829,-8.99029202556927
"519","92d70dc0-19af-4c87-ab01-8c7051caab73",79,"107","Tulare",3087360,0.154677135157546,79,0.00255882048092869,0.224910615742044,-5.96820887630563
"520","67d31514-620f-49d1-b4bd-a3a92efd48ca",10,"115","Yuba",403200,0.209102182539683,10,0.00248015873015873,0.223161806892666,-5.99943271675716
"521","bf3148c5-75dd-4f79-8b3b-c5b483065b47",68,"067","Sacramento",618240,2.56238515786749,68,0.0109989648033126,0.323845564419726,-4.50995411940204
"522","663d291c-7ba8-415d-9cab-58d41a886cfd",26,"065","Riverside",4613120,0.536275232380688,26,0.00056360987791343,0.154079424978248,-7.48114825163232
"523","adf741f6-5416-41c5-af26-01240cc361cf",16,"029","Kern",5210880,0.17580677352002,16,0.000307049864898059,0.1323738583716,-8.08850039718877
"524","7967c729-4693-47a1-b1bc-1d82825ca8db",42,"049","Modoc",2524160,0.00337181478194726,42,0.00166391987829615,0.201968250040666,-6.39857908780478
"525","b0ffe2e4-ae61-4ad9-b1cc-bf31ff254d8d",27,"065","Riverside",4613120,0.536275232380688,27,0.0005852871809101,0.155540056741465,-7.44340792364947
"526","14e249f0-f21c-4d2f-bc5f-68d5d177e849",25,"037","Los Angeles",2598400,3.74120150862069,25,0.000962130541871921,0.176119928419789,-6.9463604180932
"527","46c4f0c2-6760-4e42-ac2f-ec25c2486628",33,"029","Kern",5210880,0.17580677352002,33,0.000633290346352248,0.158635622434031,-7.36458155796207
"528","80f2c7d1-d28d-43d0-97a3-ff53cc991a8c",78,"103","Tehama",1888640,0.034546022534734,78,0.00412995594713656,0.253504897995893,-5.48948853861897
"529","b02f2513-9359-45e2-9971-08f7b1f0dc0f",67,"035","Lassen",2917120,0.0102512066695919,67,0.00229678587099605,0.218917322079963,-6.07624458078029
"530","7ea6269d-6ba3-41e1-aff6-b4da1c6611d1",10,"065","Riverside",4613120,0.536275232380688,10,0.000216773029966704,0.12133925161396,-8.43665969665975
"531","304c7c4c-140e-40f4-ac9f-36926c07e5fc",20,"013","Contra Costa",460800,2.51077690972222,20,0.00434027777777778,0.256672524020085,-5.43981692882174
"532","8bba8daf-8d47-43e7-8593-fdfa2dea5228",10,"029","Kern",5210880,0.17580677352002,10,0.000191906165561287,0.117698853384812,-8.55850402643451
"533","549222c5-1be6-4453-896a-caebd19b0bee",91,"007","Butte",1049600,0.197506669207317,91,0.00866996951219512,0.305143689204669,-4.74789000466702
"534","f8b61fab-bd14-4e92-960a-d512693ea8e5",46,"093","Siskiyou",4023680,0.0108507634801972,46,0.00114323206616828,0.183879620744069,-6.77389588225959
"535","6802ed2f-5a5a-4a38-a236-e5a688639b6f",339,"107","Tulare",3087360,0.154677135157546,339,0.0109802549751244,0.323707756819538,-4.5116566213922
"536","f62bd692-7aae-4e46-8284-239150acced0",157,"039","Madera",1368320,0.11711880261927,157,0.0114739242282507,0.327286426602042,-4.46767827660231
"537","2ef06870-3602-4f1a-878d-962f7259ad46",206,"029","Kern",5210880,0.17580677352002,206,0.00395326701056252,0.250748900333359,-5.53321295063897
"538","b11adfe0-b74d-4321-b1bd-3fc0b8f0929b",35,"029","Kern",5210880,0.17580677352002,35,0.000671671579464505,0.160986420144317,-7.30574105793914
"539","b9142a59-e3dd-4797-b6ed-c5c847b16f67",14,"053","Monterey",2126080,0.203594408488862,14,0.000658488862131246,0.160190629634094,-7.32556295092361
"540","d11a4f65-9523-40d8-989a-6603705e9638",1417,"039","Madera",1368320,0.11711880261927,1417,0.103557647333957,0.567277480954171,-2.26762684225994
"541","a8e4aa40-5e2a-4fd8-a858-d673576cda73",186,"019","Fresno",3816320,0.26601280815026,186,0.00487380513164514,0.264220822541404,-5.32388030577553
"542","7d9de7fd-f95d-4edb-bda6-804b734eedc8",22,"055","Napa",482560,0.278307360742706,22,0.00455901856763926,0.259847079633426,-5.39064790501527
"543","f32d4562-5032-4645-ac8f-afb3fab4c704",32,"053","Monterey",2126080,0.203594408488862,32,0.00150511739915713,0.19696660262569,-6.49888437773914
"544","a9d270c5-aacb-4dad-a34e-ab28a7192248",450,"019","Fresno",3816320,0.26601280815026,450,0.0117914640281737,0.32952770415998,-4.44037939672437
"545","0956bfcb-8915-4163-b4ed-4f3a6ab32895",76,"019","Fresno",3816320,0.26601280815026,76,0.00199144725809156,0.211247803633391,-6.2188936392024
"546","5d521085-d92f-4664-b17b-732783658daa",38,"109","Tuolumne",1431040,0.0381058530858676,38,0.0026554114490161,0.227003710407108,-5.93115566491423
"547","67ba6e61-b5ca-48f4-8e56-9cedeaeb65ea",33,"065","Riverside",4613120,0.536275232380688,33,0.000715350998890122,0.163542185432572,-7.24273722818732
"548","3fc7de4e-3a0f-45e9-be1f-801f88770883",50,"073","San Diego",2690560,1.21766769743102,50,0.00185834919124643,0.207626044733238,-6.28806671693432
"549","5f0c7697-7be3-49af-b98c-f5789e3ca6f9",135,"107","Tulare",3087360,0.154677135157546,135,0.00437266791044776,0.257150056361541,-5.43238195033422
"550","338af3e2-098b-4d1b-8f98-6020b212b68f",20,"065","Riverside",4613120,0.536275232380688,20,0.000433546059933407,0.144297501348426,-7.74351251609981
"551","1c51deff-5b43-4f54-8acc-a682f830815a",150,"079","San Luis Obispo",2114560,0.13336722533293,150,0.00709367433414044,0.290213634149732,-4.94855183091024
"552","1dfae538-fd95-4454-865d-3d74e4b56665",63,"043","Mariposa",928640,0.0183278773259821,63,0.00678411440385941,0.286994312866629,-4.99317151685828
"553","380df891-161a-44c7-a244-d7dda9d5fd32",105,"065","Riverside",4613120,0.536275232380688,105,0.00227611681465039,0.218423135297115,-6.08528443949628
"554","57b7776f-bae7-4b14-b94c-65806e002a88",28,"065","Riverside",4613120,0.536275232380688,28,0.00060696448390677,0.156960661320245,-7.4070402794786
"555","a2d42b3a-32a4-4b57-a8c2-91e5d046bbb6",134,"007","Butte",1049600,0.197506669207317,134,0.0127667682926829,0.336140037420948,-4.36090971123296
"556","0089929d-0b52-46fe-8982-b096b7616f30",10,"065","Riverside",4613120,0.536275232380688,10,0.000216773029966704,0.12133925161396,-8.43665969665975
"557","7cae5704-9ba2-487c-a48b-bb440c95da6e",32,"053","Monterey",2126080,0.203594408488862,32,0.00150511739915713,0.19696660262569,-6.49888437773914
"558","c982daaa-a785-4dfc-a366-1950974028af",850,"037","Los Angeles",2598400,3.74120150862069,850,0.0327124384236453,0.42528320240788,-3.41999989347704
"559","ffb57bcc-80f7-4299-bfcf-c9be3b66d5ff",60,"103","Tehama",1888640,0.034546022534734,60,0.00317688919010505,0.237410824745479,-5.75185280308647
"560","294c531a-3299-4038-baa8-c2a92d38d10a",10,"065","Riverside",4613120,0.536275232380688,10,0.000216773029966704,0.12133925161396,-8.43665969665975
"561","54bad310-3a96-4019-b64d-61d00c559e6c",153,"065","Riverside",4613120,0.536275232380688,153,0.00331662735849057,0.239979514132317,-5.70880686826136
"562","b3695ebc-e761-4577-8439-6330bed36594",25,"039","Madera",1368320,0.11711880261927,25,0.00182705799812909,0.206746460637294,-6.30504825708242
"563","1b01181e-fbcb-4dc4-86ec-cfddc864cc34",1522,"029","Kern",5210880,0.17580677352002,1522,0.0292081183984279,0.413405161944192,-3.53330858100692
"564","bfa879b5-b526-4114-9137-51d3ea3ad336",26,"065","Riverside",4613120,0.536275232380688,26,0.00056360987791343,0.154079424978248,-7.48114825163232
"565","f173524a-ae01-47f5-942d-5e90c2b96469",56,"093","Siskiyou",4023680,0.0108507634801972,56,0.00139176077620487,0.193148414798662,-6.57718558801354
"566","949e577d-86c2-4def-b25a-c24aa014f4d9",39,"095","Solano",529920,0.846820274758454,39,0.00735960144927536,0.292896089955539,-4.91174949862124
"567","b5dd68e2-ec95-47cd-a126-d5f6f0f2b49a",1503,"071","San Bernardino",12839680,0.170849740803509,1503,0.0117058992124414,0.328928265654729,-4.44766235805608
"568","5882937b-ffce-43af-9e0a-00dcddde214a",168,"091","Sierra",609920,0.00527446222455404,168,0.0275445960125918,0.407388815612003,-3.59194891461657
"569","8740caa0-f86c-4103-b830-0435b9933a2b",65,"099","Stanislaus",956800,0.576165342809365,65,0.00679347826086957,0.287093293503128,-4.99179220629478
"570","d515cbcc-376e-4bc7-adea-189eff5a7735",54,"085","Santa Clara",826240,2.26440864639814,54,0.00653563129357088,0.284329476803345,-5.03048633464799
"571","981484d0-711c-4a7b-9adc-23c9b29f9fae",21,"007","Butte",1049600,0.197506669207317,21,0.00200076219512195,0.211494397889836,-6.21422707346045
"572","1b1ba02e-9db3-4224-9d8d-06d5df529f16",111,"007","Butte",1049600,0.197506669207317,111,0.0105754573170732,0.320682151878891,-4.54921930987154
"573","0ed54526-1296-4863-ae40-613ee456899d",357,"019","Fresno",3816320,0.26601280815026,357,0.00935456146235117,0.310996755470745,-4.67189119770909
"574","982c81ca-ebe5-4591-986d-1f3e2e4cc13c",42,"103","Tehama",1888640,0.034546022534734,42,0.00222382243307353,0.217157596744532,-6.1085277470252
"575","c940ef85-44ce-4684-bce3-7cbbf180cefb",760,"037","Los Angeles",2598400,3.74120150862069,760,0.0292487684729064,0.413548924946728,-3.53191780968103
"576","49a9074c-c30b-4042-9ffd-1a10f9d9bf1d",36,"073","San Diego",2690560,1.21766769743102,36,0.00133801141769743,0.191255949937217,-6.61657078390636
"577","ca0c9a5f-7a1a-4903-b790-6eb3e85e7e64",6309,"065","Riverside",4613120,0.536275232380688,6309,0.136762104605993,0.608123020386753,-1.98951232528299
"578","91d07ea9-cf5f-489c-aa4f-97fa6c0fb8a4",19,"093","Siskiyou",4023680,0.0108507634801972,19,0.000472204549069508,0.147411899246712,-7.65809829958225
"579","81b37451-57b5-4050-a54d-e9750f84a567",1626,"079","San Luis Obispo",2114560,0.13336722533293,1626,0.0768954297820823,0.526593061140331,-2.56530883489874
"580","4f0ff7c1-7c96-4f68-87e8-be4466945c2b",35,"067","Sacramento",618240,2.56238515786749,35,0.00566123188405797,0.274301217967777,-5.17411376308873
"581","243567d6-2692-4978-88f5-1bbfc7b818a6",38,"041","Marin",332800,0.769284855769231,38,0.0114182692307692,0.326888821746995,-4.47254064221471
"582","7696644d-0908-4149-8d6e-aa50c1233d67",25,"073","San Diego",2690560,1.21766769743102,25,0.000929174595623216,0.174591996729487,-6.98121389749427
"583","a3159a43-d38c-4655-9acf-371bc9a6213b",670,"071","San Bernardino",12839680,0.170849740803509,670,0.0052181985843884,0.268769603523832,-5.25560303542404
"584","2c00a509-af87-418f-b888-edc8ec450f1f",28,"015","Del Norte",645120,0.0419797867063492,28,0.00434027777777778,0.256672524020085,-5.43981692882174
"585","5da65d7f-cc75-4c0c-b221-1a1e3000a120",85,"085","Santa Clara",826240,2.26440864639814,85,0.0102875677769171,0.318477076083443,-4.57681912472195
"586","c171dc75-9d35-4c58-b787-032067b16ae7",15,"053","Monterey",2126080,0.203594408488862,15,0.000705523780854907,0.162977598545024,-7.25657007943666
"587","a0ba8679-406a-491b-a20b-bba55d63bc5b",562,"049","Modoc",2524160,0.00337181478194726,562,0.0222648326572008,0.386282344662904,-3.80474685619446
"588","d36387df-af2a-4b20-a94f-589fdccf67cd",558,"043","Mariposa",928640,0.0183278773259821,558,0.0600878704341833,0.49510430560519,-2.8119472808685
"589","4ac3161f-79e7-494f-88e4-72a69ef1d96b",1200,"029","Kern",5210880,0.17580677352002,1200,0.0230287398673545,0.389553888231764,-3.77101228365246
"590","abe2311a-4ce6-4300-9716-4fb3fe538c75",42,"053","Monterey",2126080,0.203594408488862,42,0.00197546658639374,0.210822724779929,-6.2269506622555
"591","d1ec9e43-04bd-4926-8362-5e04afe39c90",55,"037","Los Angeles",2598400,3.74120150862069,55,0.00211668719211823,0.214493517088973,-6.15790305772893
"592","6f2f8dc0-b930-435e-a622-d3585dcac067",41,"037","Los Angeles",2598400,3.74120150862069,41,0.00157789408866995,0.199305582012603,-6.4516641762571
"593","2b043a7e-234c-43f7-852c-21fcb9ddc200",128,"089","Shasta",2423040,0.0746706616481775,128,0.00528262017960909,0.269595318541835,-5.24333305821528
"594","c99fe9af-6d6b-435a-9084-2248905ad251",10,"057","Nevada",613120,0.166840096555324,10,0.00163100208768267,0.200961854239685,-6.41856067534244
"595","64ef64a3-c8b0-48f1-8fec-9cacf8dfcd34",11,"065","Riverside",4613120,0.536275232380688,11,0.000238450332963374,0.124265188601118,-8.34134951685543
"596","97d63e17-e546-49ae-add6-e3b5fa71cb4c",14,"007","Butte",1049600,0.197506669207317,14,0.00133384146341463,0.191106761685513,-6.61969218156861
"597","3980fbbb-d17b-4deb-83a4-9af2290b5272",225,"043","Mariposa",928640,0.0183278773259821,225,0.0242289800137836,0.394533407056961,-3.72020584104539
"598","e3e75be1-8dea-4022-975b-34a0f25b57c0",1562,"019","Fresno",3816320,0.26601280815026,1562,0.0409294818044608,0.449789239646364,-3.1959046490891
"599","b51d7a8d-f768-453e-abb4-665b74998b21",30,"065","Riverside",4613120,0.536275232380688,30,0.000650319089900111,0.159691435800236,-7.33804740799164
"600","d4f1fc5e-b877-41ee-b491-8e92ded4984f",10,"065","Riverside",4613120,0.536275232380688,10,0.000216773029966704,0.12133925161396,-8.43665969665975
"601","2f97537a-1333-4dfc-b7a3-b7bf9400ffdd",50,"065","Riverside",4613120,0.536275232380688,50,0.00108386514983352,0.181444502015229,-6.82722178422565
"602","9668cfe5-b636-4147-bce1-da8e8b3fb5c2",34,"069","San Benito",888960,0.0760202933765299,34,0.00382469402447804,0.248684761634708,-5.56627680850381
"603","ed40ce35-7338-4f8b-a5ab-e94af6fa7e55",13,"071","San Bernardino",12839680,0.170849740803509,13,0.000101248629249327,0.100310706235027,-9.19793139034752
"604","36d953e8-265f-4b05-831e-42eb2298b208",57,"019","Fresno",3816320,0.26601280815026,57,0.00149358544356867,0.19658823253588,-6.50657571165418
"605","252345dd-886b-4bd2-90b9-161727a2fc2d",35,"065","Riverside",4613120,0.536275232380688,35,0.000758705604883463,0.165965692770654,-7.18389672816439
"606","6ae3d56e-0258-49f5-9e71-5b5abe141479",18,"007","Butte",1049600,0.197506669207317,18,0.00171493902439024,0.203498949083447,-6.36837775328771
"607","f6970f10-0498-4f4c-8e0c-d4b7e4fbf888",50,"111","Ventura",1181440,0.704737439057421,50,0.00423212351029252,0.255058372054983,-5.46505140000028
"608","60770d23-70db-46f1-a19a-a23eaa409125",205,"065","Riverside",4613120,0.536275232380688,205,0.00444384711431743,0.258190213873759,-5.41623481051539
"609","0a664214-c090-4889-8439-06836f89d830",21,"107","Tulare",3087360,0.154677135157546,21,0.000680192786069652,0.161494600104752,-7.29313429104922
"610","b383e4bd-6815-4624-936c-be57715ce50e",496,"093","Siskiyou",4023680,0.0108507634801972,496,0.0123270240178145,0.333207340704605,-4.39596135202376
"611","f75027cb-2526-4524-989f-71d0d56353ec",74,"017","El Dorado",1095680,0.175823233060748,74,0.00675379672897196,0.286673135354896,-4.99765045386314
"612","b3a6b47f-105b-4f66-b12a-76c563457a5d",62,"099","Stanislaus",956800,0.576165342809365,62,0.00647993311036789,0.283721750518624,-5.03904509114532
"613","89f34aa8-eaf3-4d19-8ef0-005102e82831",91,"019","Fresno",3816320,0.26601280815026,91,0.00238449605903069,0.220978057827278,-6.03876747297188
"614","7d77d3d1-40b5-40ab-8a53-2550f2001094",22,"009","Calaveras",652800,0.071328125,22,0.00337009803921569,0.240940958538815,-5.69281344328563
"615","a7509e35-3083-4306-bcce-ebf6d101b62a",1700,"113","Yolo",647680,0.342939414525692,1700,0.262475296442688,0.715767720372588,-1.33759831016873
"616","ea019efb-52d2-4f08-8d04-20b680e2361b",1626,"029","Kern",5210880,0.17580677352002,1626,0.0312039425202653,0.420293203653006,-3.46721082932079
"617","5a43b164-04d0-46ea-992e-ea5aa283305f",28687,"079","San Luis Obispo",2114560,0.13336722533293,28687,1.35664157082324,1.07923564354418,0.305012212450616
"618","1652d79a-f4fc-4151-a0d1-1b7366730f47",2940,"029","Kern",5210880,0.17580677352002,2940,0.0564204126750184,0.487370305093142,-2.87492425909582
"619","eeef101a-3a50-4407-8e6d-cd80d0d07599",90,"039","Madera",1368320,0.11711880261927,90,0.00657740879326473,0.284782769135641,-5.02411441162035
"620","bc89aab5-5f30-46a2-9881-6dbae22893b6",33,"065","Riverside",4613120,0.536275232380688,33,0.000715350998890122,0.163542185432572,-7.24273722818732
"621","8816f0da-0818-499a-9ff6-ba4fd56ca7c8",6033,"007","Butte",1049600,0.197506669207317,6033,0.574790396341463,0.870717705831254,-0.553749832743109
"622","67c20627-e6cb-4900-9f40-01e8da154a53",74,"071","San Bernardino",12839680,0.170849740803509,74,0.000576338351111554,0.154942079328454,-7.45881565460489
"623","effeee13-51d7-4cf2-a62f-93b47b34605a",58,"079","San Luis Obispo",2114560,0.13336722533293,58,0.00274288740920097,0.228850568296465,-5.89874411446008
"624","932a3f2f-6c0e-42a6-b357-f333774b4ea8",36,"043","Mariposa",928640,0.0183278773259821,36,0.00387663680220538,0.249524835865269,-5.5527873047937
"625","248bba19-4fdf-4285-a210-1334454ad80a",231,"013","Contra Costa",460800,2.51077690972222,231,0.0501302083333333,0.473178362910998,-2.99313149185393
"626","2ec4e814-477b-47e7-a36b-4da26f94e277",10,"089","Shasta",2423040,0.0746706616481775,10,0.00041270470153196,0.142531171292121,-7.79277822914085
"627","dfd1e0d9-42b5-436a-aa83-ffcbbb7a6145",18430,"083","Santa Barbara",1752320,0.253285358838568,18430,1.05174853907962,1.01269339950253,0.0504540544498486
"628","f09f75ff-d9fe-4a25-89d0-75dc98d1fe30",410,"049","Modoc",2524160,0.00337181478194726,410,0.0162430273833671,0.356998789988053,-4.1200915463898
"629","51bf0e2a-7f1f-4fe1-aeaa-70510ad42d0e",27276,"093","Siskiyou",4023680,0.0108507634801972,27276,0.677886909495785,0.907380228400638,-0.388774805108144
"630","743b2276-742e-4d25-be9b-60364ca880f6",340,"079","San Luis Obispo",2114560,0.13336722533293,340,0.016078995157385,0.356094057399133,-4.13024150739629
"631","2adaf964-e996-4e55-a616-ac42375ee156",370,"013","Contra Costa",460800,2.51077690972222,370,0.0802951388888889,0.532319423778607,-2.52204619673746
"632","5a52750e-30a0-4d26-a75b-58f79e1e24f4",50,"115","Yuba",403200,0.209102182539683,50,0.0124007936507937,0.333704735952074,-4.38999480432306
"633","fd82cbd0-ec25-461c-aef1-4c0c92060348",13,"017","El Dorado",1095680,0.175823233060748,13,0.00118647780373832,0.185594415608041,-6.73676618960578
"634","a21faf4f-3628-4e24-ac64-8471d9d12560",1816,"053","Monterey",2126080,0.203594408488862,910.466646543918,0.0428237247207969,0.454905418296185,-3.15066301406423
"635","a21faf4f-3628-4e24-ac64-8471d9d12560",1816,"079","San Luis Obispo",2114560,0.13336722533293,905.533353456082,0.0428237247207969,0.454905418296185,-3.15066301406423
"636","de1788c0-2996-40cf-9f76-2920b210d6a9",29,"103","Tehama",1888640,0.034546022534734,29,0.00153549644188411,0.197953052729155,-6.47890153532209
"637","6ee351a7-9382-48bc-a161-b417f7560ff9",48660,"031","Kings",889600,0.171966052158273,48660,5.46987410071942,1.52930578931351,1.69925559984715
"638","79fd7b45-381a-4819-9dc7-f80a98010809",166,"007","Butte",1049600,0.197506669207317,166,0.0158155487804878,0.354626402596527,-4.14676172282733
"639","61cc4072-7db6-4fd2-bc9a-652728780c67",747,"091","Sierra",609920,0.00527446222455404,747,0.122475078698846,0.59157788695177,-2.09984770888701
"640","9a1a4247-479d-46ff-99cc-4251c5e333fa",70,"085","Santa Clara",826240,2.26440864639814,70,0.0084721146398141,0.303387690485552,-4.77097513916291
"641","1be14ce2-5e9c-4cc2-89bf-f36cb1d1ccbd",10,"007","Butte",1049600,0.197506669207317,10,0.000952743902439024,0.175688787050568,-6.95616441818982
"642","a26038b9-df04-4ade-b918-0c4fb9a8dbcf",50,"083","Santa Barbara",1752320,0.253285358838568,50,0.00285336011687363,0.231120860953115,-5.85925799078587
"643","1348f32a-510f-4ad3-971f-b75b9cf9f0c0",460,"071","San Bernardino",12839680,0.170849740803509,460,0.00358264380420696,0.244653204120202,-5.63165425832592
"644","04b54dc3-10a2-4fdf-bfa6-60a1fe2b0f7d",400,"073","San Diego",2690560,1.21766769743102,400,0.0148667935299715,0.349183993458975,-4.20862517525449
"645","f7b03fae-de58-4674-9f4f-d3e9d2762d84",83733,"035","Lassen",2917120,0.0102512066695919,83733,2.87039957218078,1.3016241241256,1.05445124383717
"646","580ce9d9-b8dc-4dc1-9f10-11bf48df9492",101,"085","Santa Clara",826240,2.26440864639814,101,0.0122240511231603,0.332509294433733,-4.40434986437101
"647","6f9581fa-7c8a-45d1-988d-0a299fc15d62",59,"009","Calaveras",652800,0.071328125,59,0.00903799019607843,0.308331550232413,-4.70631845273822
"648","bfa2d3e8-2ede-423f-b7db-f8e6f44a3c82",32,"065","Riverside",4613120,0.536275232380688,32,0.000693673695893452,0.16228889625986,-7.27350888685407
"649","826b4661-020b-425d-84ec-9426c39839e7",46,"071","San Bernardino",12839680,0.170849740803509,46,0.000358264380420696,0.13757860701702,-7.93423935131996
"650","bf2e0a34-e600-4e21-9135-168e28c2893d",35,"041","Marin",332800,0.769284855769231,35,0.0105168269230769,0.320236758926573,-4.55477874045169
"651","e6626b0a-428c-442f-9ec5-591effef172d",10,"065","Riverside",4613120,0.536275232380688,10,0.000216773029966704,0.12133925161396,-8.43665969665975
"652","13dedbc3-8b85-4f64-b3db-89ed81ed4f1d",40,"053","Monterey",2126080,0.203594408488862,40,0.00188139674894642,0.208266825473921,-6.27574082642493
"653","95cd2f17-1278-4cc9-90f4-000e4eba415a",900,"045","Mendocino",2245760,0.0399788935594186,900,0.0400755200911941,0.447424531287897,-3.21698960262453
"654","9feb25c4-d3ae-4f78-9fc9-a1ad2b308e42",81826,"043","Mariposa",928640,0.0183278773259821,81826,8.81138008270159,1.72290362111912,2.17604407724868
"655","7f742021-ea49-4de5-89a2-f5b9d05d6bbb",20,"045","Mendocino",2245760,0.0399788935594186,20,0.000890567113137646,0.172749446032346,-7.02365209239485
"656","f44aec62-5d1d-422f-9ff9-dbef80e4e27f",1649,"019","Fresno",3816320,0.26601280815026,1649,0.0432091648499078,0.45592558925926,-3.14170265692913
"657","0726d9f7-2baa-4652-b1d6-cbab45783f64",70,"011","Colusa",736640,0.0297485881841877,70,0.00950260642919201,0.312219975707436,-4.65618915703815
"658","2f9f1bf9-6188-46a2-b91f-f212cdd21528",117,"009","Calaveras",652800,0.071328125,117,0.0179227941176471,0.365890748882628,-4.02168196184619
"659","f568b94d-f388-4231-8aac-ac2572ca872d",15,"049","Modoc",2524160,0.00337181478194726,15,0.000594257099391481,0.156132601019786,-7.42819850498594
"660","1ba1f29a-5281-4f53-857d-106ae5e7db84",40,"033","Lake",805120,0.0846966911764706,40,0.00496820349761526,0.265491024903527,-5.30469697351208
"661","80844950-65c8-44ec-b63a-7e51412fea0c",59,"107","Tulare",3087360,0.154677135157546,59,0.00191101782752902,0.209081778007297,-6.26011928486693
"662","2f2a4afd-06f1-4b57-b3f2-db8e3d9ac05c",2312,"031","Kings",889600,0.171966052158273,2312,0.259892086330935,0.714000085657178,-1.3474887866981
"663","82689e99-9158-4403-b8c5-bababc3c81f6",19,"023","Humboldt",2286720,0.0590408970053177,19,0.000830884410859222,0.169779461860505,-7.0930198692226
"664","27759042-9df3-4d57-951e-f5727bcf013f",1083,"029","Kern",5210880,0.17580677352002,1083,0.0207834377302874,0.37969016348157,-3.87359887242756
"665","3c61a039-cf71-40da-89e9-bcc5a62e2c1a",180,"089","Shasta",2423040,0.0746706616481775,180,0.00742868462757528,0.293581023610107,-4.90240647124468
"666","244961af-65d5-472b-972f-e02df96e9ccb",72,"065","Riverside",4613120,0.536275232380688,72,0.00156076581576027,0.198762493378066,-6.46257867063774
"667","7a317400-8838-4fd4-8c2f-b8c12add5d6a",58,"107","Tulare",3087360,0.154677135157546,58,0.00187862769485904,0.208190150966514,-6.27721371822623
"668","eff9d678-293f-43aa-96af-c5cf3203b31f",2289,"107","Tulare",3087360,0.154677135157546,2289,0.074141013681592,0.52181268202018,-2.60178640882008
"669","1f8c73d1-2cb8-4e98-bd44-d6dccd601c7e",124,"109","Tuolumne",1431040,0.0381058530858676,124,0.00866502683363148,0.305100189924998,-4.74846025903558
"670","ce6fb2ba-9799-4b36-a64f-8bf02392d6ee",135,"037","Los Angeles",2598400,3.74120150862069,135,0.00519550492610837,0.268476909698224,-5.25996146452298
"671","ee20b421-06cd-40d2-a22c-0f9e8ddeee71",63,"065","Riverside",4613120,0.536275232380688,63,0.00136567008879023,0.192236764962202,-6.59611006326227
"672","1eef0c21-122b-4522-80d1-edf08c82c777",19,"099","Stanislaus",956800,0.576165342809365,19,0.00198578595317726,0.211097509007649,-6.22174049702397
"673","510c877d-b80b-423f-b7e0-4276ce646f4a",103,"007","Butte",1049600,0.197506669207317,103,0.00981326219512195,0.314741021984742,-4.62402052295423
"674","a95302d3-8574-4900-9d2a-daa33c55b70e",4310,"063","Plumas",1634560,0.011838659945184,4310,0.263679522317933,0.716587289883289,-1.33302084386032
"675","51e42770-97b4-4204-af57-8ab56992eb71",675,"109","Tuolumne",1431040,0.0381058530858676,675,0.0471684928443649,0.466029061325286,-3.05402913376809
"676","7dd19215-986b-4365-a40d-2267b4a05de0",47,"079","San Luis Obispo",2114560,0.13336722533293,47,0.00222268462469734,0.217129814495573,-6.10903952329644
"677","d9f83833-30c4-448d-b2ca-c5a63791b83d",10,"057","Nevada",613120,0.166840096555324,10,0.00163100208768267,0.200961854239685,-6.41856067534244
"678","2fd950a8-fadb-467c-ab59-88e7ea007738",140,"017","El Dorado",1095680,0.175823233060748,140,0.012777453271028,0.336210347350696,-4.36007312445801
"679","0d93e84b-8460-4d5d-946c-630ade76747d",416,"107","Tulare",3087360,0.154677135157546,416,0.0134742951907131,0.34070343672207,-4.30697146851138
"680","8cf9e7dc-74b9-4b97-9a03-f523f3eff56f",1268,"067","Sacramento",618240,2.56238515786749,1268,0.2050983436853,0.672961994705225,-1.58426568958097
"681","7b95ce91-9581-4fe6-887d-ab1bf6420205",51,"085","Santa Clara",826240,2.26440864639814,51,0.00617254066615027,0.280295412560681,-5.08764474848794
"682","be5275b7-1472-4423-a9c8-0f2491179150",319,"015","Del Norte",645120,0.0419797867063492,319,0.0494481646825397,0.471560635429974,-3.0068303362121
"683","84c8a735-9e8f-4310-84ab-39079ad1ea14",85,"071","San Bernardino",12839680,0.170849740803509,85,0.000662010268168677,0.160404364658877,-7.32022949131874
"684","918e4e6c-7814-42ed-9cd5-aa11d29367da",255,"073","San Diego",2690560,1.21766769743102,255,0.0094775808753568,0.312014210947583,-4.65882617720404
"685","a441e39a-1be1-4be5-8c07-b32bc6f07df0",20,"071","San Bernardino",12839680,0.170849740803509,20,0.000155767121922042,0.111716918731313,-8.76714847425507
"686","855e28e2-753b-4c36-bf39-27ace518776d",13,"017","El Dorado",1095680,0.175823233060748,13,0.00118647780373832,0.185594415608041,-6.73676618960578
"687","907cd7cd-cc26-4529-a9f8-cee1e1560086",150,"079","San Luis Obispo",2114560,0.13336722533293,150,0.00709367433414044,0.290213634149732,-4.94855183091024
"688","ebcee501-5709-4382-8eab-d8595ba6606d",39,"115","Yuba",403200,0.209102182539683,39,0.00967261904761905,0.3136071970773,-4.63845616362156
"689","e8ebb6f2-16f5-4342-bce1-d36ff9c9422c",78,"085","Santa Clara",826240,2.26440864639814,78,0.00944035631293571,0.311707388492884,-4.66276155452268
"690","1d8a8aaf-f294-46e1-8224-6ea3e8c39634",170,"071","San Bernardino",12839680,0.170849740803509,170,0.00132402053633735,0.190754011729827,-6.62708231075879
"691","a3bd6249-555a-4ee1-99c0-69333d71bdfb",57,"103","Tehama",1888640,0.034546022534734,57,0.0030180447305998,0.234385865382071,-5.80314609747402
"692","77ab4672-c61f-488f-a165-acb40eeac713",15,"057","Nevada",613120,0.166840096555324,15,0.00244650313152401,0.222400850636511,-6.01309556723428
"693","09f55a45-f261-492f-b496-8744d878ef57",20,"109","Tuolumne",1431040,0.0381058530858676,20,0.00139758497316637,0.193350168825013,-6.57300955108663
"694","00a13d84-415e-4106-aa31-2e664ed9eabf",17,"089","Shasta",2423040,0.0746706616481775,17,0.000701597992604332,0.162750407424594,-7.26214997807868
"695","e9862c12-da9f-4205-9993-91a3b1437de4",155,"093","Siskiyou",4023680,0.0108507634801972,155,0.00385219500556704,0.249130595408298,-5.55911216182944
"696","fd0a69a3-91d5-422b-bab4-dc6a4b0de134",236,"017","El Dorado",1095680,0.175823233060748,236,0.0215391355140187,0.383095514601471,-3.8378837420417
"697","0f4499f5-846c-4791-994e-81df04fe691a",1350,"029","Kern",5210880,0.17580677352002,1350,0.0259073323507738,0.401195149880526,-3.65322924799608
"698","75fb489f-1e3e-4929-a6fb-a288416b96e0",11,"097","Sonoma",1008640,0.478515625,11,0.00109057741116751,0.181724768594289,-6.82104798798508
"699","32a79e9b-8ce3-477e-b698-2eb16ef66aac",100,"071","San Bernardino",12839680,0.170849740803509,100,0.000778835609610208,0.167055758266658,-7.15771056182097
"700","3dcf54bc-89f5-41b3-b797-5dcdf0e629e8",200,"065","Riverside",4613120,0.536275232380688,200,0.00433546059933407,0.25660127556797,-5.44092742310576
"701","5367822f-b489-4da5-b90e-c5b2c8abf318",32,"105","Trinity",2034560,0.00775646822900283,32,0.00157282164202579,0.199145211940971,-6.4548840484767
"702","47dd7f12-4141-473e-b2c1-2e625df3b784",70,"079","San Luis Obispo",2114560,0.13336722533293,70,0.0033103813559322,0.239866449547754,-5.71069188295714
"703","a1554868-0f98-41d4-9132-1f0bbf10b22c",460,"079","San Luis Obispo",2114560,0.13336722533293,460,0.0217539346246973,0.384047068809706,-3.82796063552335
"704","dd6c5dfb-e5f5-4c1b-ab7f-aa9f3a4f60fc",85,"023","Humboldt",2286720,0.0590408970053177,85,0.00371711446963336,0.2469172798163,-5.59480759189872
"705","093bdb67-4c14-402d-a034-3714b7125c49",325,"071","San Bernardino",12839680,0.170849740803509,325,0.00253121573123318,0.224301558012533,-5.97905556547932
"706","9705ad0d-5bf1-4221-a7c3-3af6d99be3d0",10,"037","Los Angeles",2598400,3.74120150862069,10,0.000384852216748768,0.140063023824806,-7.86265114996736
"707","e1582691-805c-4627-b20b-e5e8ba110f20",30,"023","Humboldt",2286720,0.0590408970053177,30,0.00131192275398825,0.190316773400255,-6.63626146672688
"708","21714c67-dc5a-4d86-8794-79d85f87b71b",62,"033","Lake",805120,0.0846966911764706,62,0.00770071542130366,0.296232544245979,-4.86644204258092
"709","58d62aeb-29f5-45f5-93ac-a657b0708149",122,"065","Riverside",4613120,0.536275232380688,122,0.00264463096559378,0.226772960451741,-5.93522374492054
"710","e4834d78-fd4a-44b4-8669-52cbdc41113d",50,"029","Kern",5210880,0.17580677352002,50,0.000959530827806436,0.176000836960114,-6.9490661140004
"711","d3213d2a-4b10-4eef-b8df-bdebc5cd948f",1020,"063","Plumas",1634560,0.011838659945184,1020,0.062402114330462,0.499804113576514,-2.77415612067979
"712","93fe220b-0458-4e26-827c-93883093681e",530,"035","Lassen",2917120,0.0102512066695919,530,0.0181686046511628,0.367138892660936,-4.00806019362509
"713","06664fe1-c56c-4a00-833c-f9f3f6d6d18f",859,"035","Lassen",2917120,0.0102512066695919,859,0.0294468516893374,0.414247329392179,-3.525168278187
"714","ab009bd1-6784-4fda-a931-532520742a8b",92,"065","Riverside",4613120,0.536275232380688,92,0.00199431187569367,0.21132373057791,-6.21745621260476
"715","e65c3e0b-08d9-43cf-b1ac-8e57d5f407fc",82,"053","Monterey",2126080,0.203594408488862,82,0.00385686333534016,0.249206039123721,-5.55790103327461
"716","9eb07177-e62a-4f5a-adeb-e95508e31959",4736,"105","Trinity",2034560,0.00775646822900283,4736,0.232777603019818,0.69460083004334,-1.45767177471259
"717","09e74687-85e7-488f-a5c8-8a11f75ab7d8",338,"029","Kern",5210880,0.17580677352002,338,0.00648642839597151,0.283792822297741,-5.03804322394553
"718","a8ab00de-6074-45a0-9e3d-f43b090e8346",100,"085","Santa Clara",826240,2.26440864639814,100,0.0121030209140201,0.331683178003372,-4.41430019522418
"719","a43d0b54-a91e-40ba-b121-2e0f067201b6",15,"103","Tehama",1888640,0.034546022534734,15,0.000794222297526262,0.167874804104619,-7.13814716420636
"720","4b885d8c-8951-46c5-a3d1-520cfd0ac964",114,"055","Napa",482560,0.278307360742706,114,0.0236240053050398,0.39204722382946,-3.74549190997909
"721","bae69034-3bf6-48c3-a642-d0242cf090f9",19,"065","Riverside",4613120,0.536275232380688,19,0.000411868756936737,0.14245894121416,-7.79480581048736
"722","e6308517-0b7c-4efb-9369-b9aa3fe3ad14",775,"079","San Luis Obispo",2114560,0.13336722533293,775,0.0366506507263923,0.437542679887804,-3.30632409565315
"723","f0dbf1f5-9f21-4d11-a432-d32f7f18c412",41,"093","Siskiyou",4023680,0.0108507634801972,41,0.00101896771114999,0.178665255843115,-6.88896521204438
"724","c57ff6c2-e5df-48c5-831c-1dbad73df5ef",1500,"065","Riverside",4613120,0.536275232380688,1500,0.0325159544950056,0.424643153896825,-3.4260244025635
"725","8779fe43-665b-4643-a730-6344c44018c7",125,"043","Mariposa",928640,0.0183278773259821,125,0.013460544452102,0.340616480079913,-4.30799250594751
"726","2995e2b3-f18d-44ec-952f-9f148b8354d9",8094,"043","Mariposa",928640,0.0183278773259821,8094,0.871597174362509,0.96622652004988,-0.137427917814003
"727","b02ec4f1-ac5c-4b22-b7fa-5834af16d807",7000,"043","Mariposa",928640,0.0183278773259821,7000,0.753790489317712,0.931778453116167,-0.282640815212364
"728","c3ad74dc-6842-463f-8808-05161a8ba570",600,"065","Riverside",4613120,0.536275232380688,600,0.0130063817980022,0.337706270465467,-4.34231513443765
"729","1b49e4e3-7506-4bf4-b86f-fd3ca93fd85b",17,"089","Shasta",2423040,0.0746706616481775,17,0.000701597992604332,0.162750407424594,-7.26214997807868
"730","a1b6ff5e-0533-408c-b02a-3061f60fb263",168,"065","Riverside",4613120,0.536275232380688,168,0.00364178690344062,0.245656710710421,-5.61528081025054
"731","f31a117a-572a-4956-9797-ad08e3933bb7",867,"115","Yuba",403200,0.209102182539683,867,0.215029761904762,0.680964769097113,-1.53697883297066
"732","3becdf3e-b110-41ab-86ce-645e041d296f",186,"063","Plumas",1634560,0.011838659945184,186,0.0113792090837901,0.326608903281294,-4.47596735324491
"733","490ae25d-c3d8-4a90-9e75-0ad85e0f629f",78698,"093","Siskiyou",4023680,0.0108507634801972,78698,1.9558712422459,1.18259235000853,0.670835742373283
"734","345f6faa-9946-418e-8a60-d5cb9efb3af4",2295,"107","Tulare",3087360,0.154677135157546,2295,0.0743353544776119,0.522154294433588,-2.599168606278
"735","2f1b8cff-f7d6-4459-866b-7c84bd531dcc",200,"073","San Diego",2690560,1.21766769743102,200,0.00743339676498573,0.293627568363628,-4.90177235581443
"736","687e2987-2306-477b-bbaf-0d5465eb1e7c",3142,"093","Siskiyou",4023680,0.0108507634801972,3142,0.0780877206934945,0.528622551523675,-2.54992245993312
"737","3e005fd9-11a4-4145-a71f-8a4cf9a1341a",7697,"049","Modoc",2524160,0.00337181478194726,7697,0.304933126267748,0.743106656482011,-1.18766278455383
"738","89b5d4db-ce4e-43b9-8618-f89088d35ee1",200,"001","Alameda",472320,3.44892657520325,200,0.0423441734417344,0.45362649757482,-3.16192444841806
"739","83d87ff0-be6c-46fa-ab96-b9845d5d4edc",31,"019","Fresno",3816320,0.26601280815026,31,0.000812300855274191,0.168822072561108,-7.11563977500359
"740","1f8d9fe1-e644-4f53-88ae-4418cc0b4451",62,"073","San Diego",2690560,1.21766769743102,62,0.00230435299714558,0.219097414208314,-6.07295533731738
"741","bfc6b8e4-8021-44ca-8f92-58c724682ba1",157,"035","Lassen",2917120,0.0102512066695919,157,0.0053820206230803,0.270854677124902,-5.22469139482295
"742","becd0762-0e22-4c54-a1c5-3ecd3660dd70",40,"103","Tehama",1888640,0.034546022534734,40,0.0021179261267367,0.21452489691868,-6.15731791119463
"743","90473f02-6572-4a9b-9451-1a18a4bee1ed",111,"019","Fresno",3816320,0.26601280815026,111,0.00290856112694952,0.232230655946941,-5.8400967781764
"744","399dba2c-02c1-4756-a76d-1198d0e838ed",44,"001","Alameda",472320,3.44892657520325,44,0.00931571815718157,0.310673410599502,-4.67605218104784
"745","d83bfb8a-f1e6-4213-b514-89fc16d2eb72",18,"097","Sonoma",1008640,0.478515625,18,0.00178458121827411,0.205534191740237,-6.32857150288729
"746","78754c68-2800-4c5d-aff0-ab0b399ab5ce",46,"065","Riverside",4613120,0.536275232380688,46,0.000997155937846837,0.177701367501006,-6.91060339316471
"747","386b7562-fe70-490b-a92c-a3c21eece0c2",69,"019","Fresno",3816320,0.26601280815026,69,0.00180802448431997,0.206205895069341,-6.31552047489147
"748","18a2b3d6-d86e-4147-ab42-d45b8792e98a",40,"023","Humboldt",2286720,0.0590408970053177,40,0.00174923033865099,0.204508682217589,-6.3485793942751
"749","f3c1f59e-b0d5-4c14-976f-ae6c583b2224",10,"005","Amador",387840,0.10677599009901,10,0.00257838283828383,0.225339253086095,-5.96059288344089
"750","c8ebf0c1-e560-4e22-a946-129af8699dfb",36556,"107","Tulare",3087360,0.154677135157546,36556,1.18405368988391,1.04314060002067,0.168943881619445
"751","f8cd3b44-ec6b-4338-9edc-ebd879a8aafc",54,"093","Siskiyou",4023680,0.0108507634801972,54,0.00134205503419755,0.191400285553161,-6.61355323218441
"752","7c9253af-4c43-41bb-b1de-44af15e0d83e",4016,"007","Butte",1049600,0.197506669207317,4016,0.382621951219512,0.786488669786779,-0.960707849812305
"753","9989e07d-5125-472d-9601-0d7158b13073",12407,"039","Madera",1368320,0.11711880261927,12407,0.906732343311506,0.975820138986272,-0.097907973507745
"754","b77ff66d-d8ee-49c9-bd0f-92a4350a095a",6042,"035","Lassen",2917120,0.0102512066695919,6042,0.207122093023256,0.674615952318829,-1.57444683822464
"755","62b8a6af-700a-4c93-85d5-a9b85a30faf5",55,"093","Siskiyou",4023680,0.0108507634801972,55,0.00136690790520121,0.192280310066618,-6.59520409351622
"756","71ea2924-bc37-44f4-b454-47eff22e426c",8925,"051","Mono",1948160,0.00666167049934297,8925,0.45812458935611,0.822708341506523,-0.780614102699363
"757","5e01dba8-3d59-41a6-ba60-d78d874eba42",28,"049","Modoc",2524160,0.00337181478194726,28,0.0011092799188641,0.18249891540232,-6.80404419591295
"758","f571f91e-bc07-450c-8822-3ecc61a27863",392,"057","Nevada",613120,0.166840096555324,392,0.0639352818371608,0.502846169280734,-2.74988392854602
"759","182f71e9-0f85-4cb0-8711-ee14c0b6b8f8",27,"049","Modoc",2524160,0.00337181478194726,27,0.00106966277890467,0.180847171629949,-6.84041184008382
"760","4adae6c4-71c9-46d1-9743-e04f186b2c3e",102,"019","Fresno",3816320,0.26601280815026,102,0.00267273184638605,0.227372976506277,-5.92465416620446
"761","62a6c794-97db-4b57-9033-958bcf2e5a99",34,"023","Humboldt",2286720,0.0590408970053177,34,0.00148684578785334,0.196366085064687,-6.51109832377287
"762","220a986e-6d2c-4893-9473-232d1e1abf0c",21846,"105","Trinity",2034560,0.00775646822900283,21846,1.07374567474048,1.01794744548131,0.0711531661270595
"763","7bc10ea0-55b4-40bd-8eca-36ec10106528",85,"065","Riverside",4613120,0.536275232380688,85,0.00184257075471698,0.207183918859465,-6.29659353316348
"764","1e9d7aca-8862-4dff-a8af-5f687afdfda0",30,"037","Los Angeles",2598400,3.74120150862069,30,0.00115455665024631,0.184333305831373,-6.76403886129925
"765","10a447c8-708f-44a3-8679-251500c761d6",130,"073","San Diego",2690560,1.21766769743102,130,0.00483170789724072,0.263648416794133,-5.33255527190689
"766","68328f20-5aed-404d-8c29-81b4b69e8439",5247,"099","Stanislaus",956800,0.576165342809365,5247,0.548390468227425,0.860542798207854,-0.600767712503701
"767","99a7ed51-e64a-4aa9-b8ba-6a9ae4752db0",34,"065","Riverside",4613120,0.536275232380688,34,0.000737028301886793,0.16476730614018,-7.21288426503764
"768","7f33fd28-9a93-438b-84ca-0e57e7c441f4",1749,"099","Stanislaus",956800,0.576165342809365,1749,0.182796822742475,0.653871127108804,-1.69938000117181
"769","406e30d2-2ac0-4c0b-998c-761adde20177",25,"089","Shasta",2423040,0.0746706616481775,25,0.0010317617538299,0.179223459554577,-6.87648749726669
"770","340e471a-a37e-47dd-90da-6c9f35b7eb3b",1319,"029","Kern",5210880,0.17580677352002,1319,0.0253124232375338,0.398871889866449,-3.67645996671124
"771","c2bf9820-7e90-43c4-bd3d-1b26ef7ada51",7194,"037","Los Angeles",2598400,3.74120150862069,7194,0.276862684729064,0.725380884117095,-1.28423361870584
"772","297d6516-ce4f-407d-93f8-9669dc6fd392",1037,"039","Madera",1368320,0.11711880261927,1037,0.0757863657623948,0.524683939104936,-2.57983687372109
"773","a983c540-b47c-4250-a65d-c5d3d76c9b3b",100,"019","Fresno",3816320,0.26601280815026,100,0.00262032533959416,0.226250112678624,-5.94445679350064
"774","cfa04438-152b-4f4b-a712-4343af8c7fcf",3800,"065","Riverside",4613120,0.536275232380688,3800,0.0823737513873474,0.535731534967782,-2.49648844393932
"775","17cd878b-0d5d-49ff-b205-7e0203908f4c",120,"079","San Luis Obispo",2114560,0.13336722533293,120,0.00567493946731235,0.274467109315427,-5.17169538222445
"776","180ea977-b5c2-483d-b9f4-c2f8b8b05ebe",21,"033","Lake",805120,0.0846966911764706,21,0.00260830683624801,0.225990232995986,-5.94905398990259
"777","ba20d998-185c-48ac-8006-15aadf4d3106",79,"063","Plumas",1634560,0.011838659945184,79,0.00483310493343775,0.263667472501737,-5.33226617449109
"778","7b02d757-4f96-4616-99d5-04e4eaa34440",100,"085","Santa Clara",826240,2.26440864639814,100,0.0121030209140201,0.331683178003372,-4.41430019522418
"779","c7a0a280-17c9-409b-85f9-fdda301b6ede",680,"043","Mariposa",928640,0.0183278773259821,680,0.0732253618194349,0.52019405138974,-2.61421344507966
"780","49757269-445f-4525-8698-858d8e0a5398",18618,"035","Lassen",2917120,0.0102512066695919,18618,0.638232229047828,0.893808916467321,-0.449053066494821
"781","92fc9725-ac49-4632-8bbf-e299483940b8",25,"079","San Luis Obispo",2114560,0.13336722533293,25,0.00118227905569007,0.185430000298222,-6.74031130013829
"782","59fae761-fd49-4f06-a2e9-1495c00eb7e9",54,"093","Siskiyou",4023680,0.0108507634801972,54,0.00134205503419755,0.191400285553161,-6.61355323218441
"783","5ef75bbf-adba-424a-bef3-a5efed5b5e2c",32,"105","Trinity",2034560,0.00775646822900283,32,0.00157282164202579,0.199145211940971,-6.4548840484767
"784","38c666cb-6545-428f-985d-a2589dfb3700",39,"109","Tuolumne",1431040,0.0381058530858676,39,0.00272529069767442,0.228482640148075,-5.90518017851097
"785","d0b51e42-5558-47c9-8617-34f6f977ab79",25,"073","San Diego",2690560,1.21766769743102,25,0.000929174595623216,0.174591996729487,-6.98121389749427
"786","98bf51ea-bf23-40a3-b95e-4b795baced3e",74,"079","San Luis Obispo",2114560,0.13336722533293,74,0.00349954600484262,0.243222040011125,-5.65512203180232
"787","ed4e06ba-6d17-459a-831a-9b15a9bd116e",43,"053","Monterey",2126080,0.203594408488862,43,0.0020225015051174,0.212066570626759,-6.2034201648453
"788","47988f74-d4bd-4ddd-814e-22ebc2ca5ccf",2575,"063","Plumas",1634560,0.011838659945184,2575,0.157534749412686,0.630005138383793,-1.84810921386027
"789","e1a5b757-2bc1-440f-b3d1-06cd41171775",10,"019","Fresno",3816320,0.26601280815026,10,0.000262032533959416,0.127229788188163,-8.24704188649469
"790","089f95f8-8834-4cc6-87c7-15cb1aeca7b8",200,"033","Lake",805120,0.0846966911764706,200,0.0248410174880763,0.397001680514662,-3.69525906107798
"791","01202971-a157-41f8-91cc-cf7c3b8f9473",143,"007","Butte",1049600,0.197506669207317,143,0.0136242378048781,0.34164734796049,-4.29590488092396
"792","d43c681d-b57e-47e6-a6ad-e3ed08de9ff7",39715,"093","Siskiyou",4023680,0.0108507634801972,39715,0.987031771910291,0.996742056233488,-0.0130530496814548
"793","81b26bc7-7d65-4591-9d27-4e698cab4f12",50,"081","San Mateo",287360,2.53751739977728,50,0.0173997772828508,0.363191706090396,-4.05129787267973
"794","4a015862-8ac1-4c91-aa4c-c9831630b75a",900,"089","Shasta",2423040,0.0746706616481775,900,0.0371434231378764,0.439006025845052,-3.29296855881058
"795","59d6fc84-0d58-4e29-b910-1993dba51b3a",40,"015","Del Norte",645120,0.0419797867063492,40,0.00620039682539683,0.280611116215286,-5.083141984883
"796","ea832344-b0c6-4443-b5f0-457c462d911c",12,"007","Butte",1049600,0.197506669207317,12,0.00114329268292683,0.183882058124301,-6.77384286139587
"797","ab08cb64-67c4-4e7d-8081-b5574131f755",58,"033","Lake",805120,0.0846966911764706,58,0.00720389507154213,0.291334451392641,-4.93313341707959
"798","7cc06465-bf2a-4df2-a68d-5f330e1cea42",13417,"105","Trinity",2034560,0.00775646822900283,13417,0.659454624095628,0.901148220565585,-0.416342112685957
"799","f7a51800-b219-428c-aef0-ee5fa5de4d64",136,"017","El Dorado",1095680,0.175823233060748,136,0.0124123831775701,0.333782677037839,-4.38906066133126
"800","32d7eab5-d948-4be0-af69-b233e311d2b9",483,"039","Madera",1368320,0.11711880261927,483,0.0352987605238541,0.433450855021269,-3.34390742829804
"801","efa1dc61-85e3-4fb6-b6f6-04c3845d9ca6",146,"045","Mendocino",2245760,0.0399788935594186,146,0.00650113992590482,0.283953599542979,-5.03577774424051
"802","19ada70e-4932-449c-8483-d65685995487",155,"001","Alameda",472320,3.44892657520325,155,0.0328167344173442,0.425621776995257,-3.41681669804685
"803","a8567989-a0c5-4c31-9012-82f99d76129f",237,"019","Fresno",3816320,0.26601280815026,237,0.00621017105483817,0.280721638881487,-5.0815668383536
"804","e7cb239e-7d9e-440d-ba5a-c6881406ce95",48,"039","Madera",1368320,0.11711880261927,48,0.00350795135640786,0.243367953794396,-5.65272307104273
"805","c64e288e-d258-45e0-8357-b7a7289c0b92",245,"079","San Luis Obispo",2114560,0.13336722533293,245,0.0115863347457627,0.328085108010095,-4.45792891446177
"806","04b4caff-a62d-465b-b9a7-81986f91c0c3",10,"043","Mariposa",928640,0.0183278773259821,10,0.00107684355616816,0.181149922844085,-6.83372115025577
"807","cf38fe5e-29ca-498d-bc9c-d3f2fd8ff883",28,"007","Butte",1049600,0.197506669207317,28,0.00266768292682927,0.227265520721542,-5.92654500100867
"808","c9009967-c0c1-47d3-b2eb-47b2d7a5da0e",55,"095","Solano",529920,0.846820274758454,55,0.0103789251207729,0.319181781709703,-4.56797795951841
"809","ab42234a-7930-4636-8af5-3fc11ca8b34d",26,"115","Yuba",403200,0.209102182539683,26,0.0064484126984127,0.283376091625516,-5.04392127172972
"810","c4f61042-d1ef-4d00-956d-785368ee34ca",22,"001","Alameda",472320,3.44892657520325,22,0.00465785907859079,0.261244157287766,-5.36919936160778
"811","cb3599f6-751d-4072-8db1-6e366ac603c9",105,"079","San Luis Obispo",2114560,0.13336722533293,105,0.00496557203389831,0.265455862857209,-5.30522677484897
"812","0176a674-c102-4854-92af-7d09aa3e1430",2662,"059","Orange",606720,5.19380274261603,2662,0.438752637130802,0.813869802617937,-0.823819493665591
"813","f2e55878-e387-412b-a067-dadc649bed43",18900,"107","Tulare",3087360,0.154677135157546,18900,0.612173507462687,0.884542353926488,-0.490739527724914
"814","f839c34f-de3b-4e79-9b4f-e3502557d32b",444,"083","Santa Barbara",1752320,0.253285358838568,444,0.0253378378378378,0.398971972689503,-3.6754564337818
"815","62a5257e-a841-4f7a-ae19-52aa89570bd9",40,"029","Kern",5210880,0.17580677352002,40,0.000767624662245149,0.166451314732564,-7.17220966531461
"816","58533f37-ed81-4ac4-89e9-b4088684d9e7",35,"065","Riverside",4613120,0.536275232380688,35,0.000758705604883463,0.165965692770654,-7.18389672816439
"817","03d74bbd-627c-47af-a2e9-5351e6e16f6a",100,"095","Solano",529920,0.846820274758454,100,0.0188707729468599,0.370635848181818,-3.97014095876279
"818","273d1f78-c432-46c0-8969-26c3f936cc65",17,"043","Mariposa",928640,0.0183278773259821,17,0.00183063404548587,0.206847551174502,-6.3030928991936
"819","bc12dbf6-db36-4dcf-86d6-84d3beb14cad",20,"103","Tehama",1888640,0.034546022534734,20,0.00105896306336835,0.180393216801591,-6.85046509175457
"820","2049dbb6-1a87-4d9d-abde-092d35072934",87,"033","Lake",805120,0.0846966911764706,87,0.0108058426073132,0.322414569942048,-4.52766830897143
"821","6ab80358-cb3c-4e2a-85da-0cd77003fc12",40,"089","Shasta",2423040,0.0746706616481775,40,0.00165081880612784,0.20156951550224,-6.40648386802096
"822","fc87e089-36dc-4314-8321-7d91e7eead21",20,"097","Sonoma",1008640,0.478515625,20,0.00198286802030457,0.211019919065579,-6.22321098722946
"823","e3ed6829-5211-436a-8e32-ec617c3ebc83",10,"103","Tehama",1888640,0.034546022534734,10,0.000529481531684175,0.151692009344544,-7.54361227231452
"824","e2c1718a-40e5-4139-a379-011c77f021bd",20,"023","Humboldt",2286720,0.0590408970053177,20,0.000874615169325497,0.171970617765031,-7.04172657483505
"825","adf929a5-d508-4f69-8845-8fa1df8d4f95",8500,"007","Butte",1049600,0.197506669207317,8500,0.809832317073171,0.948634196092821,-0.210928068705462
"826","676946dc-1b38-4a09-9bbe-9ce638cfed52",51624,"055","Napa",482560,0.278307360742706,24604.6118836915,5.09876738305942,1.50267928569536,1.62899882092245
"827","676946dc-1b38-4a09-9bbe-9ce638cfed52",51624,"095","Solano",529920,0.846820274758454,27019.3881163085,5.09876738305942,1.50267928569536,1.62899882092245
"828","82c2aafa-ef04-49f0-a172-0dfa8a15582e",36807,"055","Napa",482560,0.278307360742706,11910.9347639485,2.46828057939914,1.25342580504554,0.90352178653392
"829","82c2aafa-ef04-49f0-a172-0dfa8a15582e",36807,"097","Sonoma",1008640,0.478515625,24896.0652360515,2.46828057939914,1.25342580504554,0.90352178653392
"830","be79d28c-767d-4a0d-b168-e86a5842004f",44573,"055","Napa",482560,0.278307360742706,14424.052360515,2.98906920600858,1.31487356030815,1.0949620365997
"831","be79d28c-767d-4a0d-b168-e86a5842004f",44573,"097","Sonoma",1008640,0.478515625,30148.947639485,2.98906920600858,1.31487356030815,1.0949620365997
"832","36d55b1a-a2f4-4f40-b57c-48341bb2ace5",8283,"055","Napa",482560,0.278307360742706,8283,1.71647049071618,1.14461408388981,0.540270142224682
"833","4ca0e06c-4e6e-4e00-a4a4-6813e3200bd5",6151,"007","Butte",1049600,0.197506669207317,6151,0.586032774390244,0.87494444112827,-0.534379561975502
"834","608ed849-d1ec-4b0d-a477-d1b8e9c7e6dd",9989,"115","Yuba",403200,0.209102182539683,9989,2.47743055555556,1.25458581370919,0.907221956780945
"835","9a2b8ac1-41f4-4f98-a4e1-9b5ddee37251",76,"057","Nevada",613120,0.166840096555324,76,0.0123956158663883,0.333669897016907,-4.39041242805016
"836","c229ea5c-2ebd-4f80-892e-fc5da8a1eeea",36523,"045","Mendocino",2245760,0.0399788935594186,36523,1.62630913365631,1.12927776011374,0.486313112155096
"837","f30518d1-83ef-440c-8058-d4189bfedab7",130,"009","Calaveras",652800,0.071328125,130,0.0199142156862745,0.375656408125214,-3.91632144618836
"838","fe6e94d7-7b47-4992-9a52-787e1fad8171",1660,"097","Sonoma",1008640,0.478515625,1660,0.164578045685279,0.636931862831901,-1.80437037943286
"839","f8ce12e2-e7c1-4922-b584-63e4421d0598",45,"079","San Luis Obispo",2114560,0.13336722533293,45,0.00212810230024213,0.214782120263432,-6.15252463523618
"840","fb042e0f-1aab-4ac4-9d09-947c9b9f14b6",50,"029","Kern",5210880,0.17580677352002,50,0.000959530827806436,0.176000836960114,-6.9490661140004
"841","0f32c2db-7d28-4cf6-85b8-44b53899c8eb",2207,"033","Lake",805120,0.0846966911764706,2207,0.274120627980922,0.723578125988501,-1.29418702136928
"842","29c37ab7-3af9-458f-b6d3-72023a8c1046",821,"057","Nevada",613120,0.166840096555324,821,0.133905271398747,0.604922054540821,-2.01062265888406
"843","579d5d2a-0e51-4058-92c7-37abd7fe4aad",150,"007","Butte",1049600,0.197506669207317,150,0.0142911585365854,0.345753718272669,-4.24811421708761
"844","969c721c-5f27-41d4-9a94-ffa12e351204",9217,"059","Orange",606720,5.19380274261603,9217,1.51915216244726,1.11019768919808,0.418152391373016
"845","561d4f1b-0827-48a9-8034-e783d2761945",866,"065","Riverside",4613120,0.536275232380688,866,0.0187725443951165,0.370152583589459,-3.97535988109136
"846","09425074-8348-4fbc-b95d-4939750f9345",194,"103","Tehama",1888640,0.034546022534734,194,0.010271941714673,0.318356071297306,-4.57833920624524
"847","46d1ec10-be8e-474a-b98f-ba7cd3521ccd",58,"019","Fresno",3816320,0.26601280815026,58,0.00151978869696462,0.197444846427552,-6.48918396894231
"848","0de36981-b31f-45c7-befd-1596f982e7db",17357,"097","Sonoma",1008640,0.478515625,17357,1.72083201142132,1.14534050303416,0.542807901437431
"849","b3627eac-9f2f-482a-81a6-681e60b5b24a",391,"087","Santa Cruz",285440,0.9261841367713,391,0.136981502242152,0.608366765839075,-1.98790938240032
"850","dcd7fb2e-3a4f-427e-9b13-1d2bcb0e8ac6",50,"037","Los Angeles",2598400,3.74120150862069,50,0.00192426108374384,0.209443071970583,-6.25321323753326
"851","eb8b50ba-b6bc-4668-b3f1-dcdbfbe71b17",148,"105","Trinity",2034560,0.00775646822900283,148,0.0072743000943693,0.29204367400785,-4.92340767751231
"852","ec27a3bd-959b-48f3-872e-2c87047dbae2",183,"029","Kern",5210880,0.17580677352002,183,0.00351188282977155,0.243436112719438,-5.65160296658713
"853","d720af5d-af7c-4052-92b3-fced863cb675",25,"073","San Diego",2690560,1.21766769743102,25,0.000929174595623216,0.174591996729487,-6.98121389749427
"854","11392e98-1571-4405-8f9c-d347caca28ce",19,"057","Nevada",613120,0.166840096555324,19,0.00309890396659708,0.235940246858472,-5.77670678917005
"855","0e9f14ae-01d5-4fbe-85a0-d0967233dc90",29,"017","El Dorado",1095680,0.175823233060748,29,0.00264675817757009,0.226818547976666,-5.93441971708084
"856","61e9a1f4-a263-47a0-93ee-64b52ebd92a9",23,"065","Riverside",4613120,0.536275232380688,23,0.000498577968923418,0.149428442917279,-7.60375057372465
"857","c5783ba0-227e-4ff6-9d7d-61532ccd469b",34,"071","San Bernardino",12839680,0.170849740803509,34,0.000264804107267471,0.127564895979681,-8.2365202231929
"858","eb87224a-f7da-4432-84ca-03a706ee3bac",260,"071","San Bernardino",12839680,0.170849740803509,260,0.00202497258498654,0.212131316376692,-6.20219911679353
"859","33bf7f90-edd9-4bf7-a079-561d5dad25c9",50,"065","Riverside",4613120,0.536275232380688,50,0.00108386514983352,0.181444502015229,-6.82722178422565
"860","50bd55cc-7c58-462d-a919-923b4bdcca15",40,"071","San Bernardino",12839680,0.170849740803509,40,0.000311534243844083,0.132854554621458,-8.07400129369512
"861","733028fc-bf0a-4737-878b-78a29c9ee2ee",184,"029","Kern",5210880,0.17580677352002,184,0.00353107344632768,0.243767996397581,-5.64615336181956
"862","92a8a466-061b-430a-87f9-3b5192947578",73,"079","San Luis Obispo",2114560,0.13336722533293,73,0.00345225484261501,0.242396146797188,-5.6687276838581
"863","2725461a-6ad1-43fd-8b83-5e219df4d558",426,"017","El Dorado",1095680,0.175823233060748,426,0.038879964953271,0.444049582627893,-3.24727620079794
"864","a7ecc679-7fbc-4370-9a55-8e17bf262a2e",100,"033","Lake",805120,0.0846966911764706,100,0.0124205087440382,0.333837289994479,-4.38840624163792
"865","3f481060-1106-4857-8ac3-374a68763922",100,"097","Sonoma",1008640,0.478515625,100,0.00991434010152284,0.315548378788114,-4.61377307479536
"866","c58da6fd-a2e2-4706-9a2e-ee03884c714d",31,"053","Monterey",2126080,0.203594408488862,31,0.00145808248043347,0.195409432255996,-6.53063307605372
"867","e8c7f247-bc31-4e5b-bf71-fe903366d9e5",116,"001","Alameda",472320,3.44892657520325,116,0.024559620596206,0.395872572564649,-3.70665162385973
"868","081c7307-b328-4b64-869a-dce8718bab11",1088,"073","San Diego",2690560,1.21766769743102,1088,0.0404376784015224,0.448431955937534,-3.20799329494658
"869","6418a3f5-8f76-4b47-9a46-64af91838857",13,"099","Stanislaus",956800,0.576165342809365,13,0.00135869565217391,0.191990856653967,-6.60123011872888
"870","1e11fa40-e850-45d2-b65e-05aadc9f02f1",6049,"037","Los Angeles",2598400,3.74120150862069,6049,0.23279710591133,0.694615378585442,-1.45758799485449
"871","a245b55b-3eb7-49dd-9a5e-909d53854055",15619,"037","Los Angeles",2598400,3.74120150862069,15619,0.601100677339901,0.880515092357166,-0.508992842103682
"872","d28bc34e-73a8-454d-9e55-dea7bdd40bee",281893,"083","Santa Barbara",1752320,0.253285358838568,168373.262216405,9.60859102312391,1.76061714672292,2.26265759653316
"873","d28bc34e-73a8-454d-9e55-dea7bdd40bee",281893,"111","Ventura",1181440,0.704737439057421,113519.737783595,9.60859102312391,1.76061714672292,2.26265759653316
"874","c425ed8d-1aab-44c8-bc03-39675ad2b0d2",40,"065","Riverside",4613120,0.536275232380688,40,0.000867092119866815,0.171599615280663,-7.05036533553986
"875","eadd73be-51ab-4078-91cc-04784be3f17f",43,"103","Tehama",1888640,0.034546022534734,43,0.00227677058624195,0.218438818088674,-6.084997249615
"876","23353f29-33d4-4a7b-b78e-66bc761a55c8",370,"051","Mono",1948160,0.00666167049934297,370,0.0189922798948752,0.371231034412683,-3.96372270370893
"877","d12bbce8-5acb-43ef-a259-4fbaf90d32ff",81,"073","San Diego",2690560,1.21766769743102,81,0.00301052568981922,0.234239743808733,-5.80564056769003
"878","60d9b4f4-7b48-4820-9adc-5be0b4353a5c",40,"065","Riverside",4613120,0.536275232380688,40,0.000867092119866815,0.171599615280663,-7.05036533553986
"879","fc8f89b5-988a-4a23-b9e3-333cc690363e",86,"111","Ventura",1181440,0.704737439057421,86,0.00727925243770314,0.292093367154594,-4.92272710917492
"880","494792db-3107-4323-b176-fde4c58cd647",21,"079","San Luis Obispo",2114560,0.13336722533293,21,0.000993114406779661,0.177521034684909,-6.91466468728307
"881","c265dfe8-6217-4a0d-9ea9-37be3b38baef",47,"069","San Benito",888960,0.0760202933765299,47,0.00528707703383729,0.269652163773694,-5.24248973140991
"882","773795d8-5801-4f7c-a2fe-3f8d0ae18f51",100,"073","San Diego",2690560,1.21766769743102,100,0.00371669838249286,0.24691036965664,-5.59491953637438
"883","666b3951-76ce-4351-abc6-3e0518d44901",99,"071","San Bernardino",12839680,0.170849740803509,99,0.000771047253514106,0.166636543524112,-7.16776089767447
"884","fc4fcd00-8eee-43e5-b77f-bbd0c1669744",4088,"073","San Diego",2690560,1.21766769743102,4088,0.151938629876308,0.624334093513588,-1.88427859047893
"885","e1a8e4f1-ba7c-431a-a8c4-069fa3d3d36c",300,"065","Riverside",4613120,0.536275232380688,300,0.00650319089900111,0.283975992243112,-5.0354623149976
"886","d3f8db86-9947-4a4e-9113-0d7e4806417f",19,"065","Riverside",4613120,0.536275232380688,19,0.000411868756936737,0.14245894121416,-7.79480581048736
"887","2aad53ef-d6c3-43dc-92e6-b2f9881ff161",422,"037","Los Angeles",2598400,3.74120150862069,422,0.016240763546798,0.356986350355649,-4.12023092892539
"888","64779f92-8353-4187-ae56-2b83eb66d7ca",14,"083","Santa Barbara",1752320,0.253285358838568,14,0.000798940832724617,0.168123589769437,-7.13222366659876
"889","2fa6f5ce-1c5b-4147-9f1f-9beb01c499af",14,"083","Santa Barbara",1752320,0.253285358838568,14,0.000798940832724617,0.168123589769437,-7.13222366659876
"890","e32c7957-8f4f-4ec1-a0f6-98085a2a7e89",45,"065","Riverside",4613120,0.536275232380688,45,0.000975478634850167,0.176727624731106,-6.93258229988348
"891","d20645f2-81b9-450f-abc1-433b81bd7fea",80,"017","El Dorado",1095680,0.175823233060748,80,0.00730140186915888,0.292315310714446,-4.91968891239343
"892","9d0be6f9-d61b-467d-be68-c8a48c0cf930",50,"053","Monterey",2126080,0.203594408488862,50,0.00235174593618302,0.220215356384116,-6.05259727511072
"893","3d866877-330a-4a14-b5bd-48675955af64",2070,"027","Inyo",6522880,0.00286959134615385,2070,0.0317344485871272,0.422068303892054,-3.45035248191816
"894","f78b2acd-fff2-413a-93d6-8479e138120b",12,"001","Alameda",472320,3.44892657520325,12,0.00254065040650406,0.224510277958704,-5.9753351651781
"895","693a86e6-8985-4e70-8ba8-869786ff538b",1261,"065","Riverside",4613120,0.536275232380688,1261,0.0273350790788013,0.40661189906519,-3.59958445368888
"896","8b34406c-93b7-4a40-a832-2fc525876e59",15,"065","Riverside",4613120,0.536275232380688,15,0.000325159544950055,0.134283955911137,-8.03119458855159
"897","f87005f7-c31b-4135-989a-ee5611626b3c",258,"083","Santa Barbara",1752320,0.253285358838568,258,0.0147233382030679,0.34833857593862,-4.2183214112924
"898","958c8ac0-6111-4d29-b5ac-8ca0e7a2f484",11,"089","Shasta",2423040,0.0746706616481775,11,0.000453975171685156,0.145968123641501,-7.69746804933652
"899","9a49cf24-0e41-4817-b0d0-966e7b5c7e77",21,"065","Riverside",4613120,0.536275232380688,21,0.000455223362930078,0.146068354112499,-7.69472235193038
"900","81cf4d22-336d-4035-b2c3-5b5a8cf2fcc2",12,"073","San Diego",2690560,1.21766769743102,12,0.000446003805899144,0.145323095855492,-7.71518307257447
"901","e84f2881-743c-4e36-863d-ddb37c2540d3",127,"093","Siskiyou",4023680,0.0108507634801972,127,0.00315631461746461,0.237025500148305,-5.7583501922901
"902","fb8c9354-384c-45ab-b209-4a0f6d234516",18,"065","Riverside",4613120,0.536275232380688,18,0.000390191453940067,0.140546306913176,-7.84887303175763
"903","508b3f52-3a8e-4572-99a9-73c28bbdfbef",20,"063","Plumas",1634560,0.011838659945184,20,0.00122357086922475,0.187028280984534,-6.70598175340412
"904","1a08a7d9-47b2-42ba-94c1-a2e15415b887",60,"083","Santa Barbara",1752320,0.253285358838568,60,0.00342403214024836,0.241899214520087,-5.67693643399192
"905","f96cf1fb-78d6-4763-a754-23aac25a3b96",18,"073","San Diego",2690560,1.21766769743102,18,0.000669005708848715,0.160826442698149,-7.3097179644663
"906","32708961-025a-4bf7-88c1-8cd91bbc3cce",300,"073","San Diego",2690560,1.21766769743102,300,0.0111500951474786,0.324952321033598,-4.49630724770627
"907","92c441f3-4729-4ba5-890f-fb7693725275",1756,"047","Merced",1234560,0.234912843442198,1756,0.142236910316226,0.614119768429127,-1.95026122907629
"908","57ef80d4-4674-4a3a-9fd6-3f1d792a1953",70,"065","Riverside",4613120,0.536275232380688,70,0.00151741120976693,0.197367582689217,-6.49074954760444
"909","08a9481d-8742-4256-a419-2a59196e0a8d",15,"065","Riverside",4613120,0.536275232380688,15,0.000325159544950055,0.134283955911137,-8.03119458855159
"910","a339b368-ec58-463e-9a26-9af37c938f49",1065,"027","Inyo",6522880,0.00286959134615385,1065,0.0163271438383046,0.357460085329785,-4.11492629003405
"911","8e840df1-b34b-44fd-8ade-0350a0113a81",73,"065","Riverside",4613120,0.536275232380688,73,0.00158244311875694,0.19944907525309,-6.44878534850541
"912","0d030a31-8531-4172-88f1-08ac34c3d805",26,"107","Tulare",3087360,0.154677135157546,26,0.000842143449419569,0.170351718361035,-7.07956019075117
"913","e1ab6577-7ce9-4b19-bb29-68b5bdd699b6",103,"103","Tehama",1888640,0.034546022534734,103,0.005453659776347,0.271751537759088,-5.21146837707893
"914","454ed7a0-3e17-47a6-9ff1-7a629471df5c",27,"093","Siskiyou",4023680,0.0108507634801972,27,0.000671027517098775,0.160947814000191,-7.30670041274436
"915","d77a050b-9928-49bf-92de-1159edddd07c",88,"047","Merced",1234560,0.234912843442198,88,0.00712804561949196,0.290564543339455,-4.94371818879315
"916","03b0e3c2-7b65-4a7b-b061-d297ebd267f4",12,"055","Napa",482560,0.278307360742706,12,0.0024867374005305,0.223309645202885,-5.99678370858558
"917","b9cd9a90-1983-4a0a-aad4-9c286382f158",59,"073","San Diego",2690560,1.21766769743102,59,0.00219285204567079,0.216397546556321,-6.12255227845675
"918","f163aa10-1dd9-4fd0-9e5b-fda78ef5bcc6",56,"039","Madera",1368320,0.11711880261927,56,0.00409260991580917,0.252929850916924,-5.49857239121547
"919","31c47bb9-1913-463e-95e4-86e48fadfda6",100,"079","San Luis Obispo",2114560,0.13336722533293,100,0.00472911622276029,0.262237621292592,-5.3540169390184
"920","737f9bb2-5a43-4730-94c1-4031bce6d626",108,"019","Fresno",3816320,0.26601280815026,108,0.0028299513667617,0.230645371105577,-5.86749575236451
"921","7f775329-242f-4211-b564-92f90062c227",16,"085","Santa Clara",826240,2.26440864639814,16,0.00193648334624322,0.209774860810743,-6.24688165897249
"922","79dee087-3393-473f-aaa9-5d253cc5e1fa",10,"065","Riverside",4613120,0.536275232380688,10,0.000216773029966704,0.12133925161396,-8.43665969665975
"923","09f22e57-6058-4a87-972a-ece08f4527d4",75,"021","Glenn",841600,0.0336727661596958,75,0.0089115969581749,0.3072478723551,-4.72040182144118
"924","e596a67e-177f-4db9-a2d6-dda7da1678fb",63,"099","Stanislaus",956800,0.576165342809365,63,0.00658444816053512,0.284858934632992,-5.02304474979888
"925","4b641aa9-e8b4-492e-a181-f1bad47c4d6d",25,"079","San Luis Obispo",2114560,0.13336722533293,25,0.00118227905569007,0.185430000298222,-6.74031130013829
"926","503cf916-4f56-4be7-8083-730122f686dc",484,"001","Alameda",472320,3.44892657520325,484,0.102472899728997,0.565786077560288,-2.27815690824947
"927","4235f934-ed24-425d-821c-46363dcb16e8",14,"113","Yolo",647680,0.342939414525692,14,0.00216156126482213,0.215621412794676,-6.13692451059778
"928","3db90629-694f-43d7-b46a-6378f6bc1472",127,"021","Glenn",841600,0.0336727661596958,127,0.0150903041825095,0.350489085732341,-4.1937028485189
"929","b48e83d3-eb05-47df-a198-185912d8190e",23,"103","Tehama",1888640,0.034546022534734,23,0.0012178075228736,0.186807652576133,-6.71070314937942
"930","abe0e447-8977-406f-9e13-5514f4e954bc",23,"013","Contra Costa",460800,2.51077690972222,23,0.00499131944444444,0.265799305223988,-5.30005498644658
"931","105b65f3-7e99-4cd6-8b0a-f78004c041eb",175,"059","Orange",606720,5.19380274261603,175,0.0288436181434599,0.412109318083231,-3.54586651869713
"932","c88bdcbd-2592-44d2-b44d-1c5a37593ffb",10,"065","Riverside",4613120,0.536275232380688,10,0.000216773029966704,0.12133925161396,-8.43665969665975
"933","af8fe898-e4a6-4b9f-86a5-e6fc3226832b",13,"019","Fresno",3816320,0.26601280815026,13,0.000340642294147241,0.13585469201439,-7.9846776220272
"934","2d27a570-a8b0-4332-a40a-3afb8f2a575c",10,"103","Tehama",1888640,0.034546022534734,10,0.000529481531684175,0.151692009344544,-7.54361227231452
"935","a0b7fa30-74d0-419f-927b-de29b0d00018",11,"065","Riverside",4613120,0.536275232380688,11,0.000238450332963374,0.124265188601118,-8.34134951685543
"936","368fb83d-2660-4d9f-b6ad-0a2ef5de1e52",17,"065","Riverside",4613120,0.536275232380688,17,0.000368514150943396,0.138552237084289,-7.90603144559758
"937","39ace715-e375-4083-a05c-7fb7448e17b9",35,"069","San Benito",888960,0.0760202933765299,35,0.00393718502519798,0.250493497242074,-5.53728927163056
"938","0fd4a4af-b243-4e88-b983-648d0c127f47",12,"079","San Luis Obispo",2114560,0.13336722533293,12,0.000567493946731235,0.154344197973601,-7.4742804752185
"939","a9d772ae-90d9-4f8e-9fe7-342b4266dd52",37,"093","Siskiyou",4023680,0.0108507634801972,37,0.000919556227135359,0.174138409073901,-6.99161936610446
"940","8efb9edc-dbe7-4824-9027-22993569f794",38,"073","San Diego",2690560,1.21766769743102,38,0.00141234538534729,0.193858669981245,-6.56250356263608
"941","60041942-db7c-4c3d-8a94-151addbd9d20",10,"073","San Diego",2690560,1.21766769743102,10,0.000371669838249286,0.138847904475954,-7.89750462936842
"942","5340807b-1be1-4894-b446-c81c46456641",1352,"037","Los Angeles",2598400,3.74120150862069,1352,0.0520320197044335,0.477603687236257,-2.9558959863585
"943","c48eaae5-afb4-472c-be65-7dfbb3c82f4d",12,"093","Siskiyou",4023680,0.0108507634801972,12,0.0002982344520439,0.131413339838947,-8.11763062896069
"944","df2538f9-20c9-4d40-9a64-9d6334b6f7d6",1314,"069","San Benito",888960,0.0760202933765299,1314,0.147813174946004,0.620052248004342,-1.91180613407541
"945","5228fabc-64f6-4ccf-aedc-dc1e781277a6",513,"069","San Benito",888960,0.0760202933765299,513,0.0577078833693305,0.49012717928799,-2.8523614879492
"946","9662b158-b17f-4386-867a-3afa5ea28929",300,"039","Madera",1368320,0.11711880261927,300,0.0219246959775491,0.384798521742454,-3.82014160729442
"947","9f926d66-2cfa-4e3d-b4a3-4ea3b4b23698",64,"069","San Benito",888960,0.0760202933765299,64,0.00719942404607631,0.291289237414411,-4.9337542497603
"948","6eed6c93-14f3-450a-80c8-65c5450a8cbd",10,"097","Sonoma",1008640,0.478515625,10,0.000991434010152284,0.177445893489374,-6.91635816778941
"949","a43a2839-d85f-4152-ac07-4a29c31723cf",12,"073","San Diego",2690560,1.21766769743102,12,0.000446003805899144,0.145323095855492,-7.71518307257447
"950","9ededdf0-b250-49ec-999d-eb988dab08a9",265,"073","San Diego",2690560,1.21766769743102,265,0.00984925071360609,0.315029191162164,-4.62035989637625
"951","7278467f-ca4a-47f1-b876-a6722b546f30",62,"077","San Joaquin",895360,0.885933032523231,62,0.00692458899213724,0.288468569071074,-4.97267657998602
"952","cdd46073-0336-4003-8a06-161947985987",200,"047","Merced",1234560,0.234912843442198,200,0.0162001036806636,0.356762705322515,-4.12273763672332
"953","22fc8e84-ae8e-4a10-a9f3-828464616253",2956,"103","Tehama",1888640,0.034546022534734,2956,0.156514740765842,0.628982860909131,-1.85460508324047
"954","1d926fc4-0f23-47dd-a750-5e7fac4ad416",2290,"021","Glenn",841600,0.0336727661596958,2290,0.272100760456274,0.722241499188105,-1.30158283842921
"955","5adaf6fa-0c4a-43e4-bd32-baa089a7f0b2",12,"041","Marin",332800,0.769284855769231,12,0.00360576923076923,0.245047051965347,-5.6252201521531
"956","d6d4d085-1c3b-4ee5-bd2a-dd3779797e97",175,"037","Los Angeles",2598400,3.74120150862069,175,0.00673491379310345,0.28647254761552,-5.00045026903789
"957","63e41793-2c9c-4dda-98e0-62b5069514a7",96,"053","Monterey",2126080,0.203594408488862,96,0.0045153521974714,0.259222627135211,-5.40027208907103
"958","b3ab43c4-6f73-4ccc-a3ca-f2c54959f8b1",215,"069","San Benito",888960,0.0760202933765299,215,0.0241855651547876,0.394356551347614,-3.72199930499231
"959","d886d8aa-00b7-41d7-b48f-665f5c6cf01e",60,"079","San Luis Obispo",2114560,0.13336722533293,60,0.00283746973365617,0.230798408328392,-5.86484256278439
"960","96781eb8-6146-4b96-a5cb-7457defea461",155,"059","Orange",606720,5.19380274261603,155,0.0255472046413502,0.399793608444688,-3.6672273757014
"961","e1c9dae5-a2d8-4c97-8e6d-65937ade5e79",154,"065","Riverside",4613120,0.536275232380688,154,0.00333830466148724,0.240370680082573,-5.70229218724017
"962","7307857b-b127-4b3a-bf11-ee19d07e0736",20,"037","Los Angeles",2598400,3.74120150862069,20,0.000769704433497537,0.166563944481255,-7.16950396940741
"963","994876ff-2369-4a13-9642-d2dfbd372ac9",70,"103","Tehama",1888640,0.034546022534734,70,0.00370637072178922,0.246738666996677,-5.59770212325921
"964","764b9aac-411e-442d-a045-1bd02ec773c2",20,"065","Riverside",4613120,0.536275232380688,20,0.000433546059933407,0.144297501348426,-7.74351251609981
"965","59b452f4-04fe-4251-8cf9-70dfc53ada0c",20,"007","Butte",1049600,0.197506669207317,20,0.00190548780487805,0.208930355586733,-6.26301723762988
"966","f3d3e61e-4ab4-4155-a882-4e27de976659",60,"079","San Luis Obispo",2114560,0.13336722533293,60,0.00283746973365617,0.230798408328392,-5.86484256278439
"967","b307b3b5-529a-4dd0-ad30-e678180a6174",646,"035","Lassen",2917120,0.0102512066695919,646,0.022145129442738,0.385762098714516,-3.81013769638865
"968","3de50f18-061e-40f4-8ee4-8a3d3ef25fb1",4563,"047","Merced",1234560,0.234912843442198,4563,0.369605365474339,0.779712625847165,-0.995319422343953
"969","06ccdd6b-fd15-4cba-a9ed-6cb7c70327d9",60,"039","Madera",1368320,0.11711880261927,60,0.00438493919550982,0.257330280784525,-5.42957951972852
"970","42bd7e44-5bfa-4e25-961d-941a18bc00d0",53,"043","Mariposa",928640,0.0183278773259821,53,0.00570727084769125,0.274857201783051,-5.16601432969769
"971","9b6b1707-4342-4b38-b4a2-1056c202a32a",40,"007","Butte",1049600,0.197506669207317,40,0.0038109756097561,0.248461465403791,-5.56987005706993
"972","af251be5-4fa6-4ced-954c-a0e0aa34a517",32,"033","Lake",805120,0.0846966911764706,32,0.00397456279809221,0.251085909068164,-5.52784052482629
"973","0ffbb118-8070-4220-95a7-cdef27b0a7ae",25,"013","Contra Costa",460800,2.51077690972222,25,0.00542534722222222,0.271398151013596,-5.21667337750753
"974","43d24c96-7841-423f-9e14-bc9a7ff49416",17,"005","Amador",387840,0.10677599009901,17,0.00438325082508251,0.257305506690543,-5.42996463237872
"975","1f49d4b1-f08f-4fce-8b55-48ff0e521a2f",20,"001","Alameda",472320,3.44892657520325,20,0.00423441734417344,0.255092925787681,-5.46450954141211
"976","fc911680-49a8-454b-be0f-d78cd957bd29",185,"047","Merced",1234560,0.234912843442198,185,0.0149850959046138,0.349876587245917,-4.20069917819303
"977","8f98a50c-fac6-4dcd-844f-76c49891f0f6",115,"043","Mariposa",928640,0.0183278773259821,115,0.0123837008959338,0.333589685172711,-4.39137411488656
"978","2bee561f-fd8f-44ad-9c25-ccdc671029bc",40,"013","Contra Costa",460800,2.51077690972222,40,0.00868055555555556,0.305236791790392,-4.74666974826179
"979","b2adde70-a40e-4b81-9f5f-8f6b96042af2",10,"053","Monterey",2126080,0.203594408488862,10,0.000470349187236604,0.147266884588805,-7.66203518754482
"980","d963ff00-9c98-4bc6-a3b3-4856d8192e87",1500,"079","San Luis Obispo",2114560,0.13336722533293,1500,0.0709367433414044,0.516080930121037,-2.64596673791619
"981","d752892a-9bdf-4b91-83f0-2d3f94c3f370",10,"079","San Luis Obispo",2114560,0.13336722533293,10,0.000472911622276029,0.147467051472441,-7.65660203201245
"982","9fe34773-10d3-419a-a6f5-4ddb2d43a145",328,"089","Shasta",2423040,0.0746706616481775,328,0.0135367142102483,0.341097326168461,-4.30234971375075
"983","299d84d9-ff65-4669-bcd7-cb5abb191c75",3392,"103","Tehama",1888640,0.034546022534734,3392,0.179600135547272,0.650993519115278,-1.71702236839677
"984","75ad696c-b094-4919-89e3-f879361f5151",170,"103","Tehama",1888640,0.034546022534734,170,0.00900118603863097,0.308017175773638,-4.7103989282583
"985","72999057-198b-4cd2-a316-2e854ef9a7f8",268,"103","Tehama",1888640,0.034546022534734,268,0.0141901050491359,0.345140880440588,-4.25521038479771
"986","25574325-cf1d-4191-bc3d-c50ed0a15f9c",15180,"033","Lake",805120,0.0846966911764706,15180,1.88543322734499,1.17179809899316,0.634157623323609
"987","c8c8905e-4ff4-4563-8ad8-3838a8d0a3bb",62,"037","Los Angeles",2598400,3.74120150862069,62,0.00238608374384236,0.221014832467473,-6.03810185791631
"988","b4377461-c17b-41b1-8dc2-9722f8ead519",75,"011","Colusa",736640,0.0297485881841877,75,0.0101813640312771,0.317651924927285,-4.5871962855512
"989","d7365a2a-a113-4693-92d3-152f52b0d743",95,"029","Kern",5210880,0.17580677352002,95,0.00182310857283223,0.206634642563258,-6.30721222782801
"990","b900fe52-8900-4578-9745-58036920a1ab",1678,"089","Shasta",2423040,0.0746706616481775,1678,0.0692518489170629,0.512988752615963,-2.67000543510774
"991","28d55249-7c63-4213-a7b4-c0796dbb18ca",163,"109","Tuolumne",1431040,0.0381058530858676,163,0.0113903175313059,0.326688583477399,-4.47499162383385
"992","f2d02439-f682-47e7-b6e9-6e51ca068c86",80,"009","Calaveras",652800,0.071328125,80,0.0122549019607843,0.332718891397095,-4.40182926197006
"993","bda69d0e-716e-439e-9a18-49f44d449086",68,"047","Merced",1234560,0.234912843442198,68,0.00550803525142561,0.272426391440224,-5.20154729809525
"994","eabc7fc2-d02b-480a-9472-7c7677e812cb",90,"045","Mendocino",2245760,0.0399788935594186,90,0.00400755200911941,0.251605303847107,-5.51957469561858
"995","4efc7855-ecbf-4507-8435-399e23a91fef",11789,"077","San Joaquin",895360,0.885933032523231,11789,1.31667709077913,1.07119816441514,0.27511120726102
"996","465ed1e1-89be-4556-b616-834b65746005",10,"007","Butte",1049600,0.197506669207317,10,0.000952743902439024,0.175688787050568,-6.95616441818982
"997","70ff3ebc-0d1f-43eb-ab56-1ff13fe9c9e3",300,"105","Trinity",2034560,0.00775646822900283,300,0.0147452028939918,0.348467827834932,-4.21683747662023
"998","8811a5f8-b99a-454a-9af5-6753579c8d45",375,"053","Monterey",2126080,0.203594408488862,375,0.0176380945213727,0.364428989156345,-4.03769425456846
"999","b17eb5bf-c44a-4e13-99d0-bbdf5e8f8f67",4064,"039","Madera",1368320,0.11711880261927,4064,0.297006548175865,0.738229687467298,-1.2140010926923
"1000","595f6f52-a55b-40e7-8aa6-b409ff9a7a5b",76,"019","Fresno",3816320,0.26601280815026,76,0.00199144725809156,0.211247803633391,-6.2188936392024
"1001","a3ba8fc0-37f7-4c1a-9386-627d3369a03e",460,"007","Butte",1049600,0.197506669207317,460,0.0438262195121951,0.457544671950754,-3.12752302170073
"1002","91b94b02-cd05-471a-a4e7-5168d56c46ba",260,"079","San Luis Obispo",2114560,0.13336722533293,260,0.0122957021791768,0.332995476393541,-4.39850549399097
"1003","218619b5-ad0c-4238-8e31-ab6d98932a73",383,"035","Lassen",2917120,0.0102512066695919,383,0.0131293878894252,0.338501907074482,-4.33290221099061
"1004","5aa13874-fb24-44f0-969a-d12dbc7edca8",63,"093","Siskiyou",4023680,0.0108507634801972,63,0.00156573087323048,0.198920379350014,-6.45940255235715
"1005","cbf84797-7cc2-40a4-8157-d74c89792e9e",191,"007","Butte",1049600,0.197506669207317,191,0.0181974085365854,0.367284318597969,-4.00647608313724
"1006","c8060137-4a83-479b-9f36-429a698aac06",30,"067","Sacramento",618240,2.56238515786749,30,0.00485248447204969,0.26393138610616,-5.32826444291599
"1007","53770321-4d20-4db9-bfad-754f9eeabc2b",268,"013","Contra Costa",460800,2.51077690972222,268,0.0581597222222222,0.491083769644375,-2.84456222186487
"1008","a4d4923c-cf9e-43a9-b62e-dc9c04f0ec24",70,"085","Santa Clara",826240,2.26440864639814,70,0.0084721146398141,0.303387690485552,-4.77097513916291
"1009","d4618db6-e417-4590-8c1f-9b5ace341bb3",33,"071","San Bernardino",12839680,0.170849740803509,33,0.000257015751171369,0.126616392303255,-8.26637318634258
"1010","97ff14e8-6d08-4214-ad3b-847fa3a0e84a",90000,"055","Napa",482560,0.278307360742706,38425.8210645527,7.96291053227633,1.67984015733588,2.07479457778287
"1011","97ff14e8-6d08-4214-ad3b-847fa3a0e84a",90000,"113","Yolo",647680,0.342939414525692,51574.1789354473,7.96291053227633,1.67984015733588,2.07479457778287
"1012","28599f05-c64d-49a5-be59-23879eecb980",63,"065","Riverside",4613120,0.536275232380688,63,0.00136567008879023,0.192236764962202,-6.59611006326227
"1013","15d8c9e7-7029-4027-85d8-95f308f83790",33,"103","Tehama",1888640,0.034546022534734,33,0.00174728905455778,0.204451917997578,-6.34968980384209
"1014","f5d14543-5d98-41ca-99f5-09c1197161b2",12,"039","Madera",1368320,0.11711880261927,12,0.000876987839101965,0.172087130451512,-7.03901743216262
"1015","6103c099-a3eb-481e-8a76-1296f5fdb25d",215,"093","Siskiyou",4023680,0.0108507634801972,215,0.00534336726578654,0.27036704623975,-5.23189925062102
"1016","2a1c14d1-2a88-4564-bd09-585e09ffc9a7",504,"073","San Diego",2690560,1.21766769743102,504,0.018732159847764,0.369953349556448,-3.9775134542911
"1017","f7bacdf4-ba33-436a-ad94-549395286fc2",45,"013","Contra Costa",460800,2.51077690972222,45,0.009765625,0.314358357420734,-4.62888671260541
"1018","59c697e4-5083-4f45-b03a-ef580f6618dd",10,"073","San Diego",2690560,1.21766769743102,10,0.000371669838249286,0.138847904475954,-7.89750462936842
"1019","29a5f777-bea5-411e-9139-fe0d094616b0",316,"017","El Dorado",1095680,0.175823233060748,316,0.0288405373831776,0.412098313388291,-3.5459733334804
"1020","d7e7eaca-5716-48b3-bd34-37acea282634",38008,"093","Siskiyou",4023680,0.0108507634801972,38008,0.944607921107046,0.985854664855453,-0.05698533588193
"1021","be804253-e994-4f40-9e07-5c215533231c",825,"005","Amador",387840,0.10677599009901,825,0.212716584158416,0.679125968830491,-1.54779459010026
"1022","b90be7b6-e9ec-4a18-a910-957f700c6ed6",1350,"071","San Bernardino",12839680,0.170849740803509,1350,0.0105142807297378,0.320217374307341,-4.55502087637658
"1023","656c37d9-6876-47ba-bf8e-ec6c351c3595",2100,"049","Modoc",2524160,0.00337181478194726,2100,0.0831959939148073,0.537063457752217,-2.48655608237664
"1024","76725105-a814-4e8d-bd5b-d0f2f1879dae",113,"083","Santa Barbara",1752320,0.253285358838568,113,0.0064485938641344,0.28337808194064,-5.04389317750168
"1025","8d5856ff-4cd4-4b88-afb0-c6df08f548a8",116,"085","Santa Clara",826240,2.26440864639814,116,0.0140395042602634,0.344221460739851,-4.2658801901059
"1026","3c17be70-66f8-4df2-97be-873fe924d99c",962,"007","Butte",1049600,0.197506669207317,962,0.0916539634146341,0.550221824315071,-2.38973506051816
"1027","8ff78ab4-378d-4e1b-9ba0-b90d8be07a06",12,"071","San Bernardino",12839680,0.170849740803509,12,9.3460273153225e-05,0.0983233713738218,-9.27797409802106
"1028","29d15973-a999-409e-adf4-486854df44ed",96901,"043","Mariposa",928640,0.0183278773259821,96901,10.4347217436251,1.79729852594044,2.34513887449323
"1029","22171870-baaf-480f-902a-45ec9282df35",62,"029","Kern",5210880,0.17580677352002,62,0.00118981822647998,0.185724909059479,-6.73395473438346
"1030","c2dc8734-e165-4fa1-9a1a-f393516bd5a5",11,"007","Butte",1049600,0.197506669207317,11,0.00104801829268293,0.179925291837128,-6.8608542383855
"1031","01018620-8f10-4de0-a7e6-78cc9a77cc9a",70,"085","Santa Clara",826240,2.26440864639814,70,0.0084721146398141,0.303387690485552,-4.77097513916291
"1032","a125058d-abfe-4593-bd53-503ceea3f4f0",51,"085","Santa Clara",826240,2.26440864639814,51,0.00617254066615027,0.280295412560681,-5.08764474848794
"1033","20495cc8-cb22-4fd1-9bc3-0b9c654d12a0",52,"049","Modoc",2524160,0.00337181478194726,52,0.00206009127789047,0.213045132323197,-6.18500498750672
"1034","68957772-711e-4874-99f2-2b9267dbe725",278,"069","San Benito",888960,0.0760202933765299,278,0.031272498200144,0.420523861828322,-3.46501621942933
"1035","09395db0-1c76-43c3-a3db-d18081b31a35",2883,"027","Inyo",6522880,0.00286959134615385,2883,0.0441982682496075,0.458512640859155,-3.11906967053917
"1036","9636bdf4-8754-4745-80c8-90a5fcd90ec2",31,"089","Shasta",2423040,0.0746706616481775,31,0.00127938457474908,0.189125582025741,-6.66137611764975
"1037","7e24911d-5dc9-4449-ba08-f718c094ac9e",56,"013","Contra Costa",460800,2.51077690972222,56,0.0121527777777778,0.332023550310855,-4.41019751164058
"1038","d0e1cdc0-9dea-467a-8ae8-040e0f94178d",480,"001","Alameda",472320,3.44892657520325,480,0.101626016260163,0.564613457625364,-2.28645571106416
"1039","1a4aeaa6-7f90-420f-ad6b-6942658a7fee",100,"071","San Bernardino",12839680,0.170849740803509,100,0.000778835609610208,0.167055758266658,-7.15771056182097
"1040","dc55524d-c29f-4990-8f73-2974348c7fc7",11,"039","Madera",1368320,0.11711880261927,11,0.000803905519176801,0.168384166915142,-7.12602880915225
"1041","78eabcbb-32b9-4438-ab84-8eb65c044db7",80,"033","Lake",805120,0.0846966911764706,80,0.00993640699523052,0.315723815784639,-4.61154979295213
"1042","3b576efa-90b7-4b87-983d-b38630e10576",856,"103","Tehama",1888640,0.034546022534734,856,0.0453236191121654,0.461403777013148,-3.09392698916682
"1043","a0b16523-d6f9-4a21-809d-4f2bdbc2bea7",116,"069","San Benito",888960,0.0760202933765299,116,0.0130489560835133,0.337982288586613,-4.33904714201361
"1044","b89ae0bb-4b8b-47f6-b7c6-5e689a265288",14,"035","Lassen",2917120,0.0102512066695919,14,0.000479925405879772,0.148010809956457,-7.641879870556
"1045","052acbfd-0552-47ac-8be7-6f79b4aecf0e",224,"093","Siskiyou",4023680,0.0108507634801972,224,0.00556704310481947,0.273153107759132,-5.19089122689365
"1046","8d7302b1-605f-404d-9641-a890720e8657",56,"035","Lassen",2917120,0.0102512066695919,56,0.00191970162351909,0.209318894818248,-6.25558550943611
"1047","8c94a8f0-1d63-4ea7-88af-52fee196a9a6",16,"023","Humboldt",2286720,0.0590408970053177,16,0.000699692135460397,0.162639768746371,-7.26487012614925
"1048","f141dba0-ae4b-4972-b926-81d1595d0917",32,"035","Lassen",2917120,0.0102512066695919,32,0.00109697235629662,0.181990584939902,-6.81520129737153
"1049","62b14189-aea8-4dcb-8702-a1dfc11abda7",89,"035","Lassen",2917120,0.0102512066695919,89,0.00305095436594998,0.235022221999236,-5.79230083043912
"1050","02ebd2cc-c4da-4508-92f6-30446d041ae9",50,"103","Tehama",1888640,0.034546022534734,50,0.00264740765842087,0.226832461294362,-5.93417435988042
"1051","d3ead5e1-12bb-4d27-8c1d-c723c0747265",3674,"023","Humboldt",2286720,0.0590408970053177,3674,0.160666806605094,0.633113450845296,-1.82842258261397
"1052","0194a44a-0c12-4e47-a053-f3b9b2382858",14,"079","San Luis Obispo",2114560,0.13336722533293,14,0.000662076271186441,0.160408362624177,-7.32012979539124
"1053","1dad019f-12c1-47a0-a20c-2408d942f1c4",28,"073","San Diego",2690560,1.21766769743102,28,0.001040675547098,0.179609307125219,-6.86788521218726
"1054","14207c18-f9a3-4a69-9f3a-d778d2f6960f",10,"093","Siskiyou",4023680,0.0108507634801972,10,0.000248528710036583,0.125557928348625,-8.29995218575464
"1055","756cceab-80e1-47af-8c85-9e650352b48e",77,"083","Santa Barbara",1752320,0.253285358838568,77,0.00439417457998539,0.257465668600562,-5.42747557436034
"1056","e51ff5f0-09d5-42f3-8bed-c1c6eb85d245",822,"113","Yolo",647680,0.342939414525692,822,0.1269145256917,0.596867363903422,-2.06424144515686
"1057","d56aeb11-09a3-4854-b422-9a1e41f18a51",43,"007","Butte",1049600,0.197506669207317,43,0.00409679878048781,0.25299454572845,-5.49754939549031
"1058","e4c8aa24-e396-46d1-ae6e-bc9c7889967a",40,"043","Mariposa",928640,0.0183278773259821,40,0.00430737422467264,0.256184677708944,-5.44742678913588
"1059","05fb81ea-7e85-4d0d-9587-64c907a45561",13,"073","San Diego",2690560,1.21766769743102,13,0.000483170789724072,0.14826040008435,-7.63514036490093
"1060","022bee6b-1559-4792-a2d2-014d3adfecad",282,"065","Riverside",4613120,0.536275232380688,282,0.00611299944506104,0.279617011086082,-5.09733771871569
"1061","9626db35-9c2a-4431-8c91-00e0bba794fa",63,"089","Shasta",2423040,0.0746706616481775,63,0.00260003961965135,0.225810946672416,-5.95222859574336
"1062","389e3075-51b9-45a8-ab9a-a75b03225c8d",110,"083","Santa Barbara",1752320,0.253285358838568,110,0.00627739225712199,0.281478233515424,-5.0708006304216
"1063","d7745759-07bd-40a7-a66c-003b174851b2",50,"033","Lake",805120,0.0846966911764706,50,0.00621025437201908,0.280722580434372,-5.08155342219787
"1064","5b5274df-2cb7-402e-b002-778cce00ac1d",30,"079","San Luis Obispo",2114560,0.13336722533293,30,0.00141873486682809,0.194077554209608,-6.55798974334434
"1065","a710f41c-aa03-41e1-813f-a98812aea01b",37,"079","San Luis Obispo",2114560,0.13336722533293,37,0.00174977300242131,0.204524541556051,-6.34826921236227
"1066","0dd9bca6-35b9-4a75-8f3b-a5e57e1b90e7",320,"085","Santa Clara",826240,2.26440864639814,320,0.0387296669248645,0.443619819227047,-3.2511493854185
"1067","fb7f7795-ede7-40cc-acf6-3ee6e761d0a9",67,"045","Mendocino",2245760,0.0399788935594186,67,0.00298339982901111,0.233710306583722,-5.81469174655787
"1068","f6693336-817b-4424-8aea-1c966fae5e23",34,"107","Tulare",3087360,0.154677135157546,34,0.00110126451077944,0.182168344246228,-6.81129620415649
"1069","240b1f55-0f4e-448d-a4ce-3ecfec7a6c9d",229651,"089","Shasta",2423040,0.0746706616481775,124832.546446518,5.15189788226848,1.50657865990772,1.63936516761735
"1070","240b1f55-0f4e-448d-a4ce-3ecfec7a6c9d",229651,"105","Trinity",2034560,0.00775646822900283,104818.453553482,5.15189788226848,1.50657865990772,1.63936516761735
"1071","6e0b516c-9da1-4ff7-a0ce-3251b2cbabb9",128,"037","Los Angeles",2598400,3.74120150862069,128,0.00492610837438424,0.264926859027845,-5.31320597904179
"1072","e18c9556-706f-4bb7-b908-e7b44293923d",40,"065","Riverside",4613120,0.536275232380688,40,0.000867092119866815,0.171599615280663,-7.05036533553986
"1073","9b9b6d81-9590-48a0-a750-fc7da05bfecc",36,"033","Lake",805120,0.0846966911764706,36,0.00447138314785374,0.258589252898327,-5.4100574891699
"1074","2fdf2c14-77b4-458c-96fc-bd883dec3ad3",51,"089","Shasta",2423040,0.0746706616481775,51,0.002104793977813,0.214191581808939,-6.16353768941057
"1075","a18ed51c-1083-4f48-ab1b-6ae0c5454073",167,"035","Lassen",2917120,0.0102512066695919,167,0.00572482448442299,0.275068300433981,-5.1629433877545
"1076","655b2bde-09c6-43b8-9cdb-43096bcf1155",20,"085","Santa Clara",826240,2.26440864639814,20,0.00242060418280403,0.221809909613524,-6.02373810765828
"1077","df681456-a50e-4400-a95a-77533a0978ba",247,"013","Contra Costa",460800,2.51077690972222,247,0.0536024305555556,0.481167317257522,-2.92616086574775
"1078","708b3dde-3f1a-4813-8501-8a52bf3b1d9c",39,"069","San Benito",888960,0.0760202933765299,39,0.00438714902807775,0.25736269568094,-5.42907568699032
"1079","f306893c-d6b5-4d68-a2a3-4a306822e041",34,"001","Alameda",472320,3.44892657520325,34,0.00719850948509485,0.291279986172203,-4.93388129034994
"1080","9d63cbd8-7dbf-4b2d-918d-036e3a282d2d",106,"045","Mendocino",2245760,0.0399788935594186,106,0.00472000569962952,0.262111231407423,-5.35594527183677
"1081","2b56b06d-46d6-43f2-b474-2598dd163e82",365,"073","San Diego",2690560,1.21766769743102,365,0.013565949096099,0.341281341937475,-4.30019236877998
"1082","1f942827-c242-49a1-bccd-f2375be91ad9",205,"065","Riverside",4613120,0.536275232380688,205,0.00444384711431743,0.258190213873759,-5.41623481051539
"1083","190306eb-357b-40d2-9871-92cdd8784332",136,"009","Calaveras",652800,0.071328125,136,0.0208333333333333,0.379917842825796,-3.87120101090789
"1084","deb9364c-ab73-4661-b287-2ffc1797296e",22,"043","Mariposa",928640,0.0183278773259821,22,0.00236905582356995,0.220619463225139,-6.0452637898915
"1085","6bc7ef6f-2d81-4bdc-ab41-9db6af9d4abb",30,"001","Alameda",472320,3.44892657520325,30,0.00635162601626016,0.282306728812682,-5.05904443330394
"1086","676aa48b-d962-4026-a354-db047f14233f",3156,"029","Kern",5210880,0.17580677352002,3156,0.0605655858511422,0.496085439832181,-2.80402843746279
"1087","90b0daf7-5d84-42d9-bb35-bb78d4faf950",410203,"011","Colusa",736640,0.0297485881841877,65276.3242084889,8.86136025853726,1.72534161787008,2.18170028088437
"1088","90b0daf7-5d84-42d9-bb35-bb78d4faf950",410203,"045","Mendocino",2245760,0.0399788935594186,199004.884142126,8.86136025853726,1.72534161787008,2.18170028088437
"1089","90b0daf7-5d84-42d9-bb35-bb78d4faf950",410203,"021","Glenn",841600,0.0336727661596958,74577.2079358496,8.86136025853726,1.72534161787008,2.18170028088437
"1090","90b0daf7-5d84-42d9-bb35-bb78d4faf950",410203,"033","Lake",805120,0.0846966911764706,71344.5837135352,8.86136025853726,1.72534161787008,2.18170028088437
"1091","e775e724-0a1b-4156-a477-623031c09b0e",100,"107","Tulare",3087360,0.154677135157546,100,0.00323901326699834,0.238563051743348,-5.73248654278456
"1092","af30fe23-6cfd-4fd6-b2d9-91648eeae814",48920,"011","Colusa",736640,0.0297485881841877,9514.51841838459,1.29161034133153,1.06606301938565,0.255889766475327
"1093","af30fe23-6cfd-4fd6-b2d9-91648eeae814",48920,"033","Lake",805120,0.0846966911764706,10399.0131801284,1.29161034133153,1.06606301938565,0.255889766475328
"1094","af30fe23-6cfd-4fd6-b2d9-91648eeae814",48920,"045","Mendocino",2245760,0.0399788935594186,29006.468401487,1.29161034133153,1.06606301938565,0.255889766475327
"1095","53a9be88-6d10-483e-8dc7-59cb84326ab8",993,"029","Kern",5210880,0.17580677352002,993,0.0190562822402358,0.371543394097692,-3.96035845538338
"1096","684ded31-5a60-4c05-bbdb-2fb913ca0041",18703,"035","Lassen",2917120,0.0102512066695919,18703,0.641146061869241,0.894827339930256,-0.444497982388256
"1097","c62fc5e2-2340-49b7-b3d8-b883a266827f",36450,"109","Tuolumne",1431040,0.0381058530858676,36450,2.54709861359571,1.26331438066183,0.934954912796188
"1098","574b0b35-4c66-44ac-8797-3eadf09e495d",338,"027","Inyo",6522880,0.00286959134615385,338,0.00518176020408163,0.268299169177314,-5.26261047269455
"1099","45845135-0abc-4964-9038-db1e26fa9b22",30,"065","Riverside",4613120,0.536275232380688,30,0.000650319089900111,0.159691435800236,-7.33804740799164
"1100","e3406861-3e7f-4a4b-b16d-6004f3edc5e6",207,"073","San Diego",2690560,1.21766769743102,207,0.00769356565176023,0.296163760628809,-4.8673709290971
"1101","ea58640a-7837-4d93-a145-96e48b7df8ee",1200,"101","Sutter",385920,0.25524201907131,1200,0.310945273631841,0.746742707317479,-1.16813835131672
"1102","2410754e-b988-4f4f-b7ee-21f954c2bbf2",135,"055","Napa",482560,0.278307360742706,135,0.0279757957559682,0.408973918065477,-3.57641557993515
"1103","fa745e18-be7a-42e0-b3c7-30333ddcf3aa",972,"045","Mendocino",2245760,0.0399788935594186,972,0.0432815616984896,0.456116444932874,-3.1400285614884
"1104","46f35b6b-9c64-41e3-a7e2-f76dc6719145",35,"089","Shasta",2423040,0.0746706616481775,35,0.00144446645536186,0.194951627525845,-6.54001526064548
"1105","6832f18a-6515-4436-bf3b-553bf6302de4",51,"079","San Luis Obispo",2114560,0.13336722533293,51,0.00241184927360775,0.221609074935937,-6.02736149228217
"1106","775494c3-ae61-40aa-82b0-667a3ddcbdcc",14,"073","San Diego",2690560,1.21766769743102,14,0.000520337773549001,0.1510328225078,-7.56103239274721
"1107","d8de1c4a-9b2c-46ad-aab4-3b2012571e4a",67,"017","El Dorado",1095680,0.175823233060748,67,0.00611492406542056,0.279639017184371,-5.09702292767635
"1108","6e4ecf7a-2864-4fc6-85cb-9b2a0ac324df",66,"017","El Dorado",1095680,0.175823233060748,66,0.00602365654205607,0.278589696552943,-5.11206080504089
"1109","4f3f4f66-871c-4d50-bd3f-f641210552c9",695,"061","Placer",900480,0.463943674484719,695,0.0771810589907605,0.527081390874391,-2.56160120191522
"1110","c7152819-8f07-489c-a219-b58bed82733e",2225,"053","Monterey",2126080,0.203594408488862,2225,0.104652694160144,0.568771207508779,-2.25710808593853
"1111","5b9e5ea7-1f63-46dd-aabd-8cf407c6f4ba",23136,"059","Orange",606720,5.19380274261603,23136,3.81329113924051,1.39741368193806,1.33849263233784
"1112","dd114f40-6fcb-487b-931e-7a9107371daa",35,"065","Riverside",4613120,0.536275232380688,35,0.000758705604883463,0.165965692770654,-7.18389672816439
"1113","a1e73f5c-68e2-4109-b741-046eb7349265",290,"009","Calaveras",652800,0.071328125,290,0.0444240196078431,0.459097008656974,-3.11397497366342
"1114","b9f703f7-18bb-4845-a480-ce7d63b5f57a",117,"063","Plumas",1634560,0.011838659945184,117,0.00715788958496476,0.290868203587113,-4.93954009216035
"1115","0ba9a90d-6615-4fa8-9a10-3efb660437ca",2995,"031","Kings",889600,0.171966052158273,2995,0.336668165467626,0.761729040456108,-1.08865750594081
"1116","49232e73-c3ba-4dc3-b673-b973a918fa7c",45,"041","Marin",332800,0.769284855769231,45,0.0135216346153846,0.341002292774378,-4.30346431217078
"1117","471980a3-9ffb-4b1f-8e51-eabb9736b51b",114,"029","Kern",5210880,0.17580677352002,114,0.00218773028739867,0.216271077922433,-6.12489067103405
"1118","cb647b06-1772-4d65-8087-0b841fcfb502",46150,"089","Shasta",2423040,0.0746706616481775,46150,1.90463219756999,1.17476981872624,0.644288917796104
"1119","f81830b2-ece2-4f59-87c7-fd43193bd996",23,"065","Riverside",4613120,0.536275232380688,23,0.000498577968923418,0.149428442917279,-7.60375057372465
"1120","8dddf572-84de-4b20-b740-f5c7847cec3b",250,"073","San Diego",2690560,1.21766769743102,250,0.00929174595623216,0.31047335294163,-4.67862880450022
"1121","ce93c72c-eb9c-4176-a2b6-7750a4a6bb20",1900,"089","Shasta",2423040,0.0746706616481775,1900,0.0784138932910724,0.529173703380391,-2.54575415698036
"1122","1bdf7030-adc6-442f-ab31-d182e53b4a73",10,"055","Napa",482560,0.278307360742706,10,0.00207228116710875,0.213359590938811,-6.17910526537954
"1123","f012f0ea-4102-47dc-9c6d-609ebac85142",30,"013","Contra Costa",460800,2.51077690972222,30,0.00651041666666667,0.284054841616875,-5.03435182071357
"1124","db2344ac-f195-4f94-8999-e8c8ebb4a7a2",2490,"055","Napa",482560,0.278307360742706,2490,0.51599801061008,0.847543518122518,-0.661652368914829
"1125","2ce8de99-7e66-4de8-9426-48a4fc8500ac",2162,"095","Solano",529920,0.846820274758454,2162,0.407986111111111,0.79921080126887,-0.896522146551732
"1126","b03ec37e-8596-4e7e-8826-729957a794f8",34,"029","Kern",5210880,0.17580677352002,34,0.000652480962908376,0.159823987292274,-7.33472859481239
"1127","b2695350-87ea-49f4-a579-ce0c4cf7f926",16,"057","Nevada",613120,0.166840096555324,16,0.00260960334029228,0.226018310851708,-5.94855704609671
"1128","791a3a00-2c51-4679-b4b7-27cc77ec699d",100,"073","San Diego",2690560,1.21766769743102,100,0.00371669838249286,0.24691036965664,-5.59491953637438
"1129","3bb731cc-eb21-421f-b5f5-4949346dc316",700,"053","Monterey",2126080,0.203594408488862,700,0.0329244431065623,0.425970584156019,-3.41353994549546
"1130","b83feee5-a799-4481-bd25-1d4cc3befd7d",496,"107","Tulare",3087360,0.154677135157546,496,0.0160655058043118,0.356019348277832,-4.13108080204772
"1131","58e6dde2-eeae-4a9e-be1e-bfd654d4405b",39387,"049","Modoc",2524160,0.00337181478194726,39387,1.56040029158215,1.11765819206119,0.444942385514068
"1132","a2fbfcae-d658-41f4-88c6-98239d08ff29",48,"001","Alameda",472320,3.44892657520325,48,0.0101626016260163,0.317505479981352,-4.58904080405821
"1133","5eab06a3-5deb-4934-98a7-7c42eb86cbf9",367,"029","Kern",5210880,0.17580677352002,367,0.00704295627609924,0.289693498151422,-4.95572727137398
"1134","5dbbbc9f-deec-4c33-a172-19614492d860",155,"089","Shasta",2423040,0.0746706616481775,155,0.00639692287374538,0.282808708579946,-5.05193820521565
"1135","8dd81979-48ba-48db-bb24-e4f1bf85d262",1014,"083","Santa Barbara",1752320,0.253285358838568,1014,0.0578661431701972,0.490462869064849,-2.84962281206289
"1136","23f8d2d9-0e9e-4f07-b830-8c02cf74b5d0",10,"065","Riverside",4613120,0.536275232380688,10,0.000216773029966704,0.12133925161396,-8.43665969665975
"1137","eeb859ef-dc44-48e2-a2d7-dce44bc47d01",289,"039","Madera",1368320,0.11711880261927,289,0.0211207904583723,0.381221637046698,-3.85749739383818
"1138","2bdeaf01-fe98-4f63-b2e8-4857815bc87c",32,"065","Riverside",4613120,0.536275232380688,32,0.000693673695893452,0.16228889625986,-7.27350888685407
"1139","f6555118-f01e-4524-a14d-e01303a482db",88,"039","Madera",1368320,0.11711880261927,88,0.00643124415341441,0.283187284688853,-5.04658726747241
"1140","ef9c8f82-8607-4c53-9bdd-5196e6a1071c",103,"033","Lake",805120,0.0846966911764706,103,0.0127931240063593,0.336313385136452,-4.35884743939638
"1141","e69be637-e9e9-4964-96ed-4d6a1a1c159d",36,"065","Riverside",4613120,0.536275232380688,36,0.000780382907880133,0.167138668168506,-7.15572585119769
"1142","9bffc947-2f15-4486-98df-9a632b2038a7",166,"037","Los Angeles",2598400,3.74120150862069,166,0.00638854679802956,0.282716086266145,-5.05324845460486
"1143","c203606a-d2eb-4ba2-97cc-2ee7403432b1",60,"033","Lake",805120,0.0846966911764706,60,0.00745230524642289,0.293814117103441,-4.89923186540391
"1144","c9001401-a2b0-4cae-9e03-e60509342a53",172,"083","Santa Barbara",1752320,0.253285358838568,172,0.00981555880204529,0.314759435152737,-4.62378651940057
"1145","e9d48e43-940e-4151-9ffb-20881d03c151",15,"049","Modoc",2524160,0.00337181478194726,15,0.000594257099391481,0.156132601019786,-7.42819850498594
"1146","0683b4a7-6a8c-4339-abc1-dfbe64dcb5a1",125,"071","San Bernardino",12839680,0.170849740803509,125,0.00097354451201276,0.176639958183438,-6.93456701050676
"1147","ba818380-4001-46a2-ac04-d5f322cdf3b9",63311,"089","Shasta",2423040,0.0746706616481775,34414.2779612347,1.42029343144293,1.0916779028266,0.350863492126898
"1148","ba818380-4001-46a2-ac04-d5f322cdf3b9",63311,"105","Trinity",2034560,0.00775646822900283,28896.7220387653,1.42029343144293,1.0916779028266,0.350863492126898
"1149","1a3ccacd-e743-4a0b-97ab-4d99a133654e",24,"033","Lake",805120,0.0846966911764706,24,0.00298092209856916,0.233661767030901,-5.81552259727807
"1150","d8235a76-7b43-4e23-8f60-dc308c250fab",1120,"061","Placer",900480,0.463943674484719,1120,0.124378109452736,0.593862617049852,-2.08442908319088
"1151","94e0a869-04f6-4265-9c1f-c53fbdde98ad",150,"017","El Dorado",1095680,0.175823233060748,150,0.0136901285046729,0.342059676913477,-4.29108025297106
"1152","20b57ee7-b0b7-47db-8a12-e5fcdb114459",13,"089","Shasta",2423040,0.0746706616481775,13,0.000536516111991548,0.152193355456225,-7.53041396467336
"1153","849ad1a0-472b-4cc6-a513-030491fa1ffb",573,"109","Tuolumne",1431040,0.0381058530858676,573,0.0400408094812165,0.447327617853198,-3.21785610792588
"1154","3506eaf5-e815-4a7f-9c52-816fe5eee7d5",1751,"105","Trinity",2034560,0.00775646822900283,1751,0.0860628342245989,0.541631496383679,-2.45267761899058
"1155","a81f5149-5ac2-48de-a189-609e46f5fad8",6974,"051","Mono",1948160,0.00666167049934297,6974,0.357978810775296,0.773507145967211,-1.02728148211161
"1156","7fc0b9c8-dec7-430d-9790-1bbebae404eb",411,"053","Monterey",2126080,0.203594408488862,411,0.0193313515954244,0.372876964920912,-3.94602706604263
"1157","65689d5f-910c-4e00-9bf3-e5626cd1361c",152,"041","Marin",332800,0.769284855769231,152,0.0456730769230769,0.462290605102762,-3.08624628109482
"1158","f694c74c-adad-459c-b357-4cd2f10f16df",200,"029","Kern",5210880,0.17580677352002,200,0.00383812331122574,0.248902770618009,-5.56277175288051
"1159","d5885e9d-1310-4f84-a658-d972d17ecad9",25,"065","Riverside",4613120,0.536275232380688,25,0.000541932574916759,0.152576031312102,-7.5203689647856
"1160","9ea41d38-ee7c-4394-9ea8-cbf33e788f13",12,"017","El Dorado",1095680,0.175823233060748,12,0.00109521028037383,0.181917457623928,-6.81680889727931
"1161","4fa2e1e0-a920-4991-beb6-3c080b6c1500",3380,"037","Los Angeles",2598400,3.74120150862069,3380,0.130080049261084,0.600554842470703,-2.03960525448434
"1162","6b6dff76-8fab-4852-a71c-e735f87bd6fa",360,"039","Madera",1368320,0.11711880261927,360,0.0263096351730589,0.40274365444179,-3.63782005050046
"1163","b9d64431-d96d-413f-84df-ef3b381d3002",53,"035","Lassen",2917120,0.0102512066695919,53,0.00181686046511628,0.206457371427868,-6.31064528661913
"1164","d0ae0a7f-dd7b-4cb1-8f4a-2a784a17d6d4",261,"103","Tehama",1888640,0.034546022534734,261,0.013819467976957,0.342864744840257,-4.28167695798587
"1165","b181e69a-5864-44c1-b5b4-f4c5832a4539",76,"089","Shasta",2423040,0.0746706616481775,76,0.00313655573164289,0.236653674532773,-5.76462998184856
"1166","04100255-b014-4a69-92c2-5388c7f9b9d6",30,"085","Santa Clara",826240,2.26440864639814,30,0.00363090627420604,0.245473016579649,-5.61827299955011
"1167","9856efb8-4d41-4276-9d4e-a5b29d912996",33,"007","Butte",1049600,0.197506669207317,33,0.00314405487804878,0.236795000859738,-5.76224194971739
"1168","9c03d484-e442-4eaa-8a7b-99d6c769750a",80,"079","San Luis Obispo",2114560,0.13336722533293,80,0.00378329297820823,0.248009029902422,-5.57716049033261
"1169","2c41731e-1e13-494c-b7f7-928b89bb7d32",53,"071","San Bernardino",12839680,0.170849740803509,53,0.00041278287309341,0.142537920120554,-7.79258883425693
"1170","9d69b6cb-1dee-43df-83ca-b2b5485006d7",150,"053","Monterey",2126080,0.203594408488862,150,0.00705523780854907,0.289819707790206,-4.95398498644261
"1171","8c4b830f-be4f-4469-9448-f0e98ea1d189",32,"019","Fresno",3816320,0.26601280815026,32,0.000838504108670132,0.170167374710075,-7.08389107668901
"1172","8f633ae7-b5f0-455f-a60e-13d9566e5844",3889,"103","Tehama",1888640,0.034546022534734,3889,0.205915367671976,0.673631193970117,-1.58029003115282
"1173","f19a49b4-9d0f-4c61-83ea-9b4a741b0bef",63,"085","Santa Clara",826240,2.26440864639814,63,0.00762490317583269,0.295500747152246,-4.87633565482074
"1174","28725d54-51bc-41f9-99ed-aca0396be12a",15,"093","Siskiyou",4023680,0.0108507634801972,15,0.000372793065054875,0.138952689178452,-7.89448707764648
"1175","e9c8c0aa-4d21-4f09-9858-890ea163d580",160,"095","Solano",529920,0.846820274758454,160,0.0301932367149758,0.416847708059225,-3.50013732951706
"1176","8a79c31d-0df0-4448-a855-b04cfc384825",167,"053","Monterey",2126080,0.203594408488862,167,0.00785483142685129,0.29770368969579,-4.84662646812211
"1177","a8f54d41-fc8c-476c-9122-f1357aa166a0",12,"089","Shasta",2423040,0.0746706616481775,12,0.000495245641838352,0.149178132333049,-7.61045667234689
"1178","83c539f5-64c1-4156-86e5-ac6cf4c947d5",38,"089","Shasta",2423040,0.0746706616481775,38,0.00156827786582145,0.199001226571228,-6.45777716240851
"1179","b8dc21be-0807-4434-9536-45a4a660ed83",10,"007","Butte",1049600,0.197506669207317,10,0.000952743902439024,0.175688787050568,-6.95616441818982
"1180","a728d915-1c00-43b6-bd5b-228be34a38fe",58,"079","San Luis Obispo",2114560,0.13336722533293,58,0.00274288740920097,0.228850568296465,-5.89874411446008
"1181","87760805-5b1a-486e-91c4-590557929182",120,"107","Tulare",3087360,0.154677135157546,120,0.00388681592039801,0.249688472915205,-5.5501649859906
"1182","7ee82e4f-f5e8-4278-b4e7-e82c390b395e",550,"007","Butte",1049600,0.197506669207317,550,0.0524009146341463,0.478447970667014,-2.94883123295735
"1183","7d1f523d-6940-4b64-bc5a-7ecb5a63538a",17,"087","Santa Cruz",285440,0.9261841367713,17,0.00595571748878924,0.2778008192555,-5.12340359832947
"1184","10d67079-faa9-4034-a4d7-8346b450e7de",35,"045","Mendocino",2245760,0.0399788935594186,35,0.00155849244799088,0.198690075840441,-6.46403630445943
"1185","75dafe80-f18a-4a4a-9a37-4b564c5f6014",153336,"007","Butte",1049600,0.197506669207317,153336,14.608993902439,1.9550374317742,2.68163735976642
"1186","8030a870-0453-48e0-b243-86dbae075434",60,"103","Tehama",1888640,0.034546022534734,60,0.00317688919010505,0.237410824745479,-5.75185280308647
"1187","79968306-21a9-465e-acbe-4ea715c70ab5",88,"035","Lassen",2917120,0.0102512066695919,88,0.00301667397981571,0.234359247209302,-5.80360038569305
"1188","b8fe54be-15a8-4088-b0bb-16992df93a7e",1500,"095","Solano",529920,0.846820274758454,1500,0.283061594202899,0.72940752102252,-1.26209075766058
"1189","bc95da49-28a0-4e56-88d9-72e7455063c0",4381,"111","Ventura",1181440,0.704737439057421,4381,0.370818661971831,0.780351726596472,-0.992042117614525
"1190","92d7aeea-7abf-47a4-bf76-a4fe0fac65c6",96949,"037","Los Angeles",2598400,3.74120150862069,66646.2817473756,2.56489692685405,1.26551553073549,0.941918293352956
"1191","92d7aeea-7abf-47a4-bf76-a4fe0fac65c6",96949,"111","Ventura",1181440,0.704737439057421,30302.7182526245,2.56489692685405,1.26551553073549,0.941918293352956
"1192","6004d3e5-66f8-487a-80a4-689d3852378c",30,"023","Humboldt",2286720,0.0590408970053177,30,0.00131192275398825,0.190316773400255,-6.63626146672688
"1193","e83e7346-5b83-4e3a-845c-867fd84d17f0",20,"013","Contra Costa",460800,2.51077690972222,20,0.00434027777777778,0.256672524020085,-5.43981692882174
"1194","116fabb6-7440-4d6d-aa89-668989c028db",10,"023","Humboldt",2286720,0.0590408970053177,10,0.000437307584662748,0.144609476007582,-7.73487375539499
"1195","d18da394-5ed4-4004-8dea-600e15d398e4",147,"071","San Bernardino",12839680,0.170849740803509,147,0.00114488834612701,0.183946184396689,-6.77244816103032
"1196","03f49769-b928-44a5-be82-236d3d341eba",20,"001","Alameda",472320,3.44892657520325,20,0.00423441734417344,0.255092925787681,-5.46450954141211
"1197","c003df4f-d19c-4e21-a90f-81d3f14aaf99",150,"111","Ventura",1181440,0.704737439057421,150,0.0126963705308776,0.335675695247532,-4.36643911133217
"1198","c3b66e33-ef00-4874-a29b-b36640c16122",186,"111","Ventura",1181440,0.704737439057421,186,0.0157434994582882,0.354221826726051,-4.15132773171522
"1199","b6fb27e6-073c-4092-b8a8-51e96be987a4",10,"087","Santa Cruz",285440,0.9261841367713,10,0.00350336322869955,0.243288338142824,-5.65403184939164
"1200","31cbc968-6d9d-412b-8bc3-6846ca398fe2",80,"115","Yuba",403200,0.209102182539683,80,0.0198412698412698,0.37531192687517,-3.91999117507732
"1201","85bdd89a-4ce5-4539-a274-23fa2b030e7d",161,"031","Kings",889600,0.171966052158273,161,0.0180980215827338,0.366781798266953,-4.0119526515059
"1202","34abbc65-5bbe-474b-85c8-16d07bb5b503",10,"007","Butte",1049600,0.197506669207317,10,0.000952743902439024,0.175688787050568,-6.95616441818982
"1203","d3beabf6-63e9-4cad-a17c-58bb36abd7ac",115,"029","Kern",5210880,0.17580677352002,115,0.0022069209039548,0.21674380441013,-6.1161569910653
"1204","398bb669-190d-4dbf-9af0-6ccb27817c13",50,"007","Butte",1049600,0.197506669207317,50,0.00476371951219512,0.262716013590301,-5.34672650575572
"1205","ee290ec6-3815-4c44-a96a-edb331fcc925",172,"029","Kern",5210880,0.17580677352002,172,0.00330078604765414,0.239692444029154,-5.7135946426151
"1206","6f329208-5aa0-45fc-a4ec-db9caf865ca7",2500,"029","Kern",5210880,0.17580677352002,2500,0.0479765413903218,0.468012264531928,-3.03704310857226
"1207","0888bb9d-0d9b-4a49-bf3d-a55a7c40a707",65,"061","Placer",900480,0.463943674484719,65,0.0072183724235963,0.291480711732058,-4.93112577758438
"1208","a81e03a3-de18-48e4-93bf-f8da83a17927",22,"073","San Diego",2690560,1.21766769743102,22,0.00081767364414843,0.169100542106141,-7.10904726900415
"1209","e98603d2-f44e-4a9e-b83d-5e9f94766b53",130,"065","Riverside",4613120,0.536275232380688,130,0.00281804938956715,0.23040248035249,-5.87171033919822
"1210","aed86291-4631-4d79-ba5f-6b2c8ca399c9",63,"103","Tehama",1888640,0.034546022534734,63,0.0033357336496103,0.240324386042747,-5.70306263891703
"1211","9d7c5ad0-6682-430a-b4d1-d39cfea73a29",26,"065","Riverside",4613120,0.536275232380688,26,0.00056360987791343,0.154079424978248,-7.48114825163232
"1212","e2d77e59-b831-4267-a50b-89ede499a885",835,"079","San Luis Obispo",2114560,0.13336722533293,835,0.0394881204600484,0.445775931012365,-3.23175540015564
"1213","72cb3684-c194-4180-bdfe-22775f86a594",121,"019","Fresno",3816320,0.26601280815026,121,0.00317059366090894,0.237293120076834,-5.75383643389199
"1214","e354cde8-d0e6-4150-9f6b-1c12045e77d0",45,"065","Riverside",4613120,0.536275232380688,45,0.000975478634850167,0.176727624731106,-6.93258229988348
"1215","329ac0b8-a2c1-4a72-bd09-dd86c477162b",144,"085","Santa Clara",826240,2.26440864639814,144,0.017428350116189,0.363340717074896,-4.04965708163627
"1216","b4616173-5807-4c04-a416-5374139f3fcc",55,"065","Riverside",4613120,0.536275232380688,55,0.00119225166481687,0.185819798322907,-6.73191160442133
"1217","812a492e-35cb-4bb0-9e5a-1ec181d8b97e",155,"107","Tulare",3087360,0.154677135157546,155,0.00502047056384743,0.266186549269215,-5.2942316118534
"1218","11e0324e-e8ff-4591-b592-9e704ade60d6",257,"107","Tulare",3087360,0.154677135157546,257,0.00832426409618574,0.30205530145536,-4.78858064387743
"1219","db2a5b4c-260b-4888-aeb3-663b8bf41106",33,"107","Tulare",3087360,0.154677135157546,33,0.00106887437810945,0.180813838816511,-6.84114916730617
"1220","e1f34f39-beea-4a6d-9ba6-64b6b55ff567",25,"107","Tulare",3087360,0.154677135157546,25,0.000809753316749585,0.168689551628279,-7.11878090390445
"1221","107dd529-31b8-4b5f-ab09-4aa79c770d4b",1075,"079","San Luis Obispo",2114560,0.13336722533293,1075,0.0508379993946731,0.474839799468283,-2.97911118444473
"1222","2e71d51a-49f1-4e86-82e2-054637efd1a5",23,"013","Contra Costa",460800,2.51077690972222,23,0.00499131944444444,0.265799305223988,-5.30005498644658
"1223","b433dceb-f5b4-4b46-8eb3-2aae9fc2d45a",24,"095","Solano",529920,0.846820274758454,24,0.00452898550724638,0.259418075232376,-5.39725731440294
"1224","24997ef5-a558-4ea6-8a96-b3cdff79fe2b",27,"061","Placer",900480,0.463943674484719,27,0.00299840085287846,0.234003537698532,-5.80967618147569
"1225","8edf51ea-1e4f-4e73-8e04-e168417ed39b",581,"099","Stanislaus",956800,0.576165342809365,581,0.0607232441471572,0.496407965207492,-2.8014287193385
"1226","3fd43a39-4e82-4b7e-a642-be86b5c73522",70,"115","Yuba",403200,0.209102182539683,70,0.0173611111111111,0.362989764557739,-4.05352256770185
"1227","1760d7f8-57a2-4a04-b7e5-0861cc0ee963",2220,"113","Yolo",647680,0.342939414525692,2220,0.34276185770751,0.765152712161935,-1.07071936534671
"1228","78c1dacb-653a-42fe-b025-ab80ec4996bd",50,"055","Napa",482560,0.278307360742706,50,0.0103614058355438,0.31904700427221,-4.56966735294544
"1229","23cee99c-662f-4409-80d0-b9eb3a6287b3",1350,"101","Sutter",385920,0.25524201907131,1350,0.349813432835821,0.769058046742396,-1.05035531566034
"1230","88a285bc-0dc7-4c51-a35a-5026850b0a6d",1763,"079","San Luis Obispo",2114560,0.13336722533293,1763,0.0833743190072639,0.53735101669017,-2.48441494260862
"1231","6f509c42-9d2b-45df-b705-02dcb9147dde",210,"085","Santa Clara",826240,2.26440864639814,210,0.0254163439194423,0.399280655297709,-3.6723628504948
"1232","0cd5a369-2f91-4786-9df1-98ece3e9e78c",35,"085","Santa Clara",826240,2.26440864639814,35,0.00423605731990705,0.255117621361404,-5.46412231972286
"1233","20ccd7ec-de69-4967-9877-db5e143fe99a",43,"053","Monterey",2126080,0.203594408488862,43,0.0020225015051174,0.212066570626759,-6.2034201648453
"1234","b671965d-2369-4107-98fe-432eab6ffdc0",47,"107","Tulare",3087360,0.154677135157546,47,0.00152233623548922,0.197527535962264,-6.48750912706259
"1235","e1e4dad4-7ea6-48ec-b34d-3128cf55cc43",120,"079","San Luis Obispo",2114560,0.13336722533293,120,0.00567493946731235,0.274467109315427,-5.17169538222445
"1236","77671ac0-0868-4cc9-a699-26f0131cd493",15,"073","San Diego",2690560,1.21766769743102,15,0.00055750475737393,0.153660465471816,-7.49203952126026
"1237","921a69d2-ddde-4fd8-a874-f5ba15a4edd2",17,"007","Butte",1049600,0.197506669207317,17,0.00161966463414634,0.200611707693118,-6.42553616712765
"1238","45cad03f-97e7-4301-92e2-e63a0040913a",17,"093","Siskiyou",4023680,0.0108507634801972,17,0.000422498807062192,0.143369368320461,-7.76932393469247
"1239","fe63d965-9069-4a96-b9da-99d5fefdaa19",10,"093","Siskiyou",4023680,0.0108507634801972,10,0.000248528710036583,0.125557928348625,-8.29995218575464
"1240","779c4b9a-19bf-487f-ba65-6589aea27420",120,"073","San Diego",2690560,1.21766769743102,120,0.00446003805899144,0.258425069162934,-5.41259797958042
"1241","48d3b3c4-fcf5-47d9-920f-3b3c1b0f6fb1",207,"093","Siskiyou",4023680,0.0108507634801972,207,0.00514454429775728,0.267816128567726,-5.26981848548332
"1242","8c666963-1f9d-43c6-bc3a-cab623d81f27",500,"065","Riverside",4613120,0.536275232380688,500,0.0108386514983352,0.322659021998448,-4.52463669123161
"1243","bc5d73ab-3100-4117-9978-a99b8e3daf5c",30,"001","Alameda",472320,3.44892657520325,30,0.00635162601626016,0.282306728812682,-5.05904443330394
"1244","50328016-5e03-4e90-bff0-95d36942728f",46,"103","Tehama",1888640,0.034546022534734,46,0.0024356150457472,0.222152989580493,-6.01755596881947
"1245","937f9f26-8d23-4ee7-a0f3-61313dcc63f3",80,"115","Yuba",403200,0.209102182539683,80,0.0198412698412698,0.37531192687517,-3.91999117507732
"1246","4edb5c7c-08d6-4ae0-b8b3-7bb471e26d8e",2420,"099","Stanislaus",956800,0.576165342809365,2420,0.252926421404682,0.709167051703705,-1.37465665703968
"1247","35ba5eb8-520f-4660-af60-9e0e00e7b42b",2546,"053","Monterey",2126080,0.203594408488862,2546,0.11975090307044,0.588260515662334,-2.12234150142151
"1248","2f3e47bb-8595-4c9f-bfa6-6fd76e465c12",90,"089","Shasta",2423040,0.0746706616481775,90,0.00371434231378764,0.246871230340255,-5.59555365180463
"1249","7a0029c7-64c8-442d-8c7a-080a553e2b8e",17,"085","Santa Clara",826240,2.26440864639814,17,0.00205751355538342,0.212978456988041,-6.18625703715605
"1250","ac723863-413e-43f8-b4b6-2311e81e36ae",148,"061","Placer",900480,0.463943674484719,148,0.0164356787491116,0.358052665370002,-4.1083007737159
"1251","c6e38284-336a-4435-a3a1-b2b91ee84a91",20,"065","Riverside",4613120,0.536275232380688,20,0.000433546059933407,0.144297501348426,-7.74351251609981
"1252","b38c0563-b321-431b-9174-6336c5a0d449",2,"057","Nevada",613120,0.166840096555324,2,0.000326200417536534,0.134391291692874,-8.02799858777654
"1253","c51a2db5-6d0b-4b4a-8692-a6d73714829f",28,"073","San Diego",2690560,1.21766769743102,28,0.001040675547098,0.179609307125219,-6.86788521218726
"1254","24d9c2ae-8b11-4536-9b9c-5f4e0d476af0",214,"065","Riverside",4613120,0.536275232380688,214,0.00463894284128746,0.260978514842743,-5.37326877463195
"1255","cc06431a-5153-4f66-8ada-07af53c175c3",210,"047","Merced",1234560,0.234912843442198,210,0.0170101088646967,0.361140980877771,-4.07394747255389
"1256","42e2b6f0-2d63-4fbf-bbb4-4fc2eda4805d",12,"007","Butte",1049600,0.197506669207317,12,0.00114329268292683,0.183882058124301,-6.77384286139587
"1257","be4489fb-f51f-4109-8132-c7a28e0d9995",74,"085","Santa Clara",826240,2.26440864639814,74,0.0089562354763749,0.307631905726229,-4.7154052880081
"1258","89db8bb4-6e3b-4de7-b7d9-287c1a9032c0",283,"077","San Joaquin",895360,0.885933032523231,283,0.0316073981415297,0.421645225310721,-3.45436406738787
"1259","65e8fbe1-5300-4c90-9f48-0e7bfe55b1bc",25,"001","Alameda",472320,3.44892657520325,25,0.0052930216802168,0.26972792923487,-5.2413659900979
"1260","bc3e7037-5022-4e6a-8a1f-925c7e9aafc8",24,"013","Contra Costa",460800,2.51077690972222,24,0.00520833333333333,0.268642482955885,-5.25749537202778
"1261","65330473-c21f-446b-a6f4-7bd76bf0ebdc",30,"089","Shasta",2423040,0.0746706616481775,30,0.00123811410459588,0.18758157057324,-6.69416594047274
"1262","0f965f2f-3977-4ba5-bf7c-29feef27ee82",263,"035","Lassen",2917120,0.0102512066695919,263,0.00901574155331286,0.308141621384604,-4.70878316799349
"1263","2d3b577c-7b58-4ee3-9e21-cbec5abd8ce4",38,"115","Yuba",403200,0.209102182539683,38,0.00942460317460318,0.311577270381607,-4.66443165002482
"1264","6be8378d-9a89-40a3-bc66-4fc0ab22ebc2",244,"043","Mariposa",928640,0.0183278773259821,244,0.0262749827705031,0.402610975543867,-3.63913801795661
"1265","1fd11e53-a132-4b89-bc8f-f7061f685ad3",1010,"079","San Luis Obispo",2114560,0.13336722533293,1010,0.0477640738498789,0.467493245356627,-3.04148151517119
"1266","f32eaf92-82dc-4c31-8a05-76c21845f078",190,"053","Monterey",2126080,0.203594408488862,190,0.00893663455749549,0.307463452611659,-4.71759620837838
"1267","6564081d-5ce7-4330-8ad7-2d1d976d778a",20,"065","Riverside",4613120,0.536275232380688,20,0.000433546059933407,0.144297501348426,-7.74351251609981
"1268","8c46fde6-7a1c-482b-97cc-afff1bc5d27c",100,"073","San Diego",2690560,1.21766769743102,100,0.00371669838249286,0.24691036965664,-5.59491953637438
"1269","6311a921-f8e9-45c1-b10d-fee8be8dae29",80,"065","Riverside",4613120,0.536275232380688,80,0.00173418423973363,0.204067483423494,-6.35721815497992
"1270","3fc9ae75-8844-43a5-8330-6956cdb6e3a7",22,"001","Alameda",472320,3.44892657520325,22,0.00465785907859079,0.261244157287766,-5.36919936160778
"1271","ab6d9c8e-5fbb-4a0d-a206-30e83ab51877",30,"089","Shasta",2423040,0.0746706616481775,30,0.00123811410459588,0.18758157057324,-6.69416594047274
"1272","777caabb-3850-4db2-ba02-2d95fda38db6",96,"065","Riverside",4613120,0.536275232380688,96,0.00208102108768035,0.213584198958345,-6.17489659818596
"1273","0ab090de-1ec9-41db-b6cf-c7acd370626a",193,"035","Lassen",2917120,0.0102512066695919,193,0.006616114523914,0.285200809291913,-5.01824701126637
"1274","c1574fd4-92ca-400f-84cb-b10f18ebb4bd",131,"111","Ventura",1181440,0.704737439057421,131,0.0110881635969664,0.324500153255277,-4.50187708222727
"1275","a03c52ec-7366-43c5-965e-52e2b73df452",202,"099","Stanislaus",956800,0.576165342809365,202,0.0211120401337793,0.381182145964948,-3.85791177878921
"1276","42dab7c3-458f-4838-b70f-d5bb3d0f0b80",47,"085","Santa Clara",826240,2.26440864639814,47,0.00568841982958947,0.274629957960226,-5.16932277950221
"1277","f2629bc3-1c8c-4a97-95fa-7d08566dc246",213,"039","Madera",1368320,0.11711880261927,213,0.0155665341440599,0.353222192674215,-4.16263191624119
"1278","72384606-035c-4d00-8887-84a9da7d0e57",81,"065","Riverside",4613120,0.536275232380688,81,0.0017558615427303,0.204702226650598,-6.34479563498136
"1279","12528e0f-03e0-4598-8df0-e3017fa7382a",90,"077","San Joaquin",895360,0.885933032523231,90,0.0100518227305218,0.316636666891597,-4.60000129470084
"1280","d5ebf295-49d5-4a6a-ae13-47a921355e19",128,"049","Modoc",2524160,0.00337181478194726,128,0.0050709939148073,0.266853726762407,-5.28421844216853
"1281","06fa2750-afea-4f88-b1c4-48b9bc21f4eb",25,"073","San Diego",2690560,1.21766769743102,25,0.000929174595623216,0.174591996729487,-6.98121389749427
"1282","900997e0-f30a-48bf-9358-971ca2afa1d6",35,"099","Stanislaus",956800,0.576165342809365,35,0.00365802675585284,0.245930118713611,-5.610831414701
"1283","17596a7a-31fc-4270-8aaf-efe1df3ba848",27,"009","Calaveras",652800,0.071328125,27,0.00413602941176471,0.253598046972844,-5.48801903063961
"1284","f8a2fd4a-286e-4688-8a5c-fa2ad98751ab",149,"043","Mariposa",928640,0.0183278773259821,149,0.0160449689869056,0.355905517254355,-4.13235993730436
"1285","49dbe286-1cfe-4e03-a872-13185aae767a",208,"029","Kern",5210880,0.17580677352002,208,0.00399164824367477,0.251355310808073,-5.52355103972723
"1286","26676376-4e61-4d68-a28f-5fd8b4501acd",64,"055","Napa",482560,0.278307360742706,64,0.013262599469496,0.339357274750696,-4.32280727501391
"1287","9e6b72f0-5f8a-41fe-a60d-40d7bc2f5637",81,"071","San Bernardino",12839680,0.170849740803509,81,0.000630856843784269,0.158483007710743,-7.36843159313662
"1288","7955a367-99da-4047-9f69-cc60ad3208e6",10,"007","Butte",1049600,0.197506669207317,10,0.000952743902439024,0.175688787050568,-6.95616441818982
"1289","f0577ec6-5504-4460-83ce-d9bd91624e0a",183,"095","Solano",529920,0.846820274758454,183,0.0345335144927536,0.431082303385632,-3.36582499190946
"1290","a8c2bf1e-bb0f-4eec-a435-36d7723dfda6",80,"085","Santa Clara",826240,2.26440864639814,80,0.00968241673121611,0.313686582444195,-4.63744374653839
"1291","63b69be6-bd39-4bb4-aee1-7b59dbf7c360",95,"079","San Luis Obispo",2114560,0.13336722533293,95,0.00449266041162228,0.258896332415738,-5.40531023340595
"1292","4ba68199-b45d-49da-91e8-bee9921b621b",83,"093","Siskiyou",4023680,0.0108507634801972,83,0.00206278829330364,0.213114826338681,-6.18369667095209
"1293","ee681e0b-54a3-48ad-900c-8037eeb88159",35,"093","Siskiyou",4023680,0.0108507634801972,35,0.000869850485128042,0.171735924559059,-7.04718921725927
"1294","5edb4ec4-615c-45fb-a236-9a4225eedaff",130,"045","Mendocino",2245760,0.0399788935594186,130,0.0057886862353947,0.275832224906403,-5.15184991549326
"1295","d79e71f2-d827-465d-95a8-d80b6e54456e",156,"071","San Bernardino",12839680,0.170849740803509,156,0.00121498355099193,0.18669926128456,-6.71302474055952
"1296","2939928b-0308-4d76-b232-246f064ddd11",14217,"049","Modoc",2524160,0.00337181478194726,14217,0.563236878803245,0.866308889343031,-0.574054995452454
"1297","5a633180-7b70-4fb6-b859-b5826775b5fc",150,"073","San Diego",2690560,1.21766769743102,150,0.0055750475737393,0.273251241885526,-5.18945442826621
"1298","bc2edb86-fb4b-4dba-a9e0-5339f27d9bce",100,"083","Santa Barbara",1752320,0.253285358838568,100,0.00570672023374726,0.274850572270999,-5.16611081022593
"1299","540b19a4-b84c-4d9c-9cb3-746b53a094b7",306,"053","Monterey",2126080,0.203594408488862,306,0.0143926851294401,0.346366161021934,-4.24103517858649
"1300","233708cc-ed2d-4b85-ba8c-60cf71c912c8",280,"053","Monterey",2126080,0.203594408488862,280,0.0131697772426249,0.338761936895084,-4.32983067736962
"1301","6ac64fee-1420-420c-bff1-1d4908b059be",13,"017","El Dorado",1095680,0.175823233060748,13,0.00118647780373832,0.185594415608041,-6.73676618960578
"1302","1f0d1a35-bf41-45d8-b3b8-26cca8d2d83e",448,"029","Kern",5210880,0.17580677352002,448,0.00859739621714566,0.304503112029895,-4.75629588701357
"1303","ca65fae0-e6d7-4600-890c-62da03753131",448,"073","San Diego",2690560,1.21766769743102,448,0.016650808753568,0.359218614250438,-4.09529648994748
"1304","12e44df4-d425-4f09-96b9-25256ffbdcb2",84,"067","Sacramento",618240,2.56238515786749,84,0.0135869565217391,0.341413387303485,-4.29864502573483
"1305","a0d95805-48db-467e-8dd5-db761eb5ae74",50,"067","Sacramento",618240,2.56238515786749,50,0.00808747412008282,0.29988395231243,-4.81743881915
"1306","2f735b66-c275-4557-a8ad-0ff60e0552f3",103,"049","Modoc",2524160,0.00337181478194726,103,0.0040805654158215,0.252743552838407,-5.50151971785852
"1307","1f576988-2ad0-4a7b-afed-f650caafc579",340,"013","Contra Costa",460800,2.51077690972222,340,0.0737847222222222,0.521184644392091,-2.60660358476552
"1308","ed5e111d-e34a-42c0-9ce7-818270037c2c",156,"037","Los Angeles",2598400,3.74120150862069,156,0.00600369458128079,0.278358602657886,-5.11538023571187
"1309","4433d477-a962-4ad9-a306-71f0f79fff65",26,"071","San Bernardino",12839680,0.170849740803509,26,0.000202497258498654,0.119290205565642,-8.50478420978757
"1310","0f3326bd-4a0f-4351-b978-38eb29f4d490",30,"089","Shasta",2423040,0.0746706616481775,30,0.00123811410459588,0.18758157057324,-6.69416594047274
"1311","fbe088d0-2a17-4d04-aac7-0e32ac8a1ef7",29,"029","Kern",5210880,0.17580677352002,29,0.000556527880127733,0.153593109030056,-7.49379328944208
"1312","0089d3c4-c554-46e1-8eb9-af95e4dfae0c",94,"065","Riverside",4613120,0.536275232380688,94,0.00203766648168701,0.212462983338442,-6.1959500073838
"1313","e338f506-b9fa-44c0-ae64-324ed0e590d4",58,"013","Contra Costa",460800,2.51077690972222,58,0.0125868055555556,0.334949150591502,-4.37510619182931
"1314","5f7b19a6-5f22-49ac-bf0e-ecef96385d37",130,"035","Lassen",2917120,0.0102512066695919,130,0.00445645019745502,0.258373081198439,-5.41340274971567
"1315","9a9bc21f-36f5-4092-b98e-c0d584d198db",107,"035","Lassen",2917120,0.0102512066695919,107,0.00366800131636683,0.246097595653577,-5.60810836570935
"1316","280f9652-7843-4275-9016-b95296fbf571",20,"033","Lake",805120,0.0846966911764706,20,0.00248410174880763,0.22325045112341,-5.99784415407202
"1317","3e020c0d-e35b-4e01-96b7-a3c8e40fd281",21,"109","Tuolumne",1431040,0.0381058530858676,21,0.00146746422182469,0.195723007423728,-6.52421938691719
"1318","94cdd032-ea04-4713-b54a-dc3476635684",1020,"035","Lassen",2917120,0.0102512066695919,1020,0.0349659938569548,0.43242567223931,-3.35337929389294
"1319","4affde91-31a9-4588-bf14-7201fc5c548b",240,"001","Alameda",472320,3.44892657520325,240,0.0508130081300813,0.474781432521174,-2.97960289162411
"1320","f044a406-06ab-457d-8a93-c52bb1930604",33,"113","Yolo",647680,0.342939414525692,33,0.00509510869565217,0.267170413949636,-5.27947427874656
"1321","073d3328-3d8c-459a-8ac8-5dc6095511ec",20,"065","Riverside",4613120,0.536275232380688,20,0.000433546059933407,0.144297501348426,-7.74351251609981
"1322","618ca03c-28fd-4d66-abf3-d065d72d8cb4",46,"089","Shasta",2423040,0.0746706616481775,46,0.00189844162704702,0.208736939722612,-6.2667219256458
"1323","c8f94c30-d0ee-450a-8501-30678aa37c0f",225,"045","Mendocino",2245760,0.0399788935594186,225,0.0100188800227985,0.316376920142885,-4.60328396374442
"1324","eb975e90-a689-40fc-8f44-b13c774de0e8",105,"037","Los Angeles",2598400,3.74120150862069,105,0.00404094827586207,0.252127851425524,-5.51127589280388
"1325","ce97fe6d-a635-45f1-bc18-cdd1698673c2",81,"095","Solano",529920,0.846820274758454,81,0.0152853260869565,0.351616038828877,-4.18086199007845
"1326","22c3cb30-55b1-4fcd-9606-6a0dcedce4ef",16,"017","El Dorado",1095680,0.175823233060748,16,0.00146028037383178,0.195483030036456,-6.52912682482753
"1327","f2a78d1c-66be-40f8-a2d8-5756eb265162",20,"011","Colusa",736640,0.0297485881841877,20,0.00271503040834057,0.228267285598725,-5.90895212553352
"1328","0deca389-4481-4d91-8765-40caba3ea31c",60,"085","Santa Clara",826240,2.26440864639814,60,0.00726181254841208,0.2919182578577,-4.92512581899017
"1329","2443f637-15d7-4cf9-a405-133cf1748300",156,"089","Shasta",2423040,0.0746706616481775,156,0.00643819334389857,0.283263752221232,-5.04550731488536
"1330","852f3058-ccaa-4877-8e8e-f5b8a9649936",433,"043","Mariposa",928640,0.0183278773259821,433,0.0466273259820813,0.464686576906555,-3.06556851524732
"1331","e094035d-ac9c-4ea9-a23b-bb55321a64d6",80,"073","San Diego",2690560,1.21766769743102,80,0.00297335870599429,0.23351341027864,-5.81806308768859
"1332","2760040b-e17b-430f-b581-a81694b450ac",35,"017","El Dorado",1095680,0.175823233060748,35,0.00319436331775701,0.237736616516761,-5.7463674855779
"1333","547b7d19-9b75-4c11-8b88-56adb6460a3c",1300,"043","Mariposa",928640,0.0183278773259821,1300,0.139989662301861,0.611679592672629,-1.96618669980019
"1334","d35fa87b-0f19-4dd8-8739-4bdbc92d1361",139,"001","Alameda",472320,3.44892657520325,139,0.0294292005420054,0.414185237993562,-3.52576788183541
"1335","1bf3e829-5fb3-43d2-9179-6c337709df19",600,"089","Shasta",2423040,0.0746706616481775,600,0.0247622820919176,0.396686724550385,-3.69843366691875
"1336","46896a04-8502-403c-b362-e4adc9e7ad4d",34,"065","Riverside",4613120,0.536275232380688,34,0.000737028301886793,0.16476730614018,-7.21288426503764
"1337","97c4d72f-c1e9-425e-9dcf-44150047af92",131,"035","Lassen",2917120,0.0102512066695919,131,0.00449073058358929,0.25886852562339,-5.4057398769701
"1338","2ce810c9-88f1-4efe-9254-8cbd339d2397",2438,"035","Lassen",2917120,0.0102512066695919,2438,0.0835755813953488,0.537675009701045,-2.48200389013004
"1339","cb87a6f4-a560-41a5-81c0-1064d0c368b6",80,"065","Riverside",4613120,0.536275232380688,80,0.00173418423973363,0.204067483423494,-6.35721815497992
"1340","19343958-2921-41d2-a3f8-501badcd0bee",35,"085","Santa Clara",826240,2.26440864639814,35,0.00423605731990705,0.255117621361404,-5.46412231972286
"1341","faf6064e-fc50-4289-8486-1235f20289d7",12,"065","Riverside",4613120,0.536275232380688,12,0.000260127635960044,0.12699792452671,-8.2543381398658
"1342","4ee8f023-1c92-4266-bb79-d41fdb3a5826",3380,"035","Lassen",2917120,0.0102512066695919,3380,0.115867705133831,0.5834324779798,-2.15530621169419
"1343","40ce99a7-fbca-4b41-b3bf-e2f863fdcc7e",19,"001","Alameda",472320,3.44892657520325,19,0.00402269647696477,0.251842670727795,-5.51580283579966
"1344","8faaa845-634f-4f94-b25e-f5ae78703da6",756,"107","Tulare",3087360,0.154677135157546,756,0.0244869402985075,0.395579366471461,-3.70961535259311
"1345","954bfbe7-424c-49e0-9611-23e9f7a475a2",66,"053","Monterey",2126080,0.203594408488862,66,0.00310430463576159,0.236042976994214,-5.77496553851244
"1346","1b6cdbc8-4ab9-49e9-b6ed-e38d55e263cc",279,"111","Ventura",1181440,0.704737439057421,279,0.0236152491874323,0.392010891200941,-3.74586262360706
"1347","de9cacb4-0be2-47d1-8cf2-7a25aabacfae",11,"001","Alameda",472320,3.44892657520325,11,0.00232892953929539,0.21967927536926,-6.06234654216773
"1348","ebdceb89-fa30-486a-94f8-3eff8eedbd67",167,"069","San Benito",888960,0.0760202933765299,167,0.0187859971202304,0.370218880187928,-3.97464352070321
"1349","a5331bf6-d695-4309-a846-96808e41d757",15,"071","San Bernardino",12839680,0.170849740803509,15,0.000116825341441531,0.103964307415274,-9.05483054670685
"1350","89008310-149d-480f-946f-4ce5a2a71c3f",85,"017","El Dorado",1095680,0.175823233060748,85,0.00775773948598131,0.296779431002031,-4.859064290577
"1351","23f65de3-bf4d-4edf-a5eb-b21299195b0f",10,"087","Santa Cruz",285440,0.9261841367713,10,0.00350336322869955,0.243288338142824,-5.65403184939164
"1352","3a48b649-8714-433d-9952-ff2bf9e8c90a",54612,"063","Plumas",1634560,0.011838659945184,54612,3.34108261550509,1.35198478344847,1.20629489084653
"1353","f68808fb-a705-4083-a136-1a45c61c7f74",1926,"065","Riverside",4613120,0.536275232380688,1926,0.0417504855715871,0.452028047391499,-3.17604419729573
"1354","da7fa4d6-cbf3-4cf9-babf-1cc79aa2f536",28,"033","Lake",805120,0.0846966911764706,28,0.00347774244833068,0.242842309263283,-5.66137191745081
"1355","d8c705d2-2820-43d2-bee4-8335354bcab0",17,"069","San Benito",888960,0.0760202933765299,17,0.00191234701223902,0.20911812458685,-6.25942398906375
"1356","14ad161c-bfc6-41ae-af84-a464084a4142",8836,"103","Tehama",1888640,0.034546022534734,8836,0.467849881396137,0.827040221102779,-0.759607800768558
"1357","3d4c2809-cd37-4f07-b86e-68dcd52c7434",44,"077","San Joaquin",895360,0.885933032523231,44,0.00491422444603288,0.264766934407579,-5.31562133111285
"1358","791059a2-b50f-4ab0-924a-bfdac001e4b9",244,"105","Trinity",2034560,0.00775646822900283,244,0.0119927650204467,0.330925193222695,-4.42345172598323
"1359","38d46a2f-d1f6-4ed8-a502-e57e393844ea",5332,"103","Tehama",1888640,0.034546022534734,5332,0.282319552694002,0.728929017788818,-1.26471568400997
"1360","226da8c8-26c0-49d7-b5ef-952cd969f918",4840,"051","Mono",1948160,0.00666167049934297,4840,0.248439553219448,0.706000786540751,-1.39255570963653
"1361","81977367-45ad-4962-92f3-ae30f22ef723",5737,"049","Modoc",2524160,0.00337181478194726,5737,0.227283531947262,0.690465514364309,-1.48155700148628
"1362","c3b236b9-3a1d-481d-b1eb-b0aa77c5b462",1975,"027","Inyo",6522880,0.00286959134615385,1975,0.0302780366954474,0.417140087350402,-3.49733269084235
"1363","737ef617-abaa-44a1-9bbc-f46240468b8f",381,"107","Tulare",3087360,0.154677135157546,381,0.0123406405472637,0.33329931848784,-4.39485735364595
"1364","e7ea56c5-4290-4406-b0a5-c9d1718e9700",10296,"027","Inyo",6522880,0.00286959134615385,10296,0.157844387755102,0.630314483034447,-1.84614561890161
"1365","2de3ab6b-60c5-4400-9bff-74c79ed7d553",58,"007","Butte",1049600,0.197506669207317,58,0.00552591463414634,0.272647200567056,-5.19830650063745
"1366","393edada-d2bf-4a33-94f2-2d2123357015",260,"035","Lassen",2917120,0.0102512066695919,260,0.00891290039491005,0.307259106486359,-4.72025556915573
"1367","5c74d3fc-eaeb-4a75-9a07-5f8af961237b",1872,"093","Siskiyou",4023680,0.0108507634801972,1872,0.0465245745188484,0.464430360552877,-3.06777462171115
"1368","69b0cca6-c0c6-4a96-8f61-07ebb0ff9dc7",227,"093","Siskiyou",4023680,0.0108507634801972,227,0.00564160171783044,0.274063125164357,-5.17758726126728
"1369","b24dc89c-632d-46a1-8984-2ce037e37834",280,"105","Trinity",2034560,0.00775646822900283,280,0.0137621893677257,0.342508916847745,-4.28583034810718
"1370","25e65946-2e28-453b-bcb4-617b623be750",53,"033","Lake",805120,0.0846966911764706,53,0.00658286963434022,0.284841860395736,-5.02328451407389
"1371","63a43984-64ce-40aa-bbc3-98330a46353f",496,"007","Butte",1049600,0.197506669207317,496,0.0472560975609756,0.466245296451472,-3.05217358445894
"1372","efba4d61-2027-4b05-8506-04d9858154ca",15,"093","Siskiyou",4023680,0.0108507634801972,15,0.000372793065054875,0.138952689178452,-7.89448707764648
"1373","a14c1f49-8e49-4709-a21b-6c06471a1002",250,"065","Riverside",4613120,0.536275232380688,250,0.00541932574916759,0.271322814947765,-5.21778387179155
"1374","4cebaf5a-70a7-4262-864b-fb3fe3b1d84d",200,"083","Santa Barbara",1752320,0.253285358838568,200,0.0114134404674945,0.326854256107242,-4.47296362966598
"1375","5a4639e4-0d1d-4cee-8215-0aa1d53a5160",10,"065","Riverside",4613120,0.536275232380688,10,0.000216773029966704,0.12133925161396,-8.43665969665975
"1376","8f6c8f60-1daf-4c04-8507-dcc81656b8c5",190,"099","Stanislaus",956800,0.576165342809365,190,0.0198578595317726,0.375390353778808,-3.91915540402993
"1377","b277af3b-3785-44c1-bdfb-c5a5ba766d2b",34,"065","Riverside",4613120,0.536275232380688,34,0.000737028301886793,0.16476730614018,-7.21288426503764
"1378","a8b79d35-dab7-4513-ac65-25fd99541662",11,"099","Stanislaus",956800,0.576165342809365,11,0.00114966555183946,0.184137770128634,-6.76828420339204
"1379","c9327432-b3d3-4ea1-b810-d339dc9e25c3",503,"065","Riverside",4613120,0.536275232380688,503,0.0109036834073252,0.323141925353005,-4.51865461955406
"1380","8b4a5b95-3f51-4038-a7ea-b5ed3c73c2e5",91,"093","Siskiyou",4023680,0.0108507634801972,91,0.00226161126133291,0.218074301202657,-6.09167777223184
"1381","980c4c7d-dcc9-45b3-b5c1-181c1cd445e9",167,"065","Riverside",4613120,0.536275232380688,167,0.00362010960044395,0.245290331300643,-5.62125097723704
"1382","ebc468e3-c2ec-43ff-95e9-c319a7ec3d40",640,"061","Placer",900480,0.463943674484719,640,0.0710732054015636,0.516328949398892,-2.6440448711263
"1383","3934f762-ba99-471a-b1d9-dc064276c383",128,"085","Santa Clara",826240,2.26440864639814,128,0.0154918667699458,0.352797856932201,-4.16744011729265
"1384","840010ca-aef0-4f91-b771-3bf196317d03",220,"079","San Luis Obispo",2114560,0.13336722533293,220,0.0104040556900726,0.319374815835856,-4.56555957865413
"1385","7b283f4f-c613-4840-aa90-1f6e9fa1573a",98,"065","Riverside",4613120,0.536275232380688,98,0.0021243756936737,0.214688030025375,-6.15427731098323
"1386","9fc12331-47f4-4d79-bffe-914f13658993",67,"009","Calaveras",652800,0.071328125,67,0.0102634803921569,0.318290491050762,-4.57916327725298
"1387","e7910549-a5ca-4712-bd04-349c49c1ba15",83,"109","Tuolumne",1431040,0.0381058530858676,83,0.00579997763864043,0.275966636115636,-5.14990121684402
"1388","f24e0e23-63ee-4038-a04d-41fe70cac747",16,"089","Shasta",2423040,0.0746706616481775,16,0.000660327522451136,0.160302335490687,-7.32277459989511
"1389","94cd8534-defa-4a82-b1be-42a2704c13d2",200,"073","San Diego",2690560,1.21766769743102,200,0.00743339676498573,0.293627568363628,-4.90177235581443
"1390","755df0b3-ad02-406b-af5d-738b67d8c755",10,"005","Amador",387840,0.10677599009901,10,0.00257838283828383,0.225339253086095,-5.96059288344089
"1391","abdb011f-15d8-475b-b08e-4df583700411",52,"073","San Diego",2690560,1.21766769743102,52,0.00193268315889629,0.209671868562149,-6.24884600378104
"1392","178b2af3-340c-409d-80e6-21ac119969f0",30,"095","Solano",529920,0.846820274758454,30,0.00566123188405797,0.274301217967777,-5.17411376308873
"1393","b8e5a940-0fb5-4c63-93ab-a855cfdc4e0c",300,"007","Butte",1049600,0.197506669207317,300,0.0285823170731707,0.411172781808504,-3.55496703652767
"1394","48f89096-4641-42cc-8ec4-9cba635e79a1",22,"017","El Dorado",1095680,0.175823233060748,22,0.00200788551401869,0.211682393095774,-6.210673093709
"1395","1e85b2a3-0d55-4c3a-9fbb-5208d615cccd",19,"065","Riverside",4613120,0.536275232380688,19,0.000411868756936737,0.14245894121416,-7.79480581048736
"1396","05b9432b-a5cf-4a8f-bf0e-9b95a04bbdde",25,"019","Fresno",3816320,0.26601280815026,25,0.000655081334898541,0.159982988919275,-7.33075115462053
"1397","e2a0252b-2da9-4967-ba33-7abe3ced1efa",52,"079","San Luis Obispo",2114560,0.13336722533293,52,0.00245914043583535,0.222687496439186,-6.00794340642507
"1398","2e4017ba-5c18-4de6-8098-54b2a6caf5bd",18,"099","Stanislaus",956800,0.576165342809365,18,0.00188127090301003,0.208263342663725,-6.27580771829425
"1399","082bd2d3-457b-496b-a469-0d2550aac7ef",63,"021","Glenn",841600,0.0336727661596958,63,0.00748574144486692,0.29414312742002,-4.89475520858596
"1400","1dd6f339-956d-4ec5-bac5-713ba3cd53d4",10,"045","Mendocino",2245760,0.0399788935594186,10,0.000445283556568823,0.145264389905665,-7.7167992729548
"1401","e7aeb204-15af-4a2a-8f2a-bfd2c8dbe411",5563,"043","Mariposa",928640,0.0183278773259821,5563,0.599048070296347,0.879762443700278,-0.512413433174521
"1402","74c3d01f-8809-40bc-a0e2-b1cc24bf1a7d",526,"055","Napa",482560,0.278307360742706,526,0.10900198938992,0.574590718002648,-2.21638914563587
"1403","25e80e7d-5790-4192-9cf0-a190f36158f0",29,"085","Santa Clara",826240,2.26440864639814,29,0.00350987606506584,0.243401329119087,-5.65217455122579
"1404","a4bd4cbb-53de-47c8-972f-cca4c36aaf74",11,"103","Tehama",1888640,0.034546022534734,11,0.000582429684852592,0.155349863294473,-7.4483020925102
"1405","a87ab8be-3da9-4cb0-a72c-5125acc001ef",12,"001","Alameda",472320,3.44892657520325,12,0.00254065040650406,0.224510277958704,-5.9753351651781
"1406","207f72f7-1453-40dc-919e-3551f7041b22",289,"053","Monterey",2126080,0.203594408488862,144.892544521582,0.00681500905523695,0.287320497206908,-4.98862788511304
"1407","207f72f7-1453-40dc-919e-3551f7041b22",289,"079","San Luis Obispo",2114560,0.13336722533293,144.107455478418,0.00681500905523695,0.287320497206908,-4.98862788511304
"1408","18fe1e24-799d-4aa9-a7ec-fa8e331ae3e9",68,"103","Tehama",1888640,0.034546022534734,68,0.00360047441545239,0.24495704385027,-5.62668966013246
"1409","d6114db7-8a39-4b86-92a5-5c3dea1f348f",10,"103","Tehama",1888640,0.034546022534734,10,0.000529481531684175,0.151692009344544,-7.54361227231452
"1410","19578ef2-6101-45b0-a82e-db3004c3a8a5",40,"013","Contra Costa",460800,2.51077690972222,40,0.00868055555555556,0.305236791790392,-4.74666974826179
"1411","6e93b252-99a3-4214-9921-238373b17535",9,"065","Riverside",4613120,0.536275232380688,9,0.000195095726970033,0.118184885660438,-8.54202021231758
"1412","8739a46c-9d9b-464c-87d0-31738601d96f",350,"065","Riverside",4613120,0.536275232380688,350,0.00758705604883463,0.295133374226899,-4.88131163517034
"1413","7ff84b11-c3fb-4f5c-8a00-07243d4a4e33",1011,"065","Riverside",4613120,0.536275232380688,1011,0.0219157533296337,0.384759277821313,-3.82054957063333
"1414","f20ba27e-4c6c-4ca9-a356-ef88c4f788bb",42,"089","Shasta",2423040,0.0746706616481775,42,0.00173335974643423,0.204043223850231,-6.35769370385153
"1415","d37acb3f-94c8-47ef-b3da-6eb0d7353aa7",75,"065","Riverside",4613120,0.536275232380688,75,0.00162579772475028,0.200801349809283,-6.42175667611749
"1416","fd21c9dc-a89f-4a29-990b-33b95ae2adc9",91,"111","Ventura",1181440,0.704737439057421,91,0.00770246478873239,0.29624936656038,-4.86621489891157
"1417","c52717d6-0297-4c5b-a0f1-f17abcd7ac27",8799,"037","Los Angeles",2598400,3.74120150862069,8799,0.338631465517241,0.762837137003429,-1.08284288531584
"1418","fd1bc30a-4377-45f6-ba2b-b4e1c7e65ee7",30,"079","San Luis Obispo",2114560,0.13336722533293,30,0.00141873486682809,0.194077554209608,-6.55798974334434
"1419","451c3012-2831-44c1-8fc7-146fd02d2ce0",3435,"017","El Dorado",1095680,0.175823233060748,3435,0.313503942757009,0.748274166356072,-1.15994334241086
"1420","02e6023e-d306-4a67-a09c-b9224b98661e",200,"111","Ventura",1181440,0.704737439057421,200,0.0169284940411701,0.36070700895696,-4.07875703888039
"1421","72c6a0db-a014-4cd9-9788-926707ef839c",55,"035","Lassen",2917120,0.0102512066695919,55,0.00188542123738482,0.208378111932262,-6.27360401493879
"1422","8bf75401-999f-42bd-8c0a-8db508591545",75,"065","Riverside",4613120,0.536275232380688,75,0.00162579772475028,0.200801349809283,-6.42175667611749
"1423","0baff961-3ce3-45ec-80f1-a72957f2f3f4",15,"013","Contra Costa",460800,2.51077690972222,15,0.00325520833333333,0.238860698051092,-5.72749900127352
"1424","2a516d14-36ce-43b0-b34c-7483759a9c84",10,"073","San Diego",2690560,1.21766769743102,10,0.000371669838249286,0.138847904475954,-7.89750462936842
"1425","baa2a51c-40bc-420c-9f88-db4783872d65",420,"083","Santa Barbara",1752320,0.253285358838568,420,0.0239682249817385,0.393467592631478,-3.73102628493661
"1426","df7805d1-682e-4a3d-b917-1bbab5e078ef",25,"033","Lake",805120,0.0846966911764706,25,0.00310512718600954,0.236058611568036,-5.77470060275781
"1427","ff8701f0-a12a-4b40-baa9-b58c4e2e31f3",137,"019","Fresno",3816320,0.26601280815026,137,0.00358984571524401,0.244776063384915,-5.62964605366061
"1428","6ad5dc4a-bd52-4cb4-9664-2ab606289d21",11,"071","San Bernardino",12839680,0.170849740803509,11,8.56719170571229e-05,0.096207653260475,-9.36498547501069
"1429","24eb323e-b97f-4087-886b-7efae8937bae",42,"037","Los Angeles",2598400,3.74120150862069,42,0.00161637931034483,0.200509900145647,-6.42756662467804
"1430","809d101c-8aa3-4a53-bf20-f38ae7ec7941",77758,"097","Sonoma",1008640,0.478515625,77758,7.70919257614213,1.66629627565942,2.04241345785549
"1431","956f8cd5-f4fb-43d7-8a34-1bb5db551995",145,"071","San Bernardino",12839680,0.170849740803509,145,0.0011293116339348,0.18331729934857,-6.78614700538848
"1432","16b1921b-f753-4a36-85bc-d903555f0af4",67,"041","Marin",332800,0.769284855769231,67,0.0201322115384615,0.376680268460964,-3.90543418255013
"1433","6890469e-78d7-4dac-b162-6c23498fabcc",80,"007","Butte",1049600,0.197506669207317,80,0.00762195121951219,0.295472142462191,-4.87672287650999
"1434","020310d3-7834-4f57-a125-eff0eb3f54e5",4615,"037","Los Angeles",2598400,3.74120150862069,4615,0.177609298029557,0.649181932584079,-1.72816909602445
"1435","ab8109fd-e8eb-4690-9f5c-3a8c9c47ff48",62,"081","San Mateo",287360,2.53751739977728,62,0.021575723830735,0.383258101210522,-3.83618649306279
"1436","87404846-bc30-41b8-82fe-31c9aedb9ef7",35,"001","Alameda",472320,3.44892657520325,35,0.00741023035230352,0.293398525640563,-4.90489375347668
"1437","a6701bb9-7086-4dbc-ac5f-8c98eeb0279a",97,"073","San Diego",2690560,1.21766769743102,97,0.00360519743101808,0.245037336550442,-5.62537874385908
"1438","7ff229e4-be94-4319-8916-19eb43753843",37,"073","San Diego",2690560,1.21766769743102,37,0.00137517840152236,0.192570501175782,-6.58917180971824
"1439","828b2492-fc44-4fc0-97fa-f0b439e6fa0d",605,"103","Tehama",1888640,0.034546022534734,605,0.0320336326668926,0.423059593525713,-3.44096890727772
"1440","d299dec7-b09f-47f7-80c9-859ddd1ecef3",200,"013","Contra Costa",460800,2.51077690972222,200,0.0434027777777778,0.456435464587638,-3.13723183582769
"1441","64104ca2-a187-4b11-bb43-e22253bbcb52",150,"013","Contra Costa",460800,2.51077690972222,150,0.0325520833333333,0.424761061211781,-3.42491390827947
"1442","c9f9ded3-170f-4b04-a50e-2c03153c663f",140,"095","Solano",529920,0.846820274758454,140,0.0264190821256039,0.403161851702032,-3.63366872214158
"1443","9cc1af36-29f2-4af5-afa7-23b9ce17630e",703,"045","Mendocino",2245760,0.0399788935594186,703,0.0313034340267883,0.420627822423662,-3.46402747413818
"1444","b36ed23e-a3de-4aff-bdbc-d6ebf8d8f077",50,"013","Contra Costa",460800,2.51077690972222,50,0.0108506944444444,0.322748612183951,-4.52352619694758
"1445","e693477a-37d2-4aba-9e73-a63421a2b3a6",745,"037","Los Angeles",2598400,3.74120150862069,745,0.0286714901477833,0.411493108551802,-3.55185202458184
"1446","00e6d6d5-f168-45fa-817a-f7758a5170b7",2375,"111","Ventura",1181440,0.704737439057421,2375,0.201025866738895,0.669596208445565,-1.60432168895968
"1447","8f23653c-1a4c-4609-bfb3-72b1665eab69",628,"065","Riverside",4613120,0.536275232380688,628,0.013613346281909,0.341579047332895,-4.2967046231856
"1448","e59fa47f-0f47-49a9-a2c5-092cfaf68ed5",328,"065","Riverside",4613120,0.536275232380688,328,0.00711015538290788,0.290382054041899,-4.94623118126966
"1449","e471b23c-f00c-44bc-afc1-6ab02b0af4c3",50,"073","San Diego",2690560,1.21766769743102,50,0.00185834919124643,0.207626044733238,-6.28806671693432
"1450","dfc32e06-b88e-4d30-ae3d-22bc18792f5e",200,"071","San Bernardino",12839680,0.170849740803509,200,0.00155767121922042,0.198663896332885,-6.46456338126102
"1451","31852a71-e639-496f-9e7d-0968d1c218b3",9999,"111","Ventura",1181440,0.704737439057421,9999,0.846340059588299,0.959149322635701,-0.166834038452574
"1452","305f30f5-622d-4c55-8813-45ffbc15aed0",19,"065","Riverside",4613120,0.536275232380688,19,0.000411868756936737,0.14245894121416,-7.79480581048736
"1453","69d98a94-4980-4dc0-b388-61c37c635f32",2534,"103","Tehama",1888640,0.034546022534734,2534,0.13417062012877,0.605221512797981,-2.00864300442748
"1454","600d608d-6279-435d-bc9b-99aacaa5e80f",75,"033","Lake",805120,0.0846966911764706,75,0.00931538155802862,0.310670604218339,-4.6760883140897
"1455","77d64e4c-a50f-4f4d-a750-e6a6f0ddadc9",308,"061","Placer",900480,0.463943674484719,308,0.0342039800995025,0.430050207223099,-3.37541326450644
"1456","7555692b-f672-4660-8f15-d0dab068a193",3126,"083","Santa Barbara",1752320,0.253285358838568,3126,0.178392074506939,0.649896037424698,-1.7237714852326
"1457","94f20083-2412-4058-bc16-afa6b45c3935",15,"023","Humboldt",2286720,0.0590408970053177,15,0.000655961376994123,0.160036692514928,-7.32940864728683
"1458","c9bb59f7-be32-4296-8c11-3f1233116827",102,"091","Sierra",609920,0.00527446222455404,102,0.0167235047219307,0.359610053190325,-4.09094008073556
"1459","f6e7a62d-4796-452d-8e41-66ed1aef6d63",75,"103","Tehama",1888640,0.034546022534734,75,0.00397111148763131,0.251031383715593,-5.52870925177225
"1460","edd2012d-0574-46a1-97d5-9ca42e7c5912",57,"035","Lassen",2917120,0.0102512066695919,57,0.00195398200965336,0.210247161022858,-6.23788593233671
"1461","ad9ab6b9-53ed-417c-a490-6b594974f110",211,"021","Glenn",841600,0.0336727661596958,57.5176202321725,0.0068343179933665,0.287523797337007,-4.98579859529658
"1462","ad9ab6b9-53ed-417c-a490-6b594974f110",211,"045","Mendocino",2245760,0.0399788935594186,153.482379767828,0.0068343179933665,0.287523797337007,-4.98579859529658
"1463","405d5f3f-66c9-4b69-8660-82780fa582b5",154,"021","Glenn",841600,0.0336727661596958,154,0.0182984790874525,0.367793244926209,-4.00093733256386
"1464","e1298aaa-1337-412e-ba09-7b29e87dad8b",180,"065","Riverside",4613120,0.536275232380688,180,0.00390191453940067,0.249930603740713,-5.54628793876359
"1465","083f1638-4369-410f-9b57-d53cfaa938f7",20,"065","Riverside",4613120,0.536275232380688,20,0.000433546059933407,0.144297501348426,-7.74351251609981
"1466","a87d4713-817a-47ac-9fa5-427c474cf9a5",275,"025","Imperial",2672000,0.0668836077844311,275,0.0102919161676647,0.318510724544997,-4.57639652998401
"1467","3eff88c0-89ee-4abe-8f6d-f74b90c42f30",26,"103","Tehama",1888640,0.034546022534734,26,0.00137665198237885,0.192622067984746,-6.58810082728708
"1468","4b1b0f5b-a4f9-4965-ad6a-029c9d89c68c",55,"105","Trinity",2034560,0.00775646822900283,55,0.00270328719723183,0.228020055423819,-5.91328676604396
"1469","18b88d88-2c76-41cb-9b07-5c9dda8f56d9",47,"013","Contra Costa",460800,2.51077690972222,47,0.0101996527777778,0.317794478181796,-4.58540160066567
"1470","2dac9fb4-1c2a-405a-93be-92ed7788a1d2",2060,"031","Kings",889600,0.171966052158273,2060,0.231564748201439,0.693694276939086,-1.46289575470674
"1471","d0dbf515-0e04-42d9-a46b-8ea21d18374a",156,"083","Santa Barbara",1752320,0.253285358838568,156,0.00890248356464573,0.307169290894629,-4.72142498896448
"1472","9a8425a9-f3ba-4afe-82d2-d9a9776959aa",17,"007","Butte",1049600,0.197506669207317,17,0.00161966463414634,0.200611707693118,-6.42553616712765
"1473","3788f0dd-0d61-4458-95a2-ebda03b815b2",20,"065","Riverside",4613120,0.536275232380688,20,0.000433546059933407,0.144297501348426,-7.74351251609981
"1474","0fa5653a-c3c8-4aad-84ce-8d1dd74f211b",152,"039","Madera",1368320,0.11711880261927,152,0.0111085126286249,0.3246489318226,-4.50004356110434
"1475","adbbc326-9f9a-434d-b18b-67a44f3906e5",20,"055","Napa",482560,0.278307360742706,20,0.00414456233421751,0.253728743598504,-5.48595808481959
"1476","53d70cde-ef0f-49c1-80a9-dc306a8cc043",5000,"079","San Luis Obispo",2114560,0.13336722533293,5000,0.236455811138015,0.697328632672504,-1.44199393359026
"1477","57f40970-22b5-4d75-a8f2-2482a18f5bca",60,"065","Riverside",4613120,0.536275232380688,60,0.00130063817980022,0.189906191658641,-6.6449002274317
"1478","0e1e69d4-cb59-4228-8c55-f18e6b5ad71c",60,"013","Contra Costa",460800,2.51077690972222,60,0.0130208333333333,0.337800038701759,-4.34120464015363
"1479","7a979a96-aeab-4afd-b55f-532882f36a6b",1395,"083","Santa Barbara",1752320,0.253285358838568,1395,0.0796087472607743,0.531178144401065,-2.53063130195855
"1480","8ad07f5d-c8eb-43c3-94d5-547ee9c0e5cd",237,"039","Madera",1368320,0.11711880261927,237,0.0173205098222638,0.362777353111794,-4.05586394081549
"1481","a47ae21e-d488-4978-ade9-aeed0db63fa6",670,"061","Placer",900480,0.463943674484719,670,0.0744047619047619,0.522276136536019,-2.598235335095
"1482","0b723ec6-680d-464b-ba30-b444506ceb44",10,"045","Mendocino",2245760,0.0399788935594186,10,0.000445283556568823,0.145264389905665,-7.7167992729548
"1483","0eca3343-e9f9-4d09-9fc3-95ab90b153ae",37,"035","Lassen",2917120,0.0102512066695919,37,0.00126837428696797,0.188717362090458,-6.67001928752703
"1484","94b147a7-68ac-4e60-ba42-81fce8facd30",129,"065","Riverside",4613120,0.536275232380688,129,0.00279637208657048,0.229958114773575,-5.87943238529213
"1485","2672d8d0-6523-40da-ae4e-6ae6d48e810a",300,"095","Solano",529920,0.846820274758454,300,0.0566123188405797,0.487784208060696,-2.87152867009468
"1486","0416a81f-0a17-4835-b05e-fe59a6e7379a",19,"085","Santa Clara",826240,2.26440864639814,19,0.00229957397366383,0.218983728609766,-6.07503140204583
"1487","a5085c95-252d-4d1c-9e8a-6657a74b7ed5",15,"089","Shasta",2423040,0.0746706616481775,15,0.00061905705229794,0.157736670262699,-7.38731312103268
"1488","3837f75a-208d-41d0-8d89-5719a11912ef",126,"085","Santa Clara",826240,2.26440864639814,126,0.0152498063516654,0.351411591002071,-4.18318847426079
"1489","57a6f6b7-eba1-4ed7-ba7b-6b078b06731d",39,"061","Placer",900480,0.463943674484719,39,0.00433102345415778,0.256535595444276,-5.44195140135037
"1490","db5ad2e7-dc3d-41f2-91b4-4019857ee51e",141,"097","Sonoma",1008640,0.478515625,141,0.0139792195431472,0.343851348106101,-4.27018337040528
"1491","5698ae57-d61f-421b-8b75-623e9aa6debb",79,"095","Solano",529920,0.846820274758454,79,0.0149079106280193,0.34942517804613,-4.20586329228386
"1492","e3e89516-4647-44bf-bd24-3293303f0776",107,"097","Sonoma",1008640,0.478515625,107,0.0106083439086294,0.320931168696952,-4.54611442632154
"1493","74b04a44-7cc1-4c8e-bd9e-9f3efa631df4",1837,"095","Solano",529920,0.846820274758454,1837,0.346656099033816,0.767316807825042,-1.05942205953576
"1494","b5527f83-ebbe-4b09-a701-4b4fe6d37b45",100,"013","Contra Costa",460800,2.51077690972222,100,0.0217013888888889,0.383814945966409,-3.83037901638764
"1495","9247b89a-38f0-4e14-ac4a-59386cf867b4",211,"053","Monterey",2126080,0.203594408488862,211,0.00992436785069235,0.315628138018312,-4.6127621470628
"1496","876b63ff-62a2-4584-8aa2-d99f027c0e9f",85,"043","Mariposa",928640,0.0183278773259821,85,0.00915317022742936,0.309309233547385,-4.6936549867595
"1497","5a6e0c14-2906-4547-8024-e7b33071104b",80,"099","Stanislaus",956800,0.576165342809365,80,0.00836120401337793,0.302389846878052,-4.78415284151653
"1498","8a4b6636-55b6-4999-9de4-7b0cb22390a2",27,"065","Riverside",4613120,0.536275232380688,27,0.0005852871809101,0.155540056741465,-7.44340792364947
"1499","6b50bab1-7dcf-43c8-b4d1-afada595dd32",230,"053","Monterey",2126080,0.203594408488862,230,0.0108180313064419,0.322505450245225,-4.52654097161567
"1500","125e30fa-37fb-46ea-86ab-13058518aab6",100,"065","Riverside",4613120,0.536275232380688,100,0.00216773029966704,0.215775092774636,-6.13407460366571
"1501","fdd59b55-6aa2-442f-b788-e1291bb49cb1",20,"065","Riverside",4613120,0.536275232380688,20,0.000433546059933407,0.144297501348426,-7.74351251609981
"1502","d77e9eeb-a4ed-41b8-adff-9dd99aac5971",29,"017","El Dorado",1095680,0.175823233060748,29,0.00264675817757009,0.226818547976666,-5.93441971708084
"1503","dc1f8080-9c95-40e3-859b-71f6a080f05b",151,"045","Mendocino",2245760,0.0399788935594186,151,0.00672378170418923,0.286354097084675,-5.00210452913392
"1504","21f49b4c-a5cd-4f17-90fd-b9f464b823c1",1100,"073","San Diego",2690560,1.21766769743102,1100,0.0408836822074215,0.449663359627131,-3.19702426357601
"1505","c3c10b8f-a073-4ca6-bb7f-fdc57cf82b4c",300,"111","Ventura",1181440,0.704737439057421,300,0.0253927410617551,0.39918792512185,-3.67329193077222
"1506","3e6e0977-3563-442d-8bf3-d87c97b49880",1680,"079","San Luis Obispo",2114560,0.13336722533293,1680,0.0794491525423729,0.530911725714417,-2.53263805260919
"1507","4561c1c7-f447-4450-9ea8-f9717ee19f8d",803,"111","Ventura",1181440,0.704737439057421,803,0.0679679035752979,0.510594307507727,-2.68871969148166
"1508","36e3b13b-c2d3-44f5-ba9f-23c1e9f73878",100,"073","San Diego",2690560,1.21766769743102,100,0.00371669838249286,0.24691036965664,-5.59491953637438
"1509","203115aa-8ef9-436c-9d18-32613f9fa286",90,"073","San Diego",2690560,1.21766769743102,90,0.00334502854424358,0.240491625076822,-5.7002800520322
"1510","e86309b6-2223-4448-a7a2-bb83d4bc8352",40,"061","Placer",900480,0.463943674484719,40,0.00444207533759773,0.258164474699446,-5.41663359336608
"1511","86e91f38-4e2e-406f-ad97-5a3b47a9ce76",5042,"067","Sacramento",618240,2.56238515786749,5042,0.815540890269151,0.950301544768356,-0.203903716830279
"1512","50adb8e9-d672-49fa-95d0-657879169302",533,"019","Fresno",3816320,0.26601280815026,533,0.0139663340600369,0.343772083611736,-4.27110555532289
"1513","44bf7479-689e-4203-9f38-8b05917db66b",191,"043","Mariposa",928640,0.0183278773259821,191,0.0205677119228119,0.378701037743031,-3.88403281520318
"1514","90d7bf99-5b46-4a48-a07c-7468829e50b3",10,"065","Riverside",4613120,0.536275232380688,10,0.000216773029966704,0.12133925161396,-8.43665969665975
"1515","2aa93d4d-809e-42ed-8025-7449711f667d",34,"045","Mendocino",2245760,0.0399788935594186,34,0.001513964092334,0.197255396621381,-6.49302384133268
"1516","b19c7e40-eac0-4c33-9414-590752f5c100",696,"083","Santa Barbara",1752320,0.253285358838568,696,0.0397187728268809,0.446425460679163,-3.2259313358796
"1517","4382036a-3c19-479e-9a78-325007c1de3b",445,"079","San Luis Obispo",2114560,0.13336722533293,445,0.0210445671912833,0.380877220875726,-3.86111284284025
"1518","2190e4db-2b64-4d98-a5f9-00cc6221eec8",813,"069","San Benito",888960,0.0760202933765299,813,0.0914551835853132,0.54992325002997,-2.39190622357216
"1519","2250dea8-20a0-4e5e-b86e-bfe7821892c2",18,"079","San Luis Obispo",2114560,0.13336722533293,18,0.000851240920096852,0.170809933308032,-7.06881536711033
"1520","55a8e286-c088-45dc-8010-5c604dba3b69",1455,"009","Calaveras",652800,0.071328125,1455,0.222886029411765,0.687101207706782,-1.50109471703835
"1521","fc3411f0-f9e0-4d0c-86a3-71afbac23f4a",95,"007","Butte",1049600,0.197506669207317,95,0.00905106707317073,0.308443019371428,-4.70487261958333
"1522","7fc52805-21d4-4a56-b711-859d8c39e704",89,"077","San Joaquin",895360,0.885933032523231,89,0.00994013581129378,0.315753431882286,-4.61117459529897
"1523","5a06793f-5f95-411b-9cce-b340ddd72061",68,"103","Tehama",1888640,0.034546022534734,68,0.00360047441545239,0.24495704385027,-5.62668966013246
"1524","0cb8b199-ab94-42a5-a441-db7f272b170c",83,"053","Monterey",2126080,0.203594408488862,83,0.00390389825406382,0.249962363566867,-5.54577967274227
"1525","c276a99a-8208-4402-b538-1e50aae50d63",165,"029","Kern",5210880,0.17580677352002,165,0.00316645173176124,0.237215584664998,-5.75514364552797
"1526","2a79a833-693d-4dff-a199-c93b5a3ebe39",110,"061","Placer",900480,0.463943674484719,110,0.0122157071783937,0.332452538502071,-4.4050326816876
"1527","0fc1bc5b-7ac5-4a2c-8048-9ed74623b838",130,"107","Tulare",3087360,0.154677135157546,130,0.00421071724709784,0.254735234430115,-5.47012227831707
"1528","036cc8f1-ab4e-488c-8c46-86ebbb176d3e",13,"007","Butte",1049600,0.197506669207317,13,0.00123856707317073,0.187598725070873,-6.69380015372233
"1529","0413caad-a48e-447b-8ed8-1c8933360f21",217,"107","Tulare",3087360,0.154677135157546,217,0.0070286587893864,0.289546363709822,-4.95775937523219
"1530","a1959cb6-24e4-45e6-bcca-b792abe932ce",89,"007","Butte",1049600,0.197506669207317,89,0.00847942073170732,0.30345307740442,-4.77011314145173
"1531","d7f02c71-a8b5-440a-b4a8-b8e011e214e3",11,"049","Modoc",2524160,0.00337181478194726,11,0.000435788539553753,0.144483732109784,-7.73835343328978
"1532","641c7a44-b74a-4dce-bd7d-44078847003b",10,"109","Tuolumne",1431040,0.0381058530858676,10,0.000698792486583184,0.162587463853654,-7.26615673164657
"1533","c50ced87-e83c-406c-b349-49cad87e680f",195,"053","Monterey",2126080,0.203594408488862,195,0.00917180915111379,0.309466577774293,-4.69162072197512
"1534","d0e31652-2b1e-4316-a1e0-c18ecb4ddbd7",52,"053","Monterey",2126080,0.203594408488862,52,0.00244581577363034,0.222385227818894,-6.01337656195744
"1535","e7d05a34-0fdc-4db2-b713-0e10119d105d",1050,"107","Tulare",3087360,0.154677135157546,1050,0.0340096393034826,0.429438034557937,-3.38111128562108
"1536","cf392ebe-9c69-4a28-b52b-3772c06b493c",348,"053","Monterey",2126080,0.203594408488862,348,0.0163681517158338,0.357684326832956,-4.11241780076439
"1537","58e5665a-7aff-4f14-8ebe-490e73d3d37a",15,"079","San Luis Obispo",2114560,0.13336722533293,15,0.000709367433414044,0.163199119616068,-7.25113692390428
"1538","c5071feb-80ec-4fbb-9d2f-eee1f1cea68a",19,"019","Fresno",3816320,0.26601280815026,19,0.000497861814522891,0.149374754459935,-7.60518800032229
"1539","7d7f682a-0266-4758-93e6-795488af0687",563,"035","Lassen",2917120,0.0102512066695919,563,0.0192998573935937,0.372725001364093,-3.94765757203157
"1540","54364494-e201-476a-8dc7-fbf2e0f94f60",210,"035","Lassen",2917120,0.0102512066695919,210,0.00719888108819658,0.291283745229938,-4.93382966945379
"1541","5b8b9b63-9cc6-4d55-9502-87009d75732c",12,"065","Riverside",4613120,0.536275232380688,12,0.000260127635960044,0.12699792452671,-8.2543381398658
"1542","64b9cf19-314a-4986-ae35-cf89f1f8bc2a",202,"099","Stanislaus",956800,0.576165342809365,202,0.0211120401337793,0.381182145964948,-3.85791177878921
"1543","d10cd103-f627-497d-a338-6430438ed7fb",263,"079","San Luis Obispo",2114560,0.13336722533293,263,0.0124375756658596,0.333951911736747,-4.38703309282873
"1544","5b2b1489-ad5b-4104-b267-fdd61c0c48e9",280,"051","Mono",1948160,0.00666167049934297,280,0.0143725361366623,0.346244873784572,-4.24243610617795
"1545","b13b3fea-fd2f-4c14-925b-63737df97f2e",59,"065","Riverside",4613120,0.536275232380688,59,0.00127896087680355,0.189109921747421,-6.66170734574808
"1546","a9397846-b830-4a42-a7e6-d2be9684a989",2192,"047","Merced",1234560,0.234912843442198,2192,0.177553136340073,0.649130607176867,-1.72848535520345
"1547","a6c54f7f-20f5-4c3b-a27b-745d7274def6",33,"079","San Luis Obispo",2114560,0.13336722533293,33,0.0015606083535109,0.198757480010088,-6.46267956354002
"1548","58a3d354-a532-440e-bfa8-aca414cf4cd0",12,"035","Lassen",2917120,0.0102512066695919,12,0.000411364633611233,0.142415329103979,-7.79603055038326
"1549","fd24cc01-1057-4572-a83b-1775d49f42f7",136,"007","Butte",1049600,0.197506669207317,136,0.0129573170731707,0.337387331714138,-4.34609462544782
"1550","49378c25-ecdb-406d-829b-755f2b248fcd",62,"105","Trinity",2034560,0.00775646822900283,62,0.00304734193142498,0.23495262249728,-5.79348556623134
"1551","14042a79-1fd0-4e82-b17d-1b201306de22",4000,"029","Kern",5210880,0.17580677352002,4000,0.0767624662245149,0.526365274084441,-2.56703947932652
"1552","ba60e1c4-d812-4b33-9a2e-b240a1b29408",648,"037","Los Angeles",2598400,3.74120150862069,648,0.0249384236453202,0.397390288541767,-3.69134554660913
"1553","f969420f-82a1-4edd-b7d3-28672e9d74b3",500,"039","Madera",1368320,0.11711880261927,500,0.0365411599625819,0.437215532591841,-3.30931598352843
"1554","ac5dad8d-89f2-4f3f-b710-34661754ebb6",157,"079","San Luis Obispo",2114560,0.13336722533293,157,0.00742471246973366,0.293541770898269,-4.90294131965819
"1555","b564196f-6499-4e1e-b896-7b6211d97f90",62,"071","San Bernardino",12839680,0.170849740803509,62,0.000482878077958329,0.148237940414301,-7.63574636276396
"1556","43289809-2636-4d90-8ed2-0012575d9e1d",108,"001","Alameda",472320,3.44892657520325,108,0.0228658536585366,0.388863208245886,-3.77811058784188
"1557","90f61641-f44c-4180-bb82-9238b1effeb7",583,"079","San Luis Obispo",2114560,0.13336722533293,583,0.0275707475786925,0.407485477625945,-3.590999938656
"1558","7f3042f1-3e76-4c3e-82c9-a0761c1c8b90",353,"085","Santa Clara",826240,2.26440864639814,353,0.0427236638264911,0.4546394548522,-3.15300232427897
"1559","a7138f52-b933-4054-ae63-5f8e1e950be3",100,"047","Merced",1234560,0.234912843442198,100,0.00810005184033178,0.30000048000192,-4.81588481728326
"1560","cd2e7a3b-7b00-4da4-8612-a19a22c88fca",67,"019","Fresno",3816320,0.26601280815026,67,0.00175561797752809,0.204695127438648,-6.34493436009777
"1561","304a6ef7-53f6-4d2d-8d11-be431a7d75e8",5513,"085","Santa Clara",826240,2.26440864639814,5513,0.66723954298993,0.903796060660093,-0.404606162622585
"1562","2102ace4-f67b-4060-8795-f3cea12917e3",1525,"037","Los Angeles",2598400,3.74120150862069,1525,0.0586899630541872,0.492199262953303,-2.83548655391989
"1563","fc988bbb-4f93-478d-8a6c-b1be51d436c7",298,"013","Contra Costa",460800,2.51077690972222,298,0.0646701388888889,0.504284881782562,-2.73845571587032
"1564","ce7dddd1-7a79-4aa4-b6bc-f4181aa2ac05",150,"077","San Joaquin",895360,0.885933032523231,150,0.016753037884203,0.359768713055951,-4.08917567093485
"1565","deaaf3fb-e0b2-4430-97cc-10d6d626df27",75,"095","Solano",529920,0.846820274758454,75,0.0141530797101449,0.344915521275428,-4.25782303121458
"1566","f398ee10-0c99-4096-be61-7c1611035ce1",32,"017","El Dorado",1095680,0.175823233060748,32,0.00292056074766355,0.232469810181644,-5.83597964426759
"1567","a378ae17-9133-433f-8b63-23a1a7c6a4c6",25,"011","Colusa",736640,0.0297485881841877,25,0.00339378801042572,0.241363268175672,-5.68580857421931
"1568","b4413d75-dc78-4810-9db3-c644a1afc5f3",10,"065","Riverside",4613120,0.536275232380688,10,0.000216773029966704,0.12133925161396,-8.43665969665975
"1569","49be3366-f2b6-4ff5-8541-a25ad9bdc607",31,"085","Santa Clara",826240,2.26440864639814,31,0.00375193648334624,0.247493541025205,-5.58548317672712
"1570","1d6a3faf-2e35-4c7e-9efd-54339ad56ed6",108,"039","Madera",1368320,0.11711880261927,108,0.00789289055191768,0.298063653270751,-4.8417928548264
"1571","2865a54c-f7c1-4595-b4b9-1c8082df22ce",2,"065","Riverside",4613120,0.536275232380688,2,4.33546059933407e-05,0.0811444481299301,-10.0460976090939
"1572","dd705c7f-d18b-49a5-be60-c828d5c047fb",33,"007","Butte",1049600,0.197506669207317,33,0.00314405487804878,0.236795000859738,-5.76224194971739
"1573","777f38a7-7d43-4641-998f-8524c692980c",91,"065","Riverside",4613120,0.536275232380688,91,0.001972634572697,0.210747125666934,-6.22838528313695
"1574","ef5e4d08-bf3f-4df1-90b7-92e4e2a2fc91",29667,"019","Fresno",3816320,0.26601280815026,29667,0.777371918497401,0.93898188112397,-0.251836383550632
"1575","03459423-a538-4952-ba0c-c020face9151",1485,"069","San Benito",888960,0.0760202933765299,1485,0.167049136069114,0.639309353499652,-1.78946728188317
"1576","79575aba-0ca4-446e-a28e-39bafbad368e",48,"043","Mariposa",928640,0.0183278773259821,48,0.00516884906960717,0.268131885864023,-5.26510523234192
"1577","d268fd6c-a177-47b2-b13c-2ac26a02289e",500,"115","Yuba",403200,0.209102182539683,500,0.124007936507936,0.593420260976049,-2.08740971132901
"1578","a417d993-c3bf-4c5b-a01a-7d56a209a12d",253,"001","Alameda",472320,3.44892657520325,253,0.053565379403794,0.481084147398973,-2.92685232623858
"1579","4035078f-8136-447e-8daf-3a63462a73d9",119,"071","San Bernardino",12839680,0.170849740803509,119,0.000926814375436148,0.17448101956192,-6.98375725469753
"1580","9520d0cb-1a4f-4dc0-bd38-967f5ee353f0",557,"093","Siskiyou",4023680,0.0108507634801972,557,0.0138430491490377,0.343010915157691,-4.2799720388214
"1581","fc0b7761-54a3-4275-a550-313d2b604f5e",9564,"035","Lassen",2917120,0.0102512066695919,9564,0.327857612988153,0.756695790779727,-1.11517587159304
"1582","c4d60e70-ee95-41f1-9e6e-4df4bdae3748",333,"089","Shasta",2423040,0.0746706616481775,333,0.0137430665610143,0.342389874243568,-4.28722083215445
"1583","9d4f56ae-b319-49b0-9a77-10088a2defda",22614,"035","Lassen",2917120,0.0102512066695919,22614,0.775216652040369,0.938330370698241,-0.254612737676065
"1584","1c0e692a-8afc-41e9-8ac7-d27b977f0cdd",100,"023","Humboldt",2286720,0.0590408970053177,100,0.00437307584662748,0.2571560536808,-5.43228866240094
"1585","64390cd6-42d4-4e9e-8dd9-1077f5191243",30,"007","Butte",1049600,0.197506669207317,30,0.00285823170731707,0.231219447004396,-5.85755212952171
"1586","cac8f4bf-d269-4f13-b59c-07670b34f81f",75,"013","Contra Costa",460800,2.51077690972222,75,0.0162760416666667,0.35718005371235,-4.11806108883942
"1587","f66fb4e4-cd4c-4410-9c00-43fed5882fb4",71,"071","San Bernardino",12839680,0.170849740803509,71,0.000552973282823248,0.15334726590581,-7.50020087076774
"1588","8146a328-05df-4b38-b11e-1c6fcedb1df7",135,"039","Madera",1368320,0.11711880261927,135,0.0098661131898971,0.315163941644605,-4.61864930351219
"1589","1505ac89-a71c-4c77-9ae4-fb3eb34dbc66",120,"051","Mono",1948160,0.00666167049934297,120,0.00615965834428384,0.280149051225881,-5.08973396656516
"1590","c002a55a-95ef-4286-b358-daa8fd3ad086",83261,"093","Siskiyou",4023680,0.0108507634801972,51164.2954745382,1.27157963542176,1.06190555090852,0.240259935001575
"1591","c002a55a-95ef-4286-b358-daa8fd3ad086",83261,"049","Modoc",2524160,0.00337181478194726,32096.7045254618,1.27157963542176,1.06190555090852,0.240259935001575
"1592","22bb346a-660e-46cb-8c54-dbcda18fc4d6",145,"065","Riverside",4613120,0.536275232380688,145,0.0031432089345172,0.236779071158951,-5.76251104723323
"1593","0364a8dd-0971-4f24-a020-6f4e97ccbace",138,"011","Colusa",736640,0.0297485881841877,138,0.01873370981755,0.369961002154,-3.9774307139303
"1594","4d799b0d-240a-40fa-9ca7-f64aa1cd4002",250,"065","Riverside",4613120,0.536275232380688,250,0.00541932574916759,0.271322814947765,-5.21778387179155
"1595","1cffff17-9678-4f17-837a-e4e11ae77c1b",51,"067","Sacramento",618240,2.56238515786749,51,0.00824922360248447,0.301372255847659,-4.79763619185382
"1596","9810b7b8-b865-4413-a60c-5f47e8945eda",788,"047","Merced",1234560,0.234912843442198,788,0.0638284085018144,0.502635899748052,-2.75155691341348
"1597","dfc476d5-b274-4bfb-bf55-4af5ef611f5e",321,"037","Los Angeles",2598400,3.74120150862069,321,0.0123537561576355,0.333387840692847,-4.39379511983139
"1598","4751b58f-771f-4d9c-b742-4aad10ef45eb",25,"023","Humboldt",2286720,0.0590408970053177,25,0.00109326896165687,0.181836789380865,-6.81858302352084
"1599","66f80cfd-55ff-4f8b-b971-708bef8c6d87",100,"073","San Diego",2690560,1.21766769743102,100,0.00371669838249286,0.24691036965664,-5.59491953637438
"1600","b7cf91b3-e441-46c7-8214-a2ce84a21a3d",3222,"079","San Luis Obispo",2114560,0.13336722533293,3222,0.152372124697337,0.624778938434007,-1.88142956126958
"1601","71cf5cd0-78c3-482c-b0d3-148bb24c4853",185,"071","San Bernardino",12839680,0.170849740803509,185,0.00144084587777889,0.194829350212184,-6.54252492273073
"1602","3481e6e5-c6e8-4891-9e65-fdc3147ae579",741,"067","Sacramento",618240,2.56238515786749,741,0.119856366459627,0.588389991656685,-2.12146119928206
"1603","aa193e22-7d46-42fa-8638-8ee1e1cbaa2c",104,"065","Riverside",4613120,0.536275232380688,104,0.00225443951165372,0.217901212486886,-6.09485389051243
"1604","2806bdb9-c1d2-4ace-b602-734e24282852",220,"037","Los Angeles",2598400,3.74120150862069,220,0.00846674876847291,0.30333964090833,-4.77160869660904
"1605","04013e6f-d207-4043-8d3d-00aa5d332d85",233,"029","Kern",5210880,0.17580677352002,233,0.00447141365757799,0.258589694007171,-5.41005066586285
"1606","8b9ae457-96ea-4041-912c-6b33e8498d98",33424,"065","Riverside",4613120,0.536275232380688,33424,0.72454217536071,0.922605241669044,-0.322215305857453
"1607","eeb8174a-f5a7-4fb1-b611-45e85c858326",684,"103","Tehama",1888640,0.034546022534734,684,0.0362165367671976,0.436241250458811,-3.31823944768602
"1608","00f6ca27-183c-4c2d-99f4-0362ddb522ae",178,"037","Los Angeles",2598400,3.74120150862069,178,0.00685036945812808,0.287692472502005,-4.98345269266932
"1609","5f88019a-39cf-43ff-921f-d5442e47f98d",2005,"079","San Luis Obispo",2114560,0.13336722533293,2005,0.0948187802663438,0.554911328584378,-2.35578778526583
"1610","dddf569c-7540-4822-8bf4-bd15d5c4473e",36,"017","El Dorado",1095680,0.175823233060748,36,0.0032856308411215,0.239416838481237,-5.7181966086112
"1611","f05306b4-6281-4140-9d63-ea077c080ce9",52,"065","Riverside",4613120,0.536275232380688,52,0.00112721975582686,0.183232348459661,-6.78800107107237
"1612","91f3f77d-6b4a-47fb-bc79-a0250cded29a",6882,"035","Lassen",2917120,0.0102512066695919,6882,0.235917617376042,0.6969314985598,-1.44427261381383
"1613","7482a8eb-a31c-4556-b8d5-e6f86c4f3904",560,"011","Colusa",736640,0.0297485881841877,560,0.0760208514335361,0.52508931668597,-2.57674761535831
"1614","8d4fb3c6-8522-491b-a388-afad50660bfb",120,"037","Los Angeles",2598400,3.74120150862069,120,0.00461822660098522,0.260686661103796,-5.37774450017936
"1615","8b1c928f-99e8-4778-a988-445e154a00e3",600,"115","Yuba",403200,0.209102182539683,600,0.148809523809524,0.621094497564767,-1.90508815453506
"1616","e2d97d53-bcff-4f0d-8b94-0ccfeb100f15",200,"037","Los Angeles",2598400,3.74120150862069,200,0.00769704433497537,0.296197232925883,-4.86691887641337
"1617","e2334135-81c5-44a5-b20d-c3a9b1301531",7760,"029","Kern",5210880,0.17580677352002,7760,0.148919184475559,0.621208890146754,-1.90435150625129
"1618","2b313120-5794-40d5-aa39-c7e621856d14",594,"019","Fresno",3816320,0.26601280815026,594,0.0155647325171893,0.353211971994886,-4.16274766012609
"1619","7ece0a57-ab39-4d98-83bd-2a09f32b5242",322,"079","San Luis Obispo",2114560,0.13336722533293,322,0.0152277542372881,0.351284481610756,-4.18463557946209
"1620","a79536eb-5ceb-4219-9b96-fa0632c4a289",277,"029","Kern",5210880,0.17580677352002,277,0.00531580078604765,0.270017663079558,-5.23707161324121
"1621","338b5a8b-d5d6-4845-8a36-f92663339c2a",210,"037","Los Angeles",2598400,3.74120150862069,210,0.00808189655172414,0.299832234805582,-4.81812871224394
"1622","c4e48556-0c23-45e6-aebe-d1bcda4e52c5",177,"045","Mendocino",2245760,0.0399788935594186,177,0.00788151895126817,0.297956237185338,-4.84323463337501
"1623","56e82924-7e7b-4cd0-9221-7f299718b493",65,"061","Placer",900480,0.463943674484719,65,0.0072183724235963,0.291480711732058,-4.93112577758438
"1624","3d5e2cbc-f2f3-4cd3-b6cc-0b2483940f8d",285,"035","Lassen",2917120,0.0102512066695919,285,0.00976991004826678,0.314392835990753,-4.62844801990261
"1625","14e1721e-3907-4b2f-b9f9-3842a7d7106e",424,"029","Kern",5210880,0.17580677352002,424,0.00813682141979858,0.300340359411343,-4.81135566419659
"1626","49ef4e59-6a57-4219-a29b-d75f1297e356",31089,"037","Los Angeles",2598400,3.74120150862069,31089,1.19646705665025,1.0458639327025,0.179373094890923
"1627","d6ac2ead-0f03-4c79-bda7-a7a2f11050b6",183,"079","San Luis Obispo",2114560,0.13336722533293,183,0.00865428268765133,0.305005569147549,-4.74970097216507
"1628","5258de73-6c10-44ac-99e0-88602a8a83f5",512,"067","Sacramento",618240,2.56238515786749,512,0.082815734989648,0.53644872218552,-2.49113719953864
"1629","5671f6fd-7689-48e6-b792-03e3cfe95ff2",4237,"037","Los Angeles",2598400,3.74120150862069,4237,0.163061884236453,0.635459847371927,-1.81362549233485
"1630","0707e044-ba48-42eb-9263-6e2aff583b33",110,"007","Butte",1049600,0.197506669207317,110,0.0104801829268293,0.319957441819209,-4.55826914539145
"1631","ab24840f-90e8-460c-bc88-d25091d7b61f",47029,"091","Sierra",609920,0.00527446222455404,47029,7.7106833683106,1.66637682629084,2.0426068176696
"1632","36aa4641-bb29-4b34-baad-e96406b4f702",320,"079","San Luis Obispo",2114560,0.13336722533293,320,0.0151331719128329,0.350737733678999,-4.19086612921272
"1633","3a48ec04-0297-4561-bb64-e6461acde361",2121,"019","Fresno",3816320,0.26601280815026,2121,0.0555771004527922,0.485538834280146,-2.88998402492405
"1634","f6f24a2c-2072-4736-bca7-9a615af3156d",20,"079","San Luis Obispo",2114560,0.13336722533293,20,0.000945823244552058,0.1753688668395,-6.9634548514525
"1635","119469ac-fe6b-4934-ac17-36a73cefe958",727,"021","Glenn",841600,0.0336727661596958,727,0.0863830798479087,0.542134656668925,-2.44896345744397
"1636","ff4d7735-a5d6-452f-8775-3b208eb046b2",48088,"053","Monterey",2126080,0.203594408488862,48088,2.26181517158338,1.22634955610212,0.816167664180132
"1637","b8f267be-9911-44ee-8a73-7a0537fbd6fa",1032648,"045","Mendocino",2245760,0.0399788935594186,213956.178082192,9.52711679263108,1.75687301519545,2.25414213176896
"1638","b8f267be-9911-44ee-8a73-7a0537fbd6fa",1032648,"023","Humboldt",2286720,0.0590408970053177,217858.485120453,9.52711679263108,1.75687301519545,2.25414213176896
"1639","b8f267be-9911-44ee-8a73-7a0537fbd6fa",1032648,"105","Trinity",2034560,0.00775646822900283,193834.907416155,9.52711679263108,1.75687301519545,2.25414213176896
"1640","b8f267be-9911-44ee-8a73-7a0537fbd6fa",1032648,"103","Tehama",1888640,0.034546022534734,179932.938592348,9.52711679263108,1.75687301519545,2.25414213176896
"1641","b8f267be-9911-44ee-8a73-7a0537fbd6fa",1032648,"021","Glenn",841600,0.0336727661596958,80180.2149267832,9.52711679263108,1.75687301519545,2.25414213176896
"1642","b8f267be-9911-44ee-8a73-7a0537fbd6fa",1032648,"033","Lake",805120,0.0846966911764706,76704.7227208314,9.52711679263108,1.75687301519545,2.25414213176896
"1643","b8f267be-9911-44ee-8a73-7a0537fbd6fa",1032648,"011","Colusa",736640,0.0297485881841877,70180.5531412376,9.52711679263108,1.75687301519545,2.25414213176896
"1644","a7b2fc4a-18ce-4a89-b192-24c1389c014c",705,"057","Nevada",613120,0.166840096555324,705,0.114985647181628,0.582318930157484,-2.16294796552422
"1645","625e0c82-b8a2-4acc-8ff5-19787ca65b69",275,"021","Glenn",841600,0.0336727661596958,275,0.032675855513308,0.425164252041757,-3.42111883731092
"1646","f5d17ece-121c-4426-8235-d898b6aa1fa6",3000,"111","Ventura",1181440,0.704737439057421,3000,0.253927410617551,0.709867667980345,-1.37070683777818
"1647","1b0a862b-8fd9-4aa9-8ac7-f6ca6b3cbd39",14,"017","El Dorado",1095680,0.175823233060748,14,0.0012777453271028,0.189064972271898,-6.66265821745205
"1648","d19ac7c7-c899-4600-82c9-fe24dc29f3c9",86509,"087","Santa Cruz",285440,0.9261841367713,43109.512849162,15.1028282122905,1.97135378309586,2.71488202510983
"1649","d19ac7c7-c899-4600-82c9-fe24dc29f3c9",86509,"081","San Mateo",287360,2.53751739977728,43399.487150838,15.1028282122905,1.97135378309586,2.71488202510983
"1650","22c6ea3c-304c-4b3b-bfba-7c9dfc63d9da",396624,"085","Santa Clara",826240,2.26440864639814,90739.2493354599,10.9821903242956,1.82042269626652,2.39627489927431
"1651","22c6ea3c-304c-4b3b-bfba-7c9dfc63d9da",396624,"077","San Joaquin",895360,0.885933032523231,98330.139287613,10.9821903242956,1.82042269626652,2.39627489927431
"1652","22c6ea3c-304c-4b3b-bfba-7c9dfc63d9da",396624,"013","Contra Costa",460800,2.51077690972222,50605.9330143541,10.9821903242956,1.82042269626652,2.39627489927431
"1653","22c6ea3c-304c-4b3b-bfba-7c9dfc63d9da",396624,"001","Alameda",472320,3.44892657520325,51871.0813397129,10.9821903242956,1.82042269626652,2.39627489927431
"1654","22c6ea3c-304c-4b3b-bfba-7c9dfc63d9da",396624,"099","Stanislaus",956800,0.576165342809365,105077.59702286,10.9821903242956,1.82042269626652,2.39627489927431
"1655","06f4e066-b0d2-4af9-91a3-518aef4d0197",6901,"053","Monterey",2126080,0.203594408488862,6901,0.324587974111981,0.754802111373424,-1.12519867291826
"1656","c387f9ae-a783-4dab-b9b7-12866c8a6a34",62,"045","Mendocino",2245760,0.0399788935594186,62,0.0027607580507267,0.229222416607601,-5.89224998090375
"1657","ef9d3424-5838-466e-bb92-ac5dc23be5c5",1783,"009","Calaveras",652800,0.071328125,1783,0.27313112745098,0.722924260411086,-1.2978032787808
"1658","1eadad68-344e-4728-8390-b0d31b96333d",820,"045","Mendocino",2245760,0.0399788935594186,820,0.0365132516386435,0.437132027792036,-3.31008002569054
"1659","9645c55f-2b11-40ab-9ae7-df424d685a2d",363220,"055","Napa",482560,0.278307360742706,50454.6573323508,10.4556236182756,1.79819789641201,2.3471399789521
"1660","9645c55f-2b11-40ab-9ae7-df424d685a2d",363220,"095","Solano",529920,0.846820274758454,55406.4406779661,10.4556236182756,1.79819789641201,2.3471399789521
"1661","9645c55f-2b11-40ab-9ae7-df424d685a2d",363220,"033","Lake",805120,0.0846966911764706,84180.3168754606,10.4556236182756,1.79819789641201,2.3471399789521
"1662","9645c55f-2b11-40ab-9ae7-df424d685a2d",363220,"097","Sonoma",1008640,0.478515625,105459.602063375,10.4556236182756,1.79819789641201,2.3471399789521
"1663","9645c55f-2b11-40ab-9ae7-df424d685a2d",363220,"113","Yolo",647680,0.342939414525692,67718.9830508475,10.4556236182756,1.79819789641201,2.3471399789521
"1664","f6aba342-3b28-460b-a88a-96ccbdcb3c14",19609,"103","Tehama",1888640,0.034546022534734,13564.5004688233,0.718215248476324,0.920584493658942,-0.330985965897405
"1665","f6aba342-3b28-460b-a88a-96ccbdcb3c14",19609,"021","Glenn",841600,0.0336727661596958,6044.49953117675,0.718215248476324,0.920584493658942,-0.330985965897405
"1666","7486c76a-019a-496f-9d5c-f4b962906fe4",55,"009","Calaveras",652800,0.071328125,55,0.00842524509803922,0.302967215846556,-4.77652271141147
"1667","c57a1d32-216b-443e-bb67-87be3232bf8b",2857,"109","Tuolumne",1431040,0.0381058530858676,2857,0.199645013416816,0.668443364965172,-1.61121442240984
"1668","d09da426-ed85-4909-892b-2505c4813d93",45,"073","San Diego",2690560,1.21766769743102,45,0.00167251427212179,0.20222854542564,-6.39342723259215
"1669","a453303f-cb87-430a-9a3c-d9b2f0b7ceb2",143,"085","Santa Clara",826240,2.26440864639814,143,0.0173073199070488,0.362708267824479,-4.05662575095236
"1670","6edfd658-def5-451c-86bd-83cb2280e34f",29570,"063","Plumas",1634560,0.011838659945184,29570,1.80904953014879,1.15974528194061,0.592801585888412
"1671","60c2ba16-9296-4fb9-aba2-1331c25129c6",4929,"041","Marin",332800,0.769284855769231,4929,1.48106971153846,1.10317363791033,0.392764604764279
"1672","354cbed0-3717-411f-b95b-c26137b4a2a4",53,"079","San Luis Obispo",2114560,0.13336722533293,53,0.00250643159806295,0.223750474118603,-5.98889521145437
"1673","a89673de-1c0d-43cc-9a96-bd83f632bf65",567,"035","Lassen",2917120,0.0102512066695919,567,0.0194369789381308,0.373385278533551,-3.9405778964435
"1674","3826c0d8-e78d-4608-889c-b7c4f6c37a25",9,"061","Placer",900480,0.463943674484719,9,0.000999466950959488,0.177804238512062,-6.9082884701438
"1675","1a62a4b4-ad1a-4e12-b8ed-a3a50e3d1722",290,"037","Los Angeles",2598400,3.74120150862069,290,0.0111607142857143,0.325029663017185,-4.49535531998088
"1676","5937fad1-a332-4d92-ba83-c8022173b5ba",400,"039","Madera",1368320,0.11711880261927,400,0.0292329279700655,0.413492921274589,-3.53245953484263
"1677","44276cce-9fe4-472d-aac6-4d08e9d01365",13,"033","Lake",805120,0.0846966911764706,13,0.00161466613672496,0.200456749736698,-6.42862707016448
"1678","7e359448-0344-4407-a289-e4fb7823ac3c",379895,"019","Fresno",3816320,0.26601280815026,279633.858165659,7.32731684359956,1.64526645427622,1.99160939753474
"1679","7e359448-0344-4407-a289-e4fb7823ac3c",379895,"039","Madera",1368320,0.11711880261927,100261.141834341,7.32731684359956,1.64526645427622,1.99160939753474
"1680","5367d20e-b24c-40ef-acd1-93c05e4b73b9",22744,"071","San Bernardino",12839680,0.170849740803509,16732.3112577924,0.130317198386505,0.600828373638386,-2.03778381287442
"1681","5367d20e-b24c-40ef-acd1-93c05e4b73b9",22744,"065","Riverside",4613120,0.536275232380688,6011.68874220755,0.130317198386505,0.600828373638386,-2.03778381287442
"1682","9277ab02-734d-4b01-ac35-c27ba62c2af3",16390,"073","San Diego",2690560,1.21766769743102,16390,0.60916686489058,0.883454257588448,-0.495663050624593
"1683","6fd76607-08af-4c44-9e40-edde0bc9d6cf",1100,"045","Mendocino",2245760,0.0399788935594186,1100,0.0489811912225705,0.470443351995126,-3.01631890716238
"1684","7442faa1-3681-4b85-8ed7-229e34ee3011",1311,"115","Yuba",403200,0.209102182539683,1311,0.325148809523809,0.755127944258017,-1.1234723259875
"1685","a7f3e6f3-3e15-4350-a0f7-2a5392e0708d",45,"099","Stanislaus",956800,0.576165342809365,45,0.00470317725752508,0.26187728924288,-5.35951698642009
"1686","2cdf609e-de06-4e0b-a2bc-527ffde51064",45,"093","Siskiyou",4023680,0.0108507634801972,45,0.00111837919516463,0.182872023257626,-6.79587478897837
"1687","8ffb7148-7668-452a-8fbc-3a2b49b753ea",50,"093","Siskiyou",4023680,0.0108507634801972,50,0.00124264355018292,0.187752895128778,-6.69051427332054
"1688","aab65b54-103c-4101-a70b-5983533d49e9",1185,"019","Fresno",3816320,0.26601280815026,1185,0.0310508552741908,0.419776760563855,-3.4721289259195
"1689","4f2c2a0b-d187-4e11-8841-3a014cadd739",2188,"093","Siskiyou",4023680,0.0108507634801972,2188,0.0543780817560044,0.482898627262574,-2.91179411520682
"1690","55684e7d-4312-408d-8538-51e2006581b0",111,"083","Santa Barbara",1752320,0.253285358838568,111,0.00633445945945946,0.282115787392121,-5.06175079490169
"1691","0e83ff21-5cb8-4f2f-b059-58a77d39b502",6254,"065","Riverside",4613120,0.536275232380688,6254,0.135569852941176,0.606793306182647,-1.99826825163601
"1692","d6b00a56-682d-4908-bf07-45eef54c9198",67484,"055","Napa",482560,0.278307360742706,21838.1699570815,4.52548283261803,1.45853290176029,1.50972427480049
"1693","d6b00a56-682d-4908-bf07-45eef54c9198",67484,"097","Sonoma",1008640,0.478515625,45645.8300429185,4.52548283261803,1.45853290176029,1.50972427480049
"1694","f0a3f022-0d5a-4d47-93c7-2a73cb081740",56338,"089","Shasta",2423040,0.0746706616481775,31660.3336796794,1.30663685616743,1.0691502110776,0.267456550716438
"1695","f0a3f022-0d5a-4d47-93c7-2a73cb081740",56338,"103","Tehama",1888640,0.034546022534734,24677.6663203206,1.30663685616743,1.0691502110776,0.267456550716438
"1696","26f0d1c5-8df4-4201-810f-0b136677e4c6",230,"037","Los Angeles",2598400,3.74120150862069,230,0.00885160098522167,0.306729436746438,-4.72715693403821
"1697","eef565af-d64a-4c72-a4a2-6a9d13e6211c",454,"065","Riverside",4613120,0.536275232380688,454,0.00984149556048835,0.314967160521733,-4.62114759161245
"1698","fdae8b5d-95f3-4eaa-bd71-35cd402a94f9",48,"005","Amador",387840,0.10677599009901,48,0.0123762376237624,0.333539412772308,-4.39197696552705
"1699","745a276b-488e-40e6-b62d-065111a98139",20,"067","Sacramento",618240,2.56238515786749,20,0.00323498964803313,0.23848892930105,-5.73372955102415
"1700","8b25feb1-9eb7-433d-8abf-d6ab554c9fe3",21,"005","Amador",387840,0.10677599009901,21,0.00541460396039604,0.27126369560894,-5.21865553871152
"1701","b341b09d-2024-4b2a-a439-f39409abb432",56,"115","Yuba",403200,0.209102182539683,56,0.0138888888888889,0.34329452398452,-4.27666611901606
"1702","65b0ce28-b5e6-4dfc-b569-96716e556c90",30,"013","Contra Costa",460800,2.51077690972222,30,0.00651041666666667,0.284054841616875,-5.03435182071357
"1703","4a85b108-3756-4b00-9767-56591a517c8d",21,"009","Calaveras",652800,0.071328125,21,0.00321691176470588,0.238155045738725,-5.73933345892052
"1704","45c76674-7d01-4fff-bb00-a08013019a86",170,"071","San Bernardino",12839680,0.170849740803509,170,0.00132402053633735,0.190754011729827,-6.62708231075879
"1705","cbd8fd0c-8d0f-4df3-aea3-1355a685bb96",15,"017","El Dorado",1095680,0.175823233060748,15,0.00136901285046729,0.192354292009708,-6.5936653459651
"1706","64ea3d93-de8b-41fc-b5eb-af37e8ac1f95",6,"007","Butte",1049600,0.197506669207317,6,0.000571646341463415,0.1546257635062,-7.46699004195582
"1707","673a098f-d4f2-43c6-96c7-7712dafd20ec",102,"023","Humboldt",2286720,0.0590408970053177,102,0.00446053736356003,0.258432301578853,-5.41248603510476
"1708","67cd9b6f-a40b-4f0d-8efc-2dbe4fd9d990",61,"055","Napa",482560,0.278307360742706,61,0.0126409151193634,0.335308550916182,-4.37081649420027
"1709","f6e28549-a711-429d-a4ed-9df6530a9a2a",275,"089","Shasta",2423040,0.0746706616481775,154.542081044976,0.00637802434317946,0.282599600210805,-5.05489689365971
"1710","f6e28549-a711-429d-a4ed-9df6530a9a2a",275,"103","Tehama",1888640,0.034546022534734,120.457918955024,0.00637802434317946,0.282599600210805,-5.05489689365971
"1711","18a15a5f-ddde-48e9-92bc-1d40813a7794",133,"089","Shasta",2423040,0.0746706616481775,133,0.00548897253037507,0.272190375256147,-5.20501419391314
"1712","fb6cb221-c303-4573-bd63-0c8b1468d4a2",5,"089","Shasta",2423040,0.0746706616481775,5,0.00020635235076598,0.119853951001457,-8.48592540970079
"1713","a2b27cff-5d89-423a-853e-3a78e63f79ef",12466,"059","Orange",606720,5.19380274261603,12466,2.05465453586498,1.19724960604071,0.720107724748148
"1714","21b0622c-8b4d-439b-8175-d4ba20507d02",13964,"059","Orange",606720,5.19380274261603,13964,2.301555907173,1.23170125009702,0.833585375604279
"1715","4be72b8c-5aeb-426d-9af5-2acebca88fb0",150,"065","Riverside",4613120,0.536275232380688,39.6479647964796,0.000859460946094609,0.171220805872891,-7.059205172109
"1716","4be72b8c-5aeb-426d-9af5-2acebca88fb0",150,"071","San Bernardino",12839680,0.170849740803509,110.35203520352,0.000859460946094609,0.171220805872891,-7.059205172109
"1717","e9482561-8193-48a9-a152-2ff8d993ce06",131,"037","Los Angeles",2598400,3.74120150862069,131,0.00504156403940887,0.266465705105571,-5.29003891976025
"1718","2b6aedb5-87fe-447c-a772-bec58abb8820",1087,"065","Riverside",4613120,0.536275232380688,1087,0.0235632283573807,0.391794827427288,-3.74806790253259
"1719","14c21ef6-b5b7-44a3-858b-666b57b750f3",200,"065","Riverside",4613120,0.536275232380688,200,0.00433546059933407,0.25660127556797,-5.44092742310576
"1720","a2665121-7dd7-4a4c-8c6e-0731ed9e1888",6686,"059","Orange",606720,5.19380274261603,6686,1.10199103375527,1.02457679416592,0.0971185743593958
"1721","ad807579-4f4f-4a5a-a17a-7ca299aca978",24,"035","Lassen",2917120,0.0102512066695919,24,0.000822729267222466,0.169361322655906,-7.10288336982331
"1722","e8721404-3d22-4b27-b152-8a7f4a97a8e5",174,"111","Ventura",1181440,0.704737439057421,174,0.014727789815818,0.348364903063597,-4.21801910621389
"1723","0dad0a68-239b-41b5-bfe0-033e6a216fac",1954,"065","Riverside",4613120,0.536275232380688,1954,0.0423574500554939,0.453662050965718,-3.16161095705107
"1724","2347b6fb-8468-46bb-9917-d5cea3f1efdd",250,"111","Ventura",1181440,0.704737439057421,250,0.0211606175514626,0.381401225792688,-3.85561348756618
"1725","68c11904-f38b-4aa0-ab90-b3c805c4e8cd",23,"039","Madera",1368320,0.11711880261927,23,0.00168089335827877,0.202481355859195,-6.38842986602147
"1726","929a21bc-65a0-49b4-bc90-bfa5457987e4",20,"087","Santa Cruz",285440,0.9261841367713,20,0.0070067264573991,0.289320222716635,-4.9608846688317
"1727","2657090b-ec47-4fbe-bc4e-400cd50a8d55",15,"081","San Mateo",287360,2.53751739977728,15,0.00521993318485523,0.268791936411718,-5.25527067700567
"1728","9b2b5a16-52cf-4f2e-bc8a-a3af75b28522",22,"087","Santa Cruz",285440,0.9261841367713,22,0.00770739910313901,0.296296800613066,-4.86557448902737
"1729","75711186-5792-4c41-9309-48dbac8e667d",865,"029","Kern",5210880,0.17580677352002,865,0.0165998833210513,0.358943636890695,-4.09835961249667
"1730","b38fdc2c-3108-4273-8a67-8d69bdbfb6bb",43,"065","Riverside",4613120,0.536275232380688,43,0.000932124028856826,0.174730381810127,-6.97804467396024
"1731","79aca6f4-ee40-44e8-9dff-069c36c36fc1",184,"037","Los Angeles",2598400,3.74120150862069,184,0.00708128078817734,0.290086791037214,-4.95030048535242
"1732","7be84564-edf7-4724-99ba-5c1ee7f86e30",20,"087","Santa Cruz",285440,0.9261841367713,20,0.0070067264573991,0.289320222716635,-4.9608846688317
"1733","1ebddf4e-0190-4363-a858-ac789206b5fd",37,"087","Santa Cruz",285440,0.9261841367713,37,0.0129624439461883,0.337420700609136,-4.34569902974147
"1734","21a360ea-3a4e-4267-986e-3bb1416ca05b",86,"029","Kern",5210880,0.17580677352002,86,0.00165039302382707,0.201556516947517,-6.40674182317504
"1735","762d7abb-ec4e-4e50-9137-617c8445b0d1",873,"093","Siskiyou",4023680,0.0108507634801972,873,0.0216965563861937,0.383793577038415,-3.83060172290909
"1736","0c3c5916-b391-4916-ad16-059c094da426",23,"109","Tuolumne",1431040,0.0381058530858676,23,0.00160722271914132,0.200225328888759,-6.43324760871147
"1737","da35c08b-9f0a-42b2-9e1f-b6e9a545d3fb",35,"089","Shasta",2423040,0.0746706616481775,35,0.00144446645536186,0.194951627525845,-6.54001526064548
"1738","1f31ac02-436e-4555-b7d1-32b636c11c17",25,"111","Ventura",1181440,0.704737439057421,25,0.00211606175514626,0.214477670741484,-6.15819858056022
"1739","02ba1be4-fecc-49a6-927d-8da38d215851",28,"073","San Diego",2690560,1.21766769743102,28,0.001040675547098,0.179609307125219,-6.86788521218726
"1740","6a7cee19-fc90-4f87-a306-48ccd9cee200",200,"045","Mendocino",2245760,0.0399788935594186,200,0.00890567113137646,0.307196782974951,-4.7210669994008
"1741","81d9dc1d-9cff-4a22-a6c6-2a4f94cf30ed",80,"101","Sutter",385920,0.25524201907131,80,0.0207296849087894,0.379444424033648,-3.87618855241893
"1742","3093980c-b80f-4b7b-a040-d4fc868142ca",50,"029","Kern",5210880,0.17580677352002,50,0.000959530827806436,0.176000836960114,-6.9490661140004
"1743","92aa05b8-83d8-45ec-b079-86d7698086a5",93,"047","Merced",1234560,0.234912843442198,93,0.00753304821150855,0.294606745658363,-4.8884555101181
"1744","4f4775e4-cd91-4f78-a1de-9c15213ebed2",650,"037","Los Angeles",2598400,3.74120150862069,650,0.02501539408867,0.397696562594554,-3.68826388007172
"1745","5f8ebcac-e1f0-4659-9f38-f3e862a3a440",65,"033","Lake",805120,0.0846966911764706,65,0.0080733306836248,0.299752756406339,-4.81918915773038
"1746","4567cb5b-ef86-4630-81ef-f442fc07dc3e",160,"009","Calaveras",652800,0.071328125,160,0.0245098039215686,0.395671672945243,-3.70868208141012
"1747","63892d1b-fd0d-4120-be74-242857e211ee",32,"017","El Dorado",1095680,0.175823233060748,32,0.00292056074766355,0.232469810181644,-5.83597964426759
"1748","89467f5f-2562-47dc-99b6-cb8ec90c3a12",5366,"073","San Diego",2690560,1.21766769743102,5366,0.199438035204567,0.668270048548432,-1.6122516913769
"1749","fb63695d-fd59-47dd-9247-e5a7099b5fce",32,"065","Riverside",4613120,0.536275232380688,32,0.000693673695893452,0.16228889625986,-7.27350888685407
"1750","c3f573fc-ece2-4b19-a67e-069bf3fc0c16",226,"065","Riverside",4613120,0.536275232380688,226,0.0048990704772475,0.264562582836018,-5.31870979038151
"1751","25d0bdd9-c422-459a-bc12-d9cae4843518",550,"007","Butte",1049600,0.197506669207317,550,0.0524009146341463,0.478447970667014,-2.94883123295735
"1752","baef627e-c3ba-4c3c-8a55-a168839aa2c8",118,"009","Calaveras",652800,0.071328125,118,0.0180759803921569,0.366670073316204,-4.01317127217828
"1753","0b59568a-ab13-4acf-965a-18e9b18ae223",44,"067","Sacramento",618240,2.56238515786749,44,0.00711697722567288,0.29045168080376,-4.94527219065988
"1754","ee1dc476-97d4-4da9-a2ba-d3e9f5116309",35,"115","Yuba",403200,0.209102182539683,35,0.00868055555555556,0.305236791790392,-4.74666974826179
"1755","3bd5d90f-8131-48a0-a02f-1677e5394ce1",442,"037","Los Angeles",2598400,3.74120150862069,442,0.0170104679802956,0.36114288695512,-4.07392636088371
"1756","5afc3e64-eb8a-4aad-9bb5-1f9a20f84bb0",97,"047","Merced",1234560,0.234912843442198,97,0.00785705028512182,0.29772471154513,-4.84634402476797
"1757","0c1abd92-b131-40f4-bcf7-f6d1871af6a1",29,"035","Lassen",2917120,0.0102512066695919,29,0.000994131197893813,0.177566455572182,-6.91364137018478
"1758","8c1bfb66-4002-498a-ae39-62b584718519",1202,"037","Los Angeles",2598400,3.74120150862069,1202,0.046259236453202,0.463766757025049,-3.07349412786625
"1759","1882364c-9710-47ab-9871-349a76a60173",300,"065","Riverside",4613120,0.536275232380688,300,0.00650319089900111,0.283975992243112,-5.0354623149976
"1760","e8b4ee36-20b5-4d20-93a4-831ef2e5c659",17,"065","Riverside",4613120,0.536275232380688,17,0.000368514150943396,0.138552237084289,-7.90603144559758
"1761","aefbc94c-63b5-4767-aa12-a8bc8ed80d87",45,"017","El Dorado",1095680,0.175823233060748,45,0.00410703855140187,0.253152484993851,-5.49505305729699
"1762","a5bcf6ba-3e09-49f8-b4c4-1b134aa5c83f",300,"037","Los Angeles",2598400,3.74120150862069,300,0.0115455665024631,0.327796122344339,-4.4614537683052
"1763","8e8900a0-814f-425a-8b37-bd5098222959",25,"023","Humboldt",2286720,0.0590408970053177,25,0.00109326896165687,0.181836789380865,-6.81858302352084
"1764","53d124c0-3cc9-436a-8c35-87a9019a3d24",18,"045","Mendocino",2245760,0.0399788935594186,18,0.000801510401823881,0.1682586076284,-7.12901260805268
"1765","9116b7e9-66c8-417b-a1f6-b9b078e240d6",115,"065","Riverside",4613120,0.536275232380688,115,0.00249288984461709,0.223447639996138,-5.99431266129055
"1766","4f6bdd52-abdc-4c93-a48b-7d7adae05cfc",197,"043","Mariposa",928640,0.0183278773259821,197,0.0212138180565128,0.38164072300642,-3.85310251451183
"1767","cfdab623-d2b2-4d61-a227-be32ebb3fac4",508,"099","Stanislaus",956800,0.576165342809365,508,0.0530936454849498,0.480021441083925,-2.93569802861193
"1768","6cdd3c1b-2ef3-4a77-aef2-82ff170cd227",1118,"053","Monterey",2126080,0.203594408488862,1118,0.0525850391330524,0.478867706432708,-2.94532362682382
"1769","81777c5a-cf1d-4161-a261-97c55a8393c0",25,"019","Fresno",3816320,0.26601280815026,25,0.000655081334898541,0.159982988919275,-7.33075115462053
"1770","033ee676-f2f0-4ea8-bbc9-b0bb02de3462",45,"039","Madera",1368320,0.11711880261927,45,0.00328870439663237,0.239472809692187,-5.7172615921803
"1771","c8ae5d37-89ac-4d57-904e-720ef7012edc",28,"065","Riverside",4613120,0.536275232380688,28,0.00060696448390677,0.156960661320245,-7.4070402794786
"1772","760bd55e-7296-44c7-a8ea-917e1751d811",43,"065","Riverside",4613120,0.536275232380688,43,0.000932124028856826,0.174730381810127,-6.97804467396024
"1773","1a1a9275-f16f-4a06-abe6-3ba18e5e9b33",50,"039","Madera",1368320,0.11711880261927,50,0.00365411599625819,0.2458643619915,-5.61190107652247
"1774","63d1e4af-4112-4d67-8db0-4dec23b3674f",939,"115","Yuba",403200,0.209102182539683,939,0.232886904761905,0.694682353904583,-1.45720233054294
"1775","1eea5329-95c3-4a41-974f-7b3693441b1e",250,"071","San Bernardino",12839680,0.170849740803509,250,0.00194708902402552,0.210061495065528,-6.24141982994681
"1776","b6391e06-889a-4d69-ba3e-8491af004029",1000,"073","San Diego",2690560,1.21766769743102,1000,0.0371669838249286,0.439075626485502,-3.29233444338033
"1777","09996c3f-3186-4c5d-8006-ced791b3ff40",34,"113","Yolo",647680,0.342939414525692,34,0.00524950592885375,0.269171830316455,-5.24962131559688
"1778","ddcef5cf-9417-4c41-b64b-910e096522fc",341,"065","Riverside",4613120,0.536275232380688,341,0.0073919603218646,0.293217513616204,-4.90736231237028
"1779","0e78a6e0-9315-4b29-8a1c-894d4b06a64e",67,"005","Amador",387840,0.10677599009901,67,0.0172751650165016,0.362539683389015,-4.05848535704397
"1780","92fd111b-2d3a-48c8-bc43-d505eaceb423",150,"115","Yuba",403200,0.209102182539683,150,0.037202380952381,0.439180130985698,-3.29138251565495
"1781","8d9ee304-6918-4f74-b7f1-ec8441020bf9",35,"085","Santa Clara",826240,2.26440864639814,35,0.00423605731990705,0.255117621361404,-5.46412231972286
"1782","08a000bd-2c35-4409-abe9-961da323bbe2",15,"065","Riverside",4613120,0.536275232380688,15,0.000325159544950055,0.134283955911137,-8.03119458855159
"1783","2b42f885-f296-4659-98e0-c33585215fa9",108,"089","Shasta",2423040,0.0746706616481775,108,0.00445721077654517,0.258384104579074,-5.41323209501067
"1784","e86265b9-2ac9-471e-bff4-deb2f46b7b7d",165,"103","Tehama",1888640,0.034546022534734,165,0.00873644527278889,0.30572692639602,-4.74025189140798
"1785","26ec9c89-912e-4c23-a6c9-04b5dcb31970",10,"017","El Dorado",1095680,0.175823233060748,10,0.00091267523364486,0.173811723662925,-6.99913045407327
"1786","83e251e4-196f-4db5-b5ba-bed8e300380c",42,"033","Lake",805120,0.0846966911764706,42,0.00521661367249603,0.268749192999949,-5.25590680934264
"1787","6672b6ad-981e-43e8-b4ad-a75285ab9f90",402,"007","Butte",1049600,0.197506669207317,402,0.0383003048780488,0.442385167962588,-3.26229742256485
"1788","2947b64d-5835-411b-a603-afcbaf8d53d8",560,"027","Inyo",6522880,0.00286959134615385,560,0.00858516483516484,0.304394751240289,-4.75771958444838
"1789","587e51fd-ad97-4894-b53e-300a78e4dc80",11,"107","Tulare",3087360,0.154677135157546,11,0.000356291459369818,0.13738880719244,-7.93976145597428
"1790","8e8e1a5e-0855-4751-8ad1-70730007657c",800,"107","Tulare",3087360,0.154677135157546,800,0.0259121061359867,0.401213630045935,-3.65304500110472
"1791","ecdd77c3-2919-44d8-9ee9-c176271b04d0",1265,"107","Tulare",3087360,0.154677135157546,1265,0.040973517827529,0.449910172908402,-3.19482932761103
"1792","961a9b24-0bad-4c53-9809-14fe98d515c4",2877,"053","Monterey",2126080,0.203594408488862,2877,0.135319461167971,0.606512931537363,-2.00011691698732
"1793","f5d44748-ed74-4660-ab1a-b94f483ab5df",48,"029","Kern",5210880,0.17580677352002,48,0.000921149594694178,0.174213794997116,-6.98988810852066
"1794","8992a229-a245-431d-9a61-11f8d545d93b",515,"073","San Diego",2690560,1.21766769743102,515,0.0191409966698383,0.371955630220045,-3.95592282169873
"1795","cfcf1a2b-e358-4dc0-ab39-93ebe94fc843",95,"065","Riverside",4613120,0.536275232380688,95,0.00205934378468368,0.213025804118659,-6.18536789805326
"1796","68b1630c-10e7-4d99-9c61-baa592f1dd83",592,"027","Inyo",6522880,0.00286959134615385,592,0.00907574568288854,0.308653054668251,-4.70214973329356
"1797","37385589-19f2-43fd-96fb-6a5cd28c607c",761,"089","Shasta",2423040,0.0746706616481775,761,0.0314068277865821,0.420974721490383,-3.46072996427321
"1798","c9ccf962-449a-4fe8-a1ec-42672f023868",20,"065","Riverside",4613120,0.536275232380688,20,0.000433546059933407,0.144297501348426,-7.74351251609981
"1799","32ea3306-088d-4779-9009-2763c7f8a38c",53,"073","San Diego",2690560,1.21766769743102,53,0.00196985014272122,0.210672717374261,-6.22979780881035
"1800","1702e4de-4414-4604-a70d-e0f54df154bd",42,"061","Placer",900480,0.463943674484719,42,0.00466417910447761,0.261332729654208,-5.36784342919665
"1801","4c9c4b27-d45d-453d-82f9-39da5ccfe176",580,"049","Modoc",2524160,0.00337181478194726,580,0.0229779411764706,0.389338882784276,-3.77322060254769
"1802","348304a5-5d65-46bb-a9f6-4e8ce6ca985b",145,"069","San Benito",888960,0.0760202933765299,145,0.0163111951043916,0.357372759503361,-4.1159035906994
"1803","691ca75a-6419-40ab-87d7-bbe92796307c",50,"089","Shasta",2423040,0.0746706616481775,50,0.0020635235076598,0.213133813277705,-6.18334031670675
"1804","9bacadf6-c7e2-43c9-b8e6-41be7a79579b",350,"073","San Diego",2690560,1.21766769743102,350,0.013008444338725,0.337719657961101,-4.34215656787901
"1805","e9761340-1808-42f6-b773-fb7047a2a638",134,"049","Modoc",2524160,0.00337181478194726,134,0.00530869675456389,0.269927404992426,-5.23840890613724
"1806","909624c0-d36c-4b9a-8f34-a9e02961b883",37,"085","Santa Clara",826240,2.26440864639814,37,0.00447811773818745,0.258686566742854,-5.40855246856804
"1807","b3136d0f-6ef3-46ea-9342-6d6b0d82d274",11,"017","El Dorado",1095680,0.175823233060748,11,0.00100394275700935,0.178002965526564,-6.90382027426894
"1808","9d7c19c4-f146-4b3e-a4c3-5ea9c3247208",26409,"093","Siskiyou",4023680,0.0108507634801972,26409,0.656339470335613,0.900082111648125,-0.421077138619671
"1809","eddffab0-51af-490d-b60e-640300fe6085",220,"029","Kern",5210880,0.17580677352002,220,0.00422193564234832,0.254904734640948,-5.46746157307619
"1810","62f7b39d-1213-47c2-8118-88eb98908af7",1984,"029","Kern",5210880,0.17580677352002,1984,0.0380741832473594,0.441730766573532,-3.26821883158373
"1811","9128e6fe-a114-479a-a43c-64ea56411eb5",76,"007","Butte",1049600,0.197506669207317,76,0.00724085365853658,0.291707397426132,-4.92801617089754
"1812","4376d68e-4093-4d4c-aa6f-e0df6d50e9fb",140,"019","Fresno",3816320,0.26601280815026,140,0.00366845547543183,0.246105213035305,-5.60798455687943
"1813","d6b89198-5fd8-498f-8429-3d2994f496f9",35,"071","San Bernardino",12839680,0.170849740803509,35,0.000272592463363573,0.128492701801363,-8.20753268631964
"1814","2aaf4aba-1155-4f25-a5a6-fd6ee8d66f8c",122,"065","Riverside",4613120,0.536275232380688,122,0.00264463096559378,0.226772960451741,-5.93522374492054
"1815","0794cd0a-12e3-4576-8692-45603ad6b246",35,"039","Madera",1368320,0.11711880261927,35,0.00255788119738073,0.224889973034891,-5.9685760204612
"1816","3a83c4bc-28cc-4792-849b-fedb5629e4bc",10580,"093","Siskiyou",4023680,0.0108507634801972,10580,0.262943375218705,0.71608661881915,-1.3358165733364
"1817","9692e02d-4a87-48b7-b261-f83f4a951642",118,"093","Siskiyou",4023680,0.0108507634801972,118,0.00293263877843168,0.232709784101185,-5.83185265428302
"1818","ac0c072d-d926-49f2-8a3d-c18ea5d32010",277,"019","Fresno",3816320,0.26601280815026,277,0.00725830119067583,0.291882963110565,-4.92560947330139
"1819","b07cd929-6dde-4ad9-b845-a2fdc5ba3f97",12660,"089","Shasta",2423040,0.0746706616481775,12660,0.522484152139461,0.85019447920024,-0.649160626436727
"1820","dd8d424d-e416-48a4-87e0-ddc26d4fdcb3",173,"073","San Diego",2690560,1.21766769743102,173,0.00642988820171265,0.283172356836833,-5.04679812786469
"1821","421fd9f2-1fbb-4bec-bf19-3318fa4830dc",384,"107","Tulare",3087360,0.154677135157546,384,0.0124378109452736,0.333953491052823,-4.38701417618492
"1822","882f419d-ff9e-4533-b8da-a428ffcfec6e",105670,"063","Plumas",1634560,0.011838659945184,105670,6.46473668754894,1.5945484147797,1.86636228247697
"1823","a7d2c14e-66e8-4ac6-9538-ad9612dce2d5",868,"037","Los Angeles",2598400,3.74120150862069,868,0.0334051724137931,0.42751703986119,-3.39904452830105
"1824","be285500-c0c4-4f7e-83ae-1f9a991578b1",75,"019","Fresno",3816320,0.26601280815026,75,0.00196524400469562,0.210549454231125,-6.23213886595242
"1825","5eaaed19-b38a-49f1-84f8-78d9f8c76656",1011,"049","Modoc",2524160,0.00337181478194726,1011,0.0400529284989858,0.44736146180032,-3.21755348706768
"1826","8c512c44-7ddb-44b4-bf03-bab00c0c0c98",80,"045","Mendocino",2245760,0.0399788935594186,80,0.00356226845255058,0.244304609471383,-5.63735773127496
"1827","82af1b59-858c-43c4-9f4f-842605e6c0c1",92,"047","Merced",1234560,0.234912843442198,92,0.00745204769310524,0.293811578500322,-4.89926642622232
"1828","3a4d4c77-ff87-458d-b906-e203fc098aa5",110,"049","Modoc",2524160,0.00337181478194726,110,0.00435788539553753,0.256932445896408,-5.43576834029574
"1829","f4c4de41-d8d4-4c66-9d9f-4f1ba285bf59",86,"073","San Diego",2690560,1.21766769743102,86,0.00319636060894386,0.23777376930034,-5.74574242610896
"1830","215529d8-6c0a-4dfa-8d6f-342a5666e1f2",128,"013","Contra Costa",460800,2.51077690972222,128,0.0277777777777778,0.408248290463863,-3.58351893845611
"1831","4fde57bd-089f-4c24-b224-b60306e1648d",71,"029","Kern",5210880,0.17580677352002,71,0.00136253377548514,0.192126300023315,-6.59840924238723
"1832","2acb95c8-7a0b-4bfc-9174-6da944037bf2",9656,"043","Mariposa",928640,0.0183278773259821,9656,1.03980013783598,1.00980488586773,0.0390285195275534
"1833","a191b2bc-5dee-4511-b34b-ca06ef62b5ab",357,"093","Siskiyou",4023680,0.0108507634801972,357,0.00887247494830603,0.306910110408276,-4.72480149696905
"1834","4b66f232-6ab8-4e00-9f8b-957296920ed9",2965,"051","Mono",1948160,0.00666167049934297,2965,0.152194891590013,0.624597179721452,-1.88259339791538
"1835","00016d5d-1647-49e4-a02a-abf46b8480ae",963309,"007","Butte",1049600,0.197506669207317,101996.691845826,9.7176726225063,1.76559286868139,2.27394614767252
"1836","00016d5d-1647-49e4-a02a-abf46b8480ae",963309,"063","Plumas",1634560,0.011838659945184,158841.189618439,9.71767262250629,1.76559286868139,2.27394614767252
"1837","00016d5d-1647-49e4-a02a-abf46b8480ae",963309,"089","Shasta",2423040,0.0746706616481775,235463.094712377,9.7176726225063,1.76559286868139,2.27394614767252
"1838","00016d5d-1647-49e4-a02a-abf46b8480ae",963309,"035","Lassen",2917120,0.0102512066695919,283476.171605656,9.71767262250629,1.76559286868139,2.27394614767252
"1839","00016d5d-1647-49e4-a02a-abf46b8480ae",963309,"103","Tehama",1888640,0.034546022534734,183531.852217703,9.71767262250629,1.76559286868139,2.27394614767252
"1840","925dcb5b-1885-407d-b441-10765a31ce97",43,"103","Tehama",1888640,0.034546022534734,43,0.00227677058624195,0.218438818088674,-6.084997249615
"1841","f62a9df9-8661-46de-88de-0b76128e0673",35,"041","Marin",332800,0.769284855769231,35,0.0105168269230769,0.320236758926573,-4.55477874045169
"1842","511f1793-96a5-4866-a993-1d271e03b076",1320,"003","Alpine",472960,0.00251606901217862,1320,0.279093369418133,0.726837589997296,-1.27620889573341
"1843","354a2576-907f-43a2-b152-46355e2bf94a",30,"073","San Diego",2690560,1.21766769743102,30,0.00111500951474786,0.182734118833713,-6.79889234070031
"1844","3a281cd5-4d2b-47a7-89b7-1194e921805a",68637,"003","Alpine",472960,0.00251606901217862,68637,14.5122209066306,1.9517917149673,2.67499111559916
"1845","396abb9e-a291-4183-b0f6-798a5438868c",43,"103","Tehama",1888640,0.034546022534734,43,0.00227677058624195,0.218438818088674,-6.084997249615
"1846","35d04cb5-0455-4d36-b857-d7952670aef0",55,"035","Lassen",2917120,0.0102512066695919,55,0.00188542123738482,0.208378111932262,-6.27360401493879
"1847","3989e25c-3790-44d5-bf6d-50ca3fd04d95",50,"065","Riverside",4613120,0.536275232380688,50,0.00108386514983352,0.181444502015229,-6.82722178422565
"1848","fc8bd27a-c3c8-405d-b13a-d9a1396206e3",2098,"029","Kern",5210880,0.17580677352002,2098,0.040261913534758,0.447943875365076,-3.21234933047231
"1849","8f768137-0c58-45e5-a8dd-1df9ecc7870f",45,"115","Yuba",403200,0.209102182539683,45,0.0111607142857143,0.325029663017185,-4.49535531998088
"1850","c8991faa-8d15-4d4c-b3a1-92f58f784420",25,"105","Trinity",2034560,0.00775646822900283,25,0.00122876690783265,0.18722652499964,-6.70174412640823
"1851","caf0f448-cdb3-4dc2-a247-35f6f4b41cb3",100,"107","Tulare",3087360,0.154677135157546,100,0.00323901326699834,0.238563051743348,-5.73248654278456
"1852","200d07c4-0457-4421-875b-4140d482a03e",171,"053","Monterey",2126080,0.203594408488862,171,0.00804297110174594,0.299470554732613,-4.82295672403621
"1853","ef12ac40-d6fb-4871-97ec-c06d0ce51efd",85,"063","Plumas",1634560,0.011838659945184,85,0.00520017619420517,0.26853723612552,-5.25906277046779
"1854","d0174b70-8652-4242-bf7f-b00e98a48319",122653,"089","Shasta",2423040,0.0746706616481775,46829.7960871319,1.93268770169423,1.17907225707907,0.658911625711879
"1855","d0174b70-8652-4242-bf7f-b00e98a48319",122653,"105","Trinity",2034560,0.00775646822900283,39321.6909035902,1.93268770169423,1.17907225707907,0.658911625711879
"1856","d0174b70-8652-4242-bf7f-b00e98a48319",122653,"103","Tehama",1888640,0.034546022534734,36501.5130092779,1.93268770169423,1.17907225707907,0.658911625711879
"1857","47070a62-2ef3-44a9-8b98-a20e0e574f97",153,"009","Calaveras",652800,0.071328125,153,0.0234375,0.391271145018322,-3.75341797525151
"1858","161f6906-6799-45ae-b6ca-c1d470050d81",340,"037","Los Angeles",2598400,3.74120150862069,340,0.0130849753694581,0.3382152823113,-4.3362906253512
"1859","f9322f4b-03e1-4558-a920-f7318909de93",75,"079","San Luis Obispo",2114560,0.13336722533293,75,0.00354683716707022,0.244039604614263,-5.64169901147018
"1860","dc3380c7-ff32-4062-a4e8-be99b655f2c6",145632,"093","Siskiyou",4023680,0.0108507634801972,145632,3.61937331000477,1.37929875713758,1.28630089206768
"1861","61f3264e-f89f-42cc-820d-0e0a5ee29cdd",50,"089","Shasta",2423040,0.0746706616481775,50,0.0020635235076598,0.213133813277705,-6.18334031670675
"1862","1d1bb813-5955-438a-a2cd-0e2d46074f1a",223124,"105","Trinity",2034560,0.00775646822900283,223124,10.9666955017301,1.81978024557543,2.39486299843685
"1863","9284625d-a9bd-447b-b215-a40fe4a52697",199359,"093","Siskiyou",4023680,0.0108507634801972,132407.567399113,3.29070819247834,1.34685965259684,1.19110279768546
"1864","9284625d-a9bd-447b-b215-a40fe4a52697",199359,"105","Trinity",2034560,0.00775646822900283,66951.4326008874,3.29070819247834,1.34685965259684,1.19110279768546
"1865","bd71d34c-3ce0-419d-a2fe-2ef46a750e06",50,"037","Los Angeles",2598400,3.74120150862069,50,0.00192426108374384,0.209443071970583,-6.25321323753326
"1866","1704f47a-b2bc-43fc-8c49-e62ffaf6021e",60,"089","Shasta",2423040,0.0746706616481775,60,0.00247622820919176,0.223073338369082,-6.00101875991279
"1867","178aba5f-4c67-4830-891d-b8fec84706da",2619,"057","Nevada",613120,0.166840096555324,1060.888794926,0.173031183932347,0.644957496216798,-1.75428344678395
"1868","178aba5f-4c67-4830-891d-b8fec84706da",2619,"061","Placer",900480,0.463943674484719,1558.111205074,0.173031183932347,0.644957496216798,-1.75428344678395
"1869","2ea37798-e198-4f1c-92c6-81c42beff3de",55,"093","Siskiyou",4023680,0.0108507634801972,55,0.00136690790520121,0.192280310066618,-6.59520409351622
"1870","0249ff45-1a71-4a4f-88a7-6c1fc7a9aa20",20,"089","Shasta",2423040,0.0746706616481775,20,0.00082540940306392,0.169499083010261,-7.0996310485809
"1871","a26becf4-249f-451e-b8a3-e55032e6df61",184,"115","Yuba",403200,0.209102182539683,184,0.0456349206349206,0.46219402291738,-3.08708205214222
"1872","262f815e-e1b4-42d8-8889-6bb4638703e4",22,"097","Sonoma",1008640,0.478515625,22,0.00218115482233503,0.216108387784551,-6.12790080742514
"1873","e8842a17-4f53-4803-9350-838ec34e66e9",127,"033","Lake",805120,0.0846966911764706,127,0.0157740461049285,0.354393523384776,-4.14938934116742
"1874","3657f103-fe9f-4bfc-a09e-9aa291301266",50,"045","Mendocino",2245760,0.0399788935594186,50,0.00222641778284412,0.21722092840028,-6.1073613605207
"1875","a21c4d1f-87ed-4db1-85ea-eae41c90a0ac",221835,"017","El Dorado",1095680,0.175823233060748,124233.405299313,11.3384752208047,1.83501096552777,2.42820182901252
"1876","a21c4d1f-87ed-4db1-85ea-eae41c90a0ac",221835,"003","Alpine",472960,0.00251606901217862,53626.452404318,11.3384752208047,1.83501096552777,2.42820182901252
"1877","a21c4d1f-87ed-4db1-85ea-eae41c90a0ac",221835,"005","Amador",387840,0.10677599009901,43975.142296369,11.3384752208047,1.83501096552777,2.42820182901252
"1878","2eae3252-74cd-4e96-b25a-20ed828395e2",8777,"107","Tulare",3087360,0.154677135157546,8777,0.284288194444444,0.730196431678654,-1.25776678618053
"1879","8e3e3fe1-669f-4cf8-80ee-c8df14929a22",83,"033","Lake",805120,0.0846966911764706,83,0.0103090222575517,0.318642990498674,-4.57473581982941
"1880","87b59fb2-01f9-4469-8578-87c55b090eac",94962,"093","Siskiyou",4023680,0.0108507634801972,94962,2.3600783362494,1.23945739968732,0.858694811812651
"1881","46498648-eff1-492f-b88f-1826ecd224a6",295,"065","Riverside",4613120,0.536275232380688,295,0.00639480438401776,0.282785291001846,-5.05226943331398
"1882","f19d2b70-1d83-4abc-a173-7b00584e1c49",10,"089","Shasta",2423040,0.0746706616481775,10,0.00041270470153196,0.142531171292121,-7.79277822914085
"1883","7b6a10b8-58fb-4906-ad11-dc88fe5b7872",639,"009","Calaveras",652800,0.071328125,639,0.0978860294117647,0.55934553815142,-2.32395144226641
"1884","4cfd11fa-b33f-4de6-8d17-bbaa27b2c9cb",680,"071","San Bernardino",12839680,0.170849740803509,680,0.00529608214534942,0.269766910465398,-5.2407879496389
"1885","8cfa988a-cf5d-418c-8d4d-e0be072e397c",160,"065","Riverside",4613120,0.536275232380688,160,0.00346836847946726,0.242678503227919,-5.66407097441997
"1886","69c42b3f-a4ec-47d2-a856-e4f8bc71c6cc",59,"057","Nevada",613120,0.166840096555324,59,0.00962291231732777,0.313203518432705,-4.64360832443077
"1887","726eeb97-b91c-4555-a180-be16e599466f",100,"109","Tuolumne",1431040,0.0381058530858676,100,0.00698792486583184,0.289125939301401,-4.96357163865252
"1888","9f0d7a3b-ae47-42a5-b360-ea2f4141cad4",50,"071","San Bernardino",12839680,0.170849740803509,50,0.000389417804805104,0.140476588273924,-7.85085774238091
"1889","64a7c61a-5634-410a-a1c4-aeb97b2283e0",1427,"065","Riverside",4613120,0.536275232380688,901.315807921486,0.0195380958640028,0.373869949254479,-3.93538908522218
"1890","64a7c61a-5634-410a-a1c4-aeb97b2283e0",1427,"073","San Diego",2690560,1.21766769743102,525.684192078514,0.0195380958640028,0.373869949254479,-3.93538908522218
"1891","cd7d799d-cc81-4ffb-9d55-4e2b18b92d34",61,"071","San Bernardino",12839680,0.170849740803509,61,0.000475089721862227,0.147636557062264,-7.65200688363575
"1892","d7b908db-7184-4f9e-923f-f811688cf4eb",2421,"023","Humboldt",2286720,0.0590408970053177,2421,0.105872166246851,0.570420926659678,-2.24552289145098
"1893","af05ba27-9105-4776-83a8-8ea786117476",16,"023","Humboldt",2286720,0.0590408970053177,16,0.000699692135460397,0.162639768746371,-7.26487012614925
"1894","254e4d5c-a750-41e0-bea3-9eb4597b0a13",44,"041","Marin",332800,0.769284855769231,44,0.0132211538461538,0.33909184062135,-4.32593716802284
"1895","5ddee2f6-f32b-4664-a416-5cf4996290a5",46,"005","Amador",387840,0.10677599009901,46,0.0118605610561056,0.33000939838043,-4.43453657994585
"1896","ff71cd3b-2261-4248-92fa-f24733cfdcfe",411,"061","Placer",900480,0.463943674484719,411,0.0456423240938166,0.462212767478827,-3.08691983298378
"1897","257ee7b8-fe14-45ac-ba58-4fae7003f6de",54,"073","San Diego",2690560,1.21766769743102,54,0.00200701712654615,0.211659501830628,-6.21110567579819
"1898","6a36efca-0cb1-465f-be4d-06b3e3b528c1",70,"083","Santa Barbara",1752320,0.253285358838568,70,0.00399470416362308,0.251403405056264,-5.52278575416466
"1899","d3668f70-4e85-4962-8e8a-a0b8f1465500",464,"037","Los Angeles",2598400,3.74120150862069,464,0.0178571428571429,0.365555222854512,-4.02535169073515
"1900","b7a4e6df-7cef-4920-a585-031324b404f4",257,"045","Mendocino",2245760,0.0399788935594186,257,0.0114437874038188,0.327071306141059,-4.47030828105362
"1901","f4be7c50-4b42-4534-90c7-82c52e4fa3cb",42,"039","Madera",1368320,0.11711880261927,42,0.00306945743685688,0.23537774827526,-5.78625446366725
"1902","e208c4a4-1477-4bfd-9fcd-c2d10271e617",71,"071","San Bernardino",12839680,0.170849740803509,71,0.000552973282823248,0.15334726590581,-7.50020087076774
"1903","460ab87e-07e7-4931-8390-bd3fe60677b2",116,"055","Napa",482560,0.278307360742706,37.5381974248927,0.00777896995708155,0.296982270735422,-4.85633134581901
"1904","460ab87e-07e7-4931-8390-bd3fe60677b2",116,"097","Sonoma",1008640,0.478515625,78.4618025751073,0.00777896995708155,0.296982270735422,-4.85633134581901
"1905","1052ac46-526c-4ca1-a75c-7e91920ee6cb",8578,"089","Shasta",2423040,0.0746706616481775,8578,0.354018092974115,0.771358668680308,-1.03840725705807
"1906","ffb98e82-9a8a-44fe-9d91-45ce3db74ef5",80,"105","Trinity",2034560,0.00775646822900283,80,0.00393205410506449,0.25041184685587,-5.53859331660255
"1907","66eaca2a-9aa7-41cf-a850-88f963cbf723",24,"103","Tehama",1888640,0.034546022534734,24,0.00127075567604202,0.188805879612523,-6.66814353496062
"1908","23a7e559-d8b9-4333-bddc-ccf7cb2e7b3e",447,"031","Kings",889600,0.171966052158273,447,0.0502473021582734,0.473454432972603,-2.99079842187679
"1909","8622a38c-551f-4ef0-9b25-0d0280ace921",132,"055","Napa",482560,0.278307360742706,132,0.0273541114058355,0.40668265751135,-3.59888843578721
"1910","de52a8d2-2c0e-4481-8d6c-9e4b7c2b9428",16970,"083","Santa Barbara",1752320,0.253285358838568,16970,0.96843042366691,0.992012412180872,-0.0320786379857483
"1911","16f4a871-6b4e-493c-ada9-cff37913e521",59,"105","Trinity",2034560,0.00775646822900283,59,0.00289988990248506,0.232057376163481,-5.84308250737071
"1912","55df2f9c-3232-4643-970b-0286a1039507",200,"049","Modoc",2524160,0.00337181478194726,200,0.00792342799188641,0.298351536544949,-4.83793133954012
"1913","5f34e7bc-b627-4baf-9e6e-ded2eec3c77a",148,"087","Santa Cruz",285440,0.9261841367713,148,0.0518497757847534,0.477184931026871,-2.95940466862158
"1914","8e7dcc1b-718b-4388-9e20-bef4b9b94385",150,"077","San Joaquin",895360,0.885933032523231,150,0.016753037884203,0.359768713055951,-4.08917567093485
"1915","24117f47-d8e6-4f62-8077-d5bb6742eb9c",24,"065","Riverside",4613120,0.536275232380688,24,0.000520255271920089,0.151026835437743,-7.56119095930585
"1916","f3558310-247c-4913-a08b-68d568abdf4b",687,"053","Monterey",2126080,0.203594408488862,687,0.0323129891631547,0.423978939031614,-3.43228598831652
"1917","83db2882-a7c1-4e62-86f8-c9470e8a0c87",154,"059","Orange",606720,5.19380274261603,154,0.0253823839662447,0.399147214077864,-3.67369989020702
"1918","0261dfa0-f1c5-401b-abf3-91184cd2ac2c",4136,"027","Inyo",6522880,0.00286959134615385,4136,0.0634075745682889,0.501805347737434,-2.75817195198931
"1919","ee27ed9e-44fb-4133-a2c9-f16a90fbeb46",21,"097","Sonoma",1008640,0.478515625,21,0.0020820114213198,0.213609604981549,-6.17442082306003
"1920","719127a0-5d9b-42e6-985f-ce3e6a718c0e",88,"089","Shasta",2423040,0.0746706616481775,88,0.00363180137348125,0.245488143822898,-5.61802650765669
"1921","d9f40570-e594-457b-bf33-9bb2eec13d50",120,"083","Santa Barbara",1752320,0.253285358838568,120,0.00684806428049671,0.287668267020857,-4.98378925343197
"1922","264c5249-6933-4d8f-a270-25462d14a407",113,"093","Siskiyou",4023680,0.0108507634801972,113,0.00280837442341339,0.230204469994547,-5.87514946003635
"1923","09f9ff54-30ba-48d7-a8f3-9dd6a627fafd",12,"093","Siskiyou",4023680,0.0108507634801972,12,0.0002982344520439,0.131413339838947,-8.11763062896069
"1924","55b09ba6-f06c-41fa-b940-2438100bb452",10,"093","Siskiyou",4023680,0.0108507634801972,10,0.000248528710036583,0.125557928348625,-8.29995218575464
"1925","4a03c163-2598-4adf-aec1-5c3dac41fa23",10,"089","Shasta",2423040,0.0746706616481775,10,0.00041270470153196,0.142531171292121,-7.79277822914085
"1926","f904489b-0488-4764-9a98-bd3b818d1756",15,"065","Riverside",4613120,0.536275232380688,15,0.000325159544950055,0.134283955911137,-8.03119458855159
"1927","05a22a51-f594-41d7-8cfa-ff8811b145c5",60,"065","Riverside",4613120,0.536275232380688,60,0.00130063817980022,0.189906191658641,-6.6449002274317
"1928","09a71f96-1215-4fc6-8b9a-da44930af8c4",171,"019","Fresno",3816320,0.26601280815026,171,0.00448075633070602,0.258724664092734,-5.40796342298607
"1929","b81c84b9-bde4-49c8-aded-914d170ba9ae",200,"059","Orange",606720,5.19380274261603,200,0.032964135021097,0.426098907889254,-3.41233512607261
"1930","93c25ae3-115d-465b-8994-c15b1b81b466",46,"065","Riverside",4613120,0.536275232380688,46,0.000997155937846837,0.177701367501006,-6.91060339316471
"1931","c20ca686-9666-4f4e-861e-bb6085d0e889",25,"107","Tulare",3087360,0.154677135157546,25,0.000809753316749585,0.168689551628279,-7.11878090390445
"1932","56efbe7f-664a-42f7-b9b0-5c290d8ce3cf",682,"029","Kern",5210880,0.17580677352002,682,0.0130880004912798,0.338234828655699,-4.33605946158509
"1933","b211e55a-9b50-4e22-b014-55a6e4b27001",28,"013","Contra Costa",460800,2.51077690972222,28,0.00607638888888889,0.279197413236209,-5.10334469220052
"1934","5947bdd0-c00a-49a3-bea2-c0208cbd7e6f",120,"113","Yolo",647680,0.342939414525692,120,0.0185276679841897,0.368939529760797,-3.98849009743099
"1935","6dc17c08-d206-4ca5-a53c-cf26d2d7cfd3",36,"045","Mendocino",2245760,0.0399788935594186,36,0.00160302080364776,0.200094333352144,-6.43586542749273
"1936","c87b3af5-8bb8-4e20-8b8b-0e035635f8ea",135,"095","Solano",529920,0.846820274758454,135,0.0254755434782609,0.399512952877958,-3.67003636631246
"1937","3564711f-73f7-4aae-b550-e2c51f81b780",90,"103","Tehama",1888640,0.034546022534734,90,0.00476533378515757,0.262738267286963,-5.3463876949783
"1938","98953233-d2bd-4704-a6dc-122d14e388f6",595,"011","Colusa",736640,0.0297485881841877,595,0.0807721546481321,0.53310826672209,-2.51612299354188
"1939","b22cb518-4c4e-439b-a8e8-5597fe45789e",48,"079","San Luis Obispo",2114560,0.13336722533293,48,0.00226997578692494,0.218275658047865,-6.0879861140986
"1940","61c7f0a0-3f9e-4665-92b0-3f135987907a",431,"071","San Bernardino",12839680,0.170849740803509,431,0.00335678147742,0.240702592296824,-5.69677265770531
"1941","e0d1fd77-071f-4892-9738-49baba9658f3",5856,"065","Riverside",4613120,0.536275232380688,5856,0.126942286348502,0.596900000181678,-2.06402273401265
"1942","51a14af6-7c52-4666-8805-da3f0d07923d",570,"055","Napa",482560,0.278307360742706,570,0.118120026525199,0.586247338334546,-2.13605399754499
"1943","ab7f7bfd-8c3d-4199-8caa-bfc192dc29a4",93,"029","Kern",5210880,0.17580677352002,93,0.00178472733971997,0.205538398894112,-6.32848962627529
"1944","4c22250d-5076-4a2a-aaf8-58565c49f314",60,"065","Riverside",4613120,0.536275232380688,60,0.00130063817980022,0.189906191658641,-6.6449002274317
"1945","34303301-ad09-441b-a2e5-91d206a66218",36,"079","San Luis Obispo",2114560,0.13336722533293,36,0.0017024818401937,0.203128388003052,-6.37566818655039
"1946","968e2f0c-5255-4a21-b166-c9a06a645825",95,"071","San Bernardino",12839680,0.170849740803509,95,0.000739893829129698,0.164927224823747,-7.20900385620852
"1947","d63827d6-1fa3-4a9d-8a21-a5d2549adc5a",159,"013","Contra Costa",460800,2.51077690972222,159,0.0345052083333333,0.430993939682439,-3.3666450001555
"1948","9e92e949-1e1c-47b7-9a46-71664466a15c",54,"007","Butte",1049600,0.197506669207317,54,0.00514481707317073,0.267819678551867,-5.2697654646196
"1949","58ba3463-14d8-4ac7-86c3-aaeb920de442",100,"103","Tehama",1888640,0.034546022534734,100,0.00529481531684175,0.269750776884834,-5.24102717932047
"1950","f7f9f401-e8b5-423f-b0da-13011200b213",517,"029","Kern",5210880,0.17580677352002,517,0.00992154875951855,0.315605721494952,-4.61304624492012
"1951","cc000d68-f79b-447c-b67f-976d820ec702",72,"115","Yuba",403200,0.209102182539683,72,0.0178571428571429,0.365555222854512,-4.02535169073515
"1952","d0c68cde-731a-4409-a810-32c7d326ce54",865,"071","San Bernardino",12839680,0.170849740803509,865,0.0067369280231283,0.286493964255785,-5.00015124087718
"1953","3eb84741-bc4e-4beb-aeb3-6f485fca145c",65,"073","San Diego",2690560,1.21766769743102,65,0.00241585394862036,0.221701008569503,-6.02570245246683
"1954","954eef2a-0cff-404d-a2b4-d0acbcf8d3de",577,"073","San Diego",2690560,1.21766769743102,577,0.0214453496669838,0.38267781268719,-3.84224745585437
"1955","2c095f28-ae55-4a23-9378-2a74989e889f",593,"103","Tehama",1888640,0.034546022534734,593,0.0313982548288716,0.420945990731649,-3.46100296631084
"1956","f8587978-ae8b-409d-8540-0c4aaa952d54",70,"073","San Diego",2690560,1.21766769743102,70,0.002601688867745,0.22584674706144,-5.95159448031311
"1957","eb1d79f9-a00a-4fc8-b979-5fb00e24da0b",20,"087","Santa Cruz",285440,0.9261841367713,20,0.0070067264573991,0.289320222716635,-4.9608846688317
"1958","49ce10fd-94f9-48ee-890f-3b63b1aa84ea",2500,"029","Kern",5210880,0.17580677352002,2500,0.0479765413903218,0.468012264531928,-3.03704310857226
"1959","78bea37e-7334-4f49-a8dd-1c9a593b47d1",66,"007","Butte",1049600,0.197506669207317,66,0.00628810975609756,0.281598299819476,-5.06909476915745
"1960","5fa0ad1e-4624-4257-bb31-3eb5af1e6116",120,"013","Contra Costa",460800,2.51077690972222,120,0.0260416666666667,0.401714209472326,-3.64805745959368
"1961","974e000a-7b64-4542-aba7-e0c33117870a",71,"001","Alameda",472320,3.44892657520325,71,0.0150321815718157,0.350151106615604,-4.19756193792478
"1962","769b01fc-2018-420a-92b2-5e2ccb296894",552,"001","Alameda",472320,3.44892657520325,552,0.116869918699187,0.584690026055114,-2.146693768689
"1963","3f3fd217-c2b6-444c-bf90-a2168bf9b40e",26,"095","Solano",529920,0.846820274758454,26,0.00490640096618357,0.264661493733315,-5.3172146067294
"1964","13541b69-799a-4a8b-ade9-0bdefc254f73",349,"047","Merced",1234560,0.234912843442198,349,0.0282691809227579,0.4100419652443,-3.56598308106893
"1965","88867d1f-eb64-4966-b86d-115c913cae39",90,"013","Contra Costa",460800,2.51077690972222,90,0.01953125,0.373837195305305,-3.93573953204546
"1966","06deb062-3940-44f0-a984-f9cb80ed1e4b",110,"065","Riverside",4613120,0.536275232380688,110,0.00238450332963374,0.220978226273971,-6.03876442386138
"1967","78fccf47-afdf-4e7a-bcd3-10c574b5dad2",12,"093","Siskiyou",4023680,0.0108507634801972,12,0.0002982344520439,0.131413339838947,-8.11763062896069
"1968","2ea11a5a-70bd-4cea-bddc-466de28b4a8d",63,"097","Sonoma",1008640,0.478515625,63,0.00624603426395939,0.281126050033264,-5.07580853439192
"1969","5316b89a-f041-498b-8ff9-af00c89c2979",113,"041","Marin",332800,0.769284855769231,113,0.0339543269230769,0.429263321292519,-3.38273898322876
"1970","b3b6407b-cafa-4f42-bc9e-6e0e286717c4",317,"021","Glenn",841600,0.0336727661596958,317,0.0376663498098859,0.440543080068677,-3.27898816110021
"1971","5d545430-bff5-4c5e-befa-d3139e19da30",387,"079","San Luis Obispo",2114560,0.13336722533293,387,0.0183016797820823,0.367809327091426,-4.00076243197671
"1972","de8403a1-4f40-499e-a83e-de3261c57b37",904,"057","Nevada",613120,0.166840096555324,904,0.147442588726514,0.61966324484129,-1.91431640794431
"1973","d87c11f9-0995-4802-91c5-f99f7e97d75f",328,"007","Butte",1049600,0.197506669207317,328,0.03125,0.420448207626857,-3.46573590279973
"1974","90b3f3dc-c374-4376-876e-6aad196a05f3",34,"007","Butte",1049600,0.197506669207317,34,0.00323932926829268,0.238568870141502,-5.73238898656771
"1975","b57e64d6-701c-475e-a048-b81d21bef97d",52,"019","Fresno",3816320,0.26601280815026,52,0.00136256917658897,0.19212754795877,-6.5983832609073
"1976","8877e37e-7656-47ef-9881-dfd9653f36a4",138,"053","Monterey",2126080,0.203594408488862,138,0.00649081878386514,0.283840831940661,-5.03736659538166
"1977","9e30ecfb-a068-4935-a67b-bf52337f1dfd",4470,"005","Amador",387840,0.10677599009901,1665.94095940959,0.429543357933579,0.809565052129743,-0.845032592865768
"1978","9e30ecfb-a068-4935-a67b-bf52337f1dfd",4470,"009","Calaveras",652800,0.071328125,2804.05904059041,0.429543357933579,0.809565052129743,-0.845032592865767
"1979","157977a9-25b9-4550-883e-13847244b92f",30,"007","Butte",1049600,0.197506669207317,30,0.00285823170731707,0.231219447004396,-5.85755212952171
"1980","67d518ac-2edf-4809-bb0e-748ebe27f9a7",20,"045","Mendocino",2245760,0.0399788935594186,20,0.000890567113137646,0.172749446032346,-7.02365209239485
"1981","39d88789-80ba-4a50-b96a-bddefd6593a3",30,"115","Yuba",403200,0.209102182539683,30,0.00744047619047619,0.293697454734961,-4.90082042808905
"1982","776de6ba-3e3c-4388-b257-44e8c9231a95",4886,"043","Mariposa",928640,0.0183278773259821,4886,0.526145761543763,0.851680137716376,-0.642176991432128
"1983","6835535e-9016-4297-a743-c657e76e39d3",166,"061","Placer",900480,0.463943674484719,166,0.0184346126510306,0.368475404393593,-3.99352525912347
"1984","7a9b1646-9b86-4721-b99d-9cfe02ba1fec",37,"073","San Diego",2690560,1.21766769743102,37,0.00137517840152236,0.192570501175782,-6.58917180971824
"1985","d52a1e49-8d6b-4982-b931-29032439e870",115,"095","Solano",529920,0.846820274758454,115,0.0217013888888889,0.383814945966409,-3.83037901638764
"1986","0539f658-3625-4601-a3d3-9f0e887c2415",304,"089","Shasta",2423040,0.0746706616481775,304,0.0125462229265716,0.334678836109676,-4.37833562072867
"1987","aa364bd9-d718-4583-97f3-18d0fcd0ce4a",74,"067","Sacramento",618240,2.56238515786749,74,0.0119694616977226,0.330764319517205,-4.42539673137397
"1988","632bea0c-612e-42fa-8b27-b3514c734da2",60,"103","Tehama",1888640,0.034546022534734,60,0.00317688919010505,0.237410824745479,-5.75185280308647
"1989","a1c796a1-d98d-4420-acb5-f30924c7966d",38,"061","Placer",900480,0.463943674484719,38,0.00421997157071784,0.254875083637018,-5.46792688775363
"1990","6a5cd16b-55a8-4104-aa28-0e0490b4aca9",100,"073","San Diego",2690560,1.21766769743102,100,0.00371669838249286,0.24691036965664,-5.59491953637438
"1991","398d0989-c034-4da7-854c-79e392d081b2",43,"045","Mendocino",2245760,0.0399788935594186,43,0.00191471929324594,0.209182947595433,-6.25818425025528
"1992","5e02c4ff-003c-42a9-a3c5-6e104ecabb02",421,"043","Mariposa",928640,0.0183278773259821,421,0.0453351137146795,0.461433028586572,-3.09367340956743
"1993","7fbd8cd4-bd0d-432e-910d-a8c353667946",82,"115","Yuba",403200,0.209102182539683,82,0.0203373015873016,0.37763595077533,-3.89529856248695
"1994","50a7f34c-aa67-4227-bc71-238e85a3ff85",17,"045","Mendocino",2245760,0.0399788935594186,17,0.000756982046166999,0.165871355908369,-7.18617102189263
"1995","f83fad03-336e-4edb-afc6-c77b5f924506",121,"001","Alameda",472320,3.44892657520325,121,0.0256182249322493,0.400071172143818,-3.66445126936936
"1996","2786397c-0bd0-46f8-bdf8-3f749d061593",64,"109","Tuolumne",1431040,0.0381058530858676,64,0.00447227191413238,0.258602101734564,-5.40985874128094
"1997","367d210d-571c-4066-a078-44f3e162d8f4",104,"069","San Benito",888960,0.0760202933765299,104,0.011699064074874,0.328880239391137,-4.4482464339786
"1998","fec1972c-dcdf-4a1c-a6ae-5c26a0b82815",19244,"043","Mariposa",928640,0.0183278773259821,19244,2.07227773949001,1.19980865497512,0.72864835956953
"1999","d3415864-268a-4304-ac6a-02714a23f2cb",20,"017","El Dorado",1095680,0.175823233060748,20,0.00182535046728972,0.206698138450837,-6.30598327351332
"2000","487f18a9-7af4-4702-ba36-78aaef812e80",174,"073","San Diego",2690560,1.21766769743102,174,0.00646705518553758,0.283580681411157,-5.04103442314794
"2001","c7cb91c5-4423-4965-8f6d-ad9c711a376d",39,"115","Yuba",403200,0.209102182539683,39,0.00967261904761905,0.3136071970773,-4.63845616362156
"2002","deef1971-c9d4-4070-ae37-1a3ad350e977",60138,"093","Siskiyou",4023680,0.0108507634801972,60138,1.49460195641801,1.10568492035597,0.401859921504234
"2003","1445f422-faa3-4a74-84db-bb3e6b3526b2",28,"071","San Bernardino",12839680,0.170849740803509,28,0.000218073970690858,0.121520894546786,-8.43067623763385
"2004","5a71b67d-308f-4767-9f10-7cab21332ae4",222,"029","Kern",5210880,0.17580677352002,222,0.00426031687546057,0.255482099006673,-5.45841173755627
"2005","4d357743-0767-467c-9d27-585e4466bcce",31,"093","Siskiyou",4023680,0.0108507634801972,31,0.000770439001113409,0.166603670352303,-7.16855007426354
"2006","974cf91d-0e78-4aa7-b7d3-99e4834fcbc2",55,"019","Fresno",3816320,0.26601280815026,55,0.00144117893677679,0.19484060819006,-6.54229379425626
"2007","64cc517f-a935-4abb-b35a-b40516174f3b",85,"093","Siskiyou",4023680,0.0108507634801972,85,0.00211249403531096,0.214387210182457,-6.15988602225837
"2008","f4b5f0c0-4b3f-4715-93c8-eae87b2cab17",63,"093","Siskiyou",4023680,0.0108507634801972,63,0.00156573087323048,0.198920379350014,-6.45940255235715
"2009","3d3dc0a6-0c44-4786-a543-896e3c0e1b59",127,"107","Tulare",3087360,0.154677135157546,127,0.00411354684908789,0.253252716190417,-5.49346964231406
"2010","bb08947c-f887-4538-bb5e-1d5750b54249",51,"109","Tuolumne",1431040,0.0381058530858676,51,0.00356384168157424,0.244331578484987,-5.63691619191629
"2011","e17479af-0314-4162-9c57-bbbf602b6f64",34,"093","Siskiyou",4023680,0.0108507634801972,34,0.000844997614124384,0.170495872880138,-7.07617675413253
"2012","136a1828-ec7f-487f-9aa1-7f378e51322a",14,"035","Lassen",2917120,0.0102512066695919,14,0.000479925405879772,0.148010809956457,-7.641879870556
"2013","0f52278a-7102-48c5-a904-c9153187a3a2",149,"037","Los Angeles",2598400,3.74120150862069,149,0.00573429802955665,0.275182026908628,-5.16128993701595
"2014","b2407838-9dd2-45b8-a956-899bf6891b98",250,"029","Kern",5210880,0.17580677352002,250,0.00479765413903218,0.263182637042221,-5.3396282015663
"2015","ad465a00-5520-4188-9f91-3c5568adb40e",19244,"061","Placer",900480,0.463943674484719,19244,2.13708244491827,1.20908078469631,0.759441555339329
"2016","606930f2-4368-4e78-bb43-4ba33db70f11",325,"107","Tulare",3087360,0.154677135157546,325,0.0105267931177446,0.320312599490546,-4.55383154644291
"2017","9416f961-c5f3-40ec-805f-87bb8b09c5f6",58,"001","Alameda",472320,3.44892657520325,58,0.012279810298103,0.332887827166879,-4.39979880441968
"2018","baa65866-c909-42c4-a414-63c31d1bb3cb",53,"037","Los Angeles",2598400,3.74120150862069,53,0.00203971674876847,0.212516407389771,-6.19494432940928
"2019","8d4e0591-dd62-4c04-82f3-10eb76556cde",48,"057","Nevada",613120,0.166840096555324,48,0.00782881002087683,0.297456825363352,-4.8499447574286
"2020","1e84bb2e-0fd6-4002-bcd2-3cb2f622be6a",14,"033","Lake",805120,0.0846966911764706,14,0.00173887122416534,0.204205227331428,-6.35451909801075
"2021","092ae456-6322-4f6d-b9f1-ed2c55a1fbc6",150,"037","Los Angeles",2598400,3.74120150862069,150,0.00577278325123153,0.275642584213423,-5.15460094886515
"2022","4612ddda-90b6-4733-a0a5-6bdeb622614b",44,"057","Nevada",613120,0.166840096555324,44,0.00717640918580376,0.291056162076826,-4.93695613441823
"2023","68202561-738b-4e30-a004-7ed156939fe8",25,"023","Humboldt",2286720,0.0590408970053177,25,0.00109326896165687,0.181836789380865,-6.81858302352084
"2024","2632aae9-5451-4021-b9ec-3c68909133a7",26,"023","Humboldt",2286720,0.0590408970053177,26,0.00113699972012315,0.183628501192194,-6.77936231036755
"2025","599c4952-beda-4ec6-a636-47c92444a443",113,"037","Los Angeles",2598400,3.74120150862069,113,0.00434883004926108,0.256798870366008,-5.43784842424906
"2026","40b5cdc9-57db-40da-b52d-6f4c53375bc1",5208,"037","Los Angeles",2598400,3.74120150862069,5208,0.200431034482759,0.669100326805325,-1.607285059073
"2027","68dceec6-55b8-4c87-bfa8-f80e4d7118f4",4456,"073","San Diego",2690560,1.21766769743102,4456,0.165616079923882,0.637933817599075,-1.79808294075535
"2028","1a839916-324c-4106-b32e-753ff8a0b048",34,"089","Shasta",2423040,0.0746706616481775,34,0.00140319598520866,0.193543942478919,-6.56900279751873
"2029","80ceeedb-4349-44c9-b061-2f9855d6efd6",124,"045","Mendocino",2245760,0.0399788935594186,124,0.00552151610145341,0.272592928747877,-5.1991028003438
"2030","f0e786a2-78d4-411a-b55a-b756c4189ffa",21,"109","Tuolumne",1431040,0.0381058530858676,21,0.00146746422182469,0.195723007423728,-6.52421938691719
"2031","47bfc3f3-04f7-49ab-a901-77770b85a7cc",3939,"093","Siskiyou",4023680,0.0108507634801972,3939,0.0978954588834102,0.559359008261515,-2.32385511577778
"2032","bb24457a-d2ad-4efc-b816-e5df69ce8e71",73,"009","Calaveras",652800,0.071328125,73,0.0111825980392157,0.325188874264051,-4.49339645549555
"2033","0f74249b-6f78-4266-b3f0-c61b5626d6af",13440,"093","Siskiyou",4023680,0.0108507634801972,13440,0.334022586289168,0.760228170690116,-1.09654666467155
"2034","a30a1a3f-e586-4351-a177-109e2108bf9c",30,"073","San Diego",2690560,1.21766769743102,30,0.00111500951474786,0.182734118833713,-6.79889234070031
"2035","555f187c-f8af-4a8c-87b1-2a849cf34b7f",50,"073","San Diego",2690560,1.21766769743102,50,0.00185834919124643,0.207626044733238,-6.28806671693432
"2036","7a58bd4b-886d-40ee-b895-03e6473be505",28098,"065","Riverside",4613120,0.536275232380688,28098,0.609088859600444,0.883425974116736,-0.495791111242203
"2037","d90dcd39-baef-4d4c-8774-16a02ca557df",11,"061","Placer",900480,0.463943674484719,11,0.00122157071783937,0.18695180106415,-6.70761777468164
"2038","d78ddcad-57ab-4cc4-8910-6f55da123bc1",1079,"071","San Bernardino",12839680,0.170849740803509,1079,0.00840363622769415,0.302772767931941,-4.77909078255092
"2039","90ff8cb6-8361-4442-8646-b8846bf2f7ea",16,"079","San Luis Obispo",2114560,0.13336722533293,16,0.000756658595641646,0.165853634293852,-7.18659840276671
"2040","00b88ee4-06ed-4f40-81ac-3e23fcb1bc64",130,"019","Fresno",3816320,0.26601280815026,130,0.00340642294147241,0.241587601566369,-5.68209252903315
"2041","a305c68d-db56-4c9f-ab9c-5089c25f3fba",76788,"017","El Dorado",1095680,0.175823233060748,42148.4629689003,3.84678582879128,1.40047223083987,1.34723794995403
"2042","a305c68d-db56-4c9f-ab9c-5089c25f3fba",76788,"061","Placer",900480,0.463943674484719,34639.5370310997,3.84678582879128,1.40047223083987,1.34723794995403
"2043","2497d2b3-31a4-4dc5-a628-2a059036e6c2",819,"039","Madera",1368320,0.11711880261927,819,0.0598544200187091,0.494622714715192,-2.81583999809755
"2044","899421c1-661c-44c1-a988-a0fe5043e6bd",297,"093","Siskiyou",4023680,0.0108507634801972,297,0.00738130268808653,0.293111767110516,-4.90880513994599
"2045","6a1d129f-e302-41b0-90ce-a0fafd6e2503",5843,"049","Modoc",2524160,0.00337181478194726,5843,0.231482948782961,0.693633007567186,-1.46324906353372
"2046","0f669596-90b2-4625-ba6b-f2bd1ab59f3b",160,"103","Tehama",1888640,0.034546022534734,160,0.0084717045069468,0.303384018689088,-4.77102355007474
"2047","e97ebb75-7d6d-4925-a27b-2bb9daec9fbf",48,"061","Placer",900480,0.463943674484719,48,0.00533049040511727,0.270204010963145,-5.23431203657212
"2048","4b8ffb4c-e539-4cfa-82a0-2aa148b43ee9",29,"061","Placer",900480,0.463943674484719,29,0.00322050461975835,0.238221514644737,-5.73821721749354
"2049","a5373b17-81bc-4a24-a844-148cb5de6b10",30,"093","Siskiyou",4023680,0.0108507634801972,30,0.00074558613010975,0.165243526619777,-7.20133989708653
"2050","866407b4-2434-4d13-8a43-fa61f2d6a38d",50,"027","Inyo",6522880,0.00286959134615385,50,0.000766532574568289,0.166392081197066,-7.17363336274942
"2051","a56115f1-5eca-4dc1-b576-cbeb67ed4b5b",127,"065","Riverside",4613120,0.536275232380688,127,0.00275301748057714,0.229061574841879,-5.89505770319521
"2052","c2deabb9-7935-4a0a-8fba-4d4005e4bf1c",10,"089","Shasta",2423040,0.0746706616481775,10,0.00041270470153196,0.142531171292121,-7.79277822914085
"2053","e44f5b6b-c6e6-461a-a9ab-d442e08de3ea",348,"065","Riverside",4613120,0.536275232380688,348,0.00754370144284129,0.2947108486279,-4.88704230987933
"2054","8b46c737-a036-4e58-9d8c-4de0b9879e68",123,"019","Fresno",3816320,0.26601280815026,123,0.00322300016770082,0.23826765031353,-5.73744262411631
"2055","9f20e88a-c95e-494f-bc38-7708bac1b7a6",13,"115","Yuba",403200,0.209102182539683,13,0.00322420634920635,0.238289939616504,-5.73706845228967
"2056","4511ebf3-f3d7-4c2d-9299-ec8ff974582e",108,"019","Fresno",3816320,0.26601280815026,108,0.0028299513667617,0.230645371105577,-5.86749575236451
"2057","cc8b9e35-5e0f-48e0-81da-15fab9bfaee2",65,"019","Fresno",3816320,0.26601280815026,65,0.00170321147073621,0.203150148126902,-6.3752397095931
"2058","a788f3ff-73ff-49e0-b65c-95bbb851df2e",135,"107","Tulare",3087360,0.154677135157546,135,0.00437266791044776,0.257150056361541,-5.43238195033422
"2059","bbfed8a2-9c91-4e38-92cd-374d6fdee02a",72,"053","Monterey",2126080,0.203594408488862,72,0.00338651414810355,0.241233836401239,-5.68795416152281
"2060","5907b233-4523-4bdf-aef2-e02c1f8c4d68",15,"019","Fresno",3816320,0.26601280815026,15,0.000393048800939125,0.140802906235141,-7.84157677838652
"2061","17f58280-2631-440e-9bca-cbdea1e5e373",25,"043","Mariposa",928640,0.0183278773259821,25,0.0026921088904204,0.227783968768637,-5.91743041838161
"2062","48cc8ca5-b512-4dc9-bea2-a7bce86009a0",1400,"107","Tulare",3087360,0.154677135157546,1400,0.0453461857379768,0.461461199517358,-3.0934292131693
"2063","7634b4c2-6a78-4aed-9e5b-d11c26faf384",21,"033","Lake",805120,0.0846966911764706,21,0.00260830683624801,0.225990232995986,-5.94905398990259
"2064","7b626e88-ef6d-4669-b7b7-d36e0ecaaf14",32,"103","Tehama",1888640,0.034546022534734,32,0.00169434090138936,0.202885121183113,-6.38046146250884
"2065","f37b0f27-4097-482c-a948-71c62940911e",115,"115","Yuba",403200,0.209102182539683,115,0.0285218253968254,0.410955057198518,-3.55708568138795
"2066","6b4212c5-b9c5-4813-9b45-50620406071e",103,"055","Napa",482560,0.278307360742706,103,0.0213444960212202,0.382227100714171,-3.84696137014395
"2067","c57a1ed5-5b24-41ed-aca4-703339726e05",141,"107","Tulare",3087360,0.154677135157546,141,0.00456700870646766,0.259960856922474,-5.38889683839448
"2068","5bdb8a5f-58a5-4fb3-b1d3-5487a7acdc05",540,"019","Fresno",3816320,0.26601280815026,540,0.0141497568338085,0.344895274577041,-4.25805783993041
"2069","4898fc42-90a5-4d10-8c7d-f21150e6f0c9",37,"073","San Diego",2690560,1.21766769743102,37,0.00137517840152236,0.192570501175782,-6.58917180971824
"2070","03aa73f8-24a4-49f7-a634-a705d1632a21",43,"065","Riverside",4613120,0.536275232380688,43,0.000932124028856826,0.174730381810127,-6.97804467396024
"2071","bc067439-ea43-4ce0-b4ec-66d20bae7804",25,"065","Riverside",4613120,0.536275232380688,25,0.000541932574916759,0.152576031312102,-7.5203689647856
"2072","d9778b37-9886-453d-a5ea-0772b1b33073",37,"109","Tuolumne",1431040,0.0381058530858676,37,0.00258553220035778,0.225495296579141,-5.95782391199639
"2073","cdc613c3-c746-4f0d-b295-f15fc7e67277",59,"115","Yuba",403200,0.209102182539683,59,0.0146329365079365,0.347802638281889,-4.22448036584549
"2074","fa24f204-d45e-479f-8437-4ce009874df9",74,"013","Contra Costa",460800,2.51077690972222,74,0.0160590277777778,0.355983453802579,-4.13148410917156
"2075","417b7148-f644-4919-880f-8d529e1f8b95",24,"019","Fresno",3816320,0.26601280815026,24,0.000628878081502599,0.158358585765844,-7.37157314914079
"2076","1c823bea-8d80-4560-9888-91fe81366451",68,"065","Riverside",4613120,0.536275232380688,68,0.00147405660377359,0.195942452781734,-6.51973708447769
"2077","c56682cd-d6d6-47fe-bcaa-e0f77339f604",90,"071","San Bernardino",12839680,0.170849740803509,90,0.000700952048649187,0.162712934413644,-7.26307107747879
"2078","7ee1424d-3aab-465e-9094-280e5cd5b83e",25,"029","Kern",5210880,0.17580677352002,25,0.000479765413903218,0.147998472881413,-7.64221329456035
"2079","5d6d342e-3696-4de4-a730-a89de03df378",105,"009","Calaveras",652800,0.071328125,105,0.0160845588235294,0.356124857387087,-4.12989554648642
"2080","f20ef989-476d-4e60-8b32-b61d9f211e1a",14,"037","Los Angeles",2598400,3.74120150862069,14,0.000538793103448276,0.1523545774571,-7.52617891334615
"2081","67943cd3-69db-40b5-ad6f-64eff64cbb1e",34,"071","San Bernardino",12839680,0.170849740803509,34,0.000264804107267471,0.127564895979681,-8.2365202231929
"2082","8c3a32c0-30c7-4837-94ef-cc27f9783df4",18,"065","Riverside",4613120,0.536275232380688,18,0.000390191453940067,0.140546306913176,-7.84887303175763
"2083","7452e778-443b-4a4d-8cfd-8972832332f2",39,"065","Riverside",4613120,0.536275232380688,39,0.000845414816870144,0.170516913821249,-7.07568314352415
"2084","1c29b20c-8287-49e7-88da-a057174c5b25",56,"065","Riverside",4613120,0.536275232380688,56,0.00121392896781354,0.186658735217567,-6.71389309891865
"2085","155dba26-11cd-4f55-8cc5-09c93ce7155e",33,"065","Riverside",4613120,0.536275232380688,33,0.000715350998890122,0.163542185432572,-7.24273722818732
"2086","ef08a1c3-8626-4881-b25c-64b7a913d174",1044,"029","Kern",5210880,0.17580677352002,1044,0.0200350036845984,0.376224745131299,-3.91027435098597
"2087","1d1c4ff0-544e-425a-b558-f5e3ca586bea",64,"073","San Diego",2690560,1.21766769743102,64,0.00237868696479543,0.220843348360739,-6.0412066390028
"2088","5fedc370-e53e-4751-b259-1f52dc429ab3",355,"053","Monterey",2126080,0.203594408488862,177.982191367341,0.00837137790522185,0.302481791734076,-4.78293678375005
"2089","5fedc370-e53e-4751-b259-1f52dc429ab3",355,"079","San Luis Obispo",2114560,0.13336722533293,177.017808632659,0.00837137790522185,0.302481791734076,-4.78293678375005
"2090","93936963-a4c7-406a-9d8e-8ee11aa68e40",12,"065","Riverside",4613120,0.536275232380688,12,0.000260127635960044,0.12699792452671,-8.2543381398658
"2091","13c0aa67-6f1a-4471-8f05-0d8810bd55e4",58,"005","Amador",387840,0.10677599009901,58,0.0149546204620462,0.349698563939153,-4.20273496588852
"2092","d2ced711-9481-45ca-9d1b-943352d05fac",30,"065","Riverside",4613120,0.536275232380688,30,0.000650319089900111,0.159691435800236,-7.33804740799164
"2093","a62c68f5-5a19-4dec-87f5-215a97726276",35,"065","Riverside",4613120,0.536275232380688,35,0.000758705604883463,0.165965692770654,-7.18389672816439
"2094","9d067cfd-3688-464f-916f-95cb7793169b",71,"005","Amador",387840,0.10677599009901,71,0.0183065181518152,0.36783363389193,-4.00049809939363
"2095","d8c6de46-8d1b-4e04-b3fe-c9212ce92fd3",10,"065","Riverside",4613120,0.536275232380688,10,0.000216773029966704,0.12133925161396,-8.43665969665975
"2096","bbd4db04-faef-41c7-9422-ee1393ca1b1f",12,"065","Riverside",4613120,0.536275232380688,12,0.000260127635960044,0.12699792452671,-8.2543381398658
"2097","e8f155bc-20c6-4344-b5dc-69ce1d0b8613",105,"065","Riverside",4613120,0.536275232380688,105,0.00227611681465039,0.218423135297115,-6.08528443949628
"2098","472e88dd-7121-4fb6-825c-91af4d5ed373",8283,"065","Riverside",4613120,0.536275232380688,8283,0.179553100721421,0.65095089334802,-1.71728428905554
"2099","e013877e-7837-435f-8bb1-692b68a37f8e",338,"065","Riverside",4613120,0.536275232380688,338,0.00732692841287458,0.292570468451691,-4.91619889417078
"2100","b57f434d-f307-4055-b47b-e49337374dd9",22,"011","Colusa",736640,0.0297485881841877,22,0.00298653344917463,0.233771651951803,-5.81364194572919
"2101","471a442e-3c6c-49d3-a1da-c6539336f975",89,"021","Glenn",841600,0.0336727661596958,89,0.0105750950570342,0.320679405618904,-4.54925356524535
"2102","33f3bc95-bab6-445a-95d0-58b7cd247431",15,"019","Fresno",3816320,0.26601280815026,15,0.000393048800939125,0.140802906235141,-7.84157677838652
"2103","eb2196cc-8ecb-49f6-ae21-a832da54a663",437,"065","Riverside",4613120,0.536275232380688,437,0.00947298140954495,0.311976348966802,-4.65931159455821
"2104","8e5b1375-7f14-4731-aa73-86e5db2e7f70",296,"069","San Benito",888960,0.0760202933765299,296,0.0332973362131029,0.427171601387358,-3.40227787879591
"2105","4882ca86-e46f-429b-bc3c-194654bfb01f",137,"065","Riverside",4613120,0.536275232380688,137,0.00296979051054384,0.233443321466599,-5.81926386382568
"2106","3501b740-d8be-4b0b-a0c8-cf6c923ee810",162,"089","Shasta",2423040,0.0746706616481775,162,0.00668581616481775,0.285949016875618,-5.00776698690251
"2107","9e60d69f-373a-45db-b23f-cebb88b82aaf",33,"019","Fresno",3816320,0.26601280815026,33,0.000864707362066074,0.171481506072035,-7.05311941802225
"2108","44518f29-7ba2-45c1-b6f6-13e3556ee941",70,"037","Los Angeles",2598400,3.74120150862069,70,0.00269396551724138,0.227823231713949,-5.91674100091205
"2109","6401556e-3e19-467b-8c26-af4a20864672",65,"007","Butte",1049600,0.197506669207317,65,0.00619283536585366,0.280525524893385,-5.08436224128823
"2110","9140903a-8dd4-45f9-aac7-70921d3f1948",2322,"065","Riverside",4613120,0.536275232380688,2322,0.0503346975582686,0.473660169285432,-2.98906062739596
"2111","6444fb86-d180-4a36-98fe-e2959a14965d",103,"065","Riverside",4613120,0.536275232380688,103,0.00223276220865705,0.217375512125593,-6.10451580142416
"2112","3e418d3a-f64b-48cf-9a0a-f6f893ddf75c",20,"029","Kern",5210880,0.17580677352002,20,0.000383812331122574,0.13996831387288,-7.86535684587456
"2113","09e1c7bf-e40b-4843-b245-917cb162130b",80,"001","Alameda",472320,3.44892657520325,80,0.0169376693766938,0.360755875314372,-4.07821518029222
"2114","6550e4e3-ef7f-4ebd-87ca-4a4244fdffd2",100,"079","San Luis Obispo",2114560,0.13336722533293,100,0.00472911622276029,0.262237621292592,-5.3540169390184
"2115","1df129dd-265c-450d-a605-b46d82ca0436",35,"029","Kern",5210880,0.17580677352002,35,0.000671671579464505,0.160986420144317,-7.30574105793914
"2116","5b23e547-15ae-4b24-a9dd-6d8a8298c0cd",61,"029","Kern",5210880,0.17580677352002,61,0.00117062760992385,0.184971445620533,-6.75021525525524
"2117","55585f3b-648c-476d-bccb-e2939fd1a670",20,"065","Riverside",4613120,0.536275232380688,20,0.000433546059933407,0.144297501348426,-7.74351251609981
"2118","e9755bce-f853-4b18-82b7-cdf0921d62a5",29,"047","Merced",1234560,0.234912843442198,29,0.00234901503369622,0.220151398718476,-6.05375917328488
"2119","29d92f74-bbef-483e-9cf5-4f45aa82a8ba",1540,"029","Kern",5210880,0.17580677352002,1540,0.0295535494964382,0.41462206683276,-3.52155142402088
"2120","e595da7d-9cd4-48a3-9b11-5363cfd066e1",95,"065","Riverside",4613120,0.536275232380688,95,0.00205934378468368,0.213025804118659,-6.18536789805326
"2121","08b36383-406f-49a5-bf71-0c629c3c0010",16,"065","Riverside",4613120,0.536275232380688,16,0.000346836847946726,0.136468151100398,-7.96665606741402
"2122","b76fe4cb-c4c1-423a-a62c-49a9686033c3",68,"085","Santa Clara",826240,2.26440864639814,68,0.00823005422153369,0.301197022365783,-4.79996267603616
"2123","8ae10edc-77d0-4df3-a398-846bea7acac0",28,"089","Shasta",2423040,0.0746706616481775,28,0.00115557316428949,0.184373865894081,-6.76315881195969
"2124","c19ca405-6810-4097-b078-13fa9a7a6119",88,"029","Kern",5210880,0.17580677352002,88,0.00168877425693933,0.202718274084079,-6.38375230495034
"2125","128eaf5b-0947-44d0-9df9-fd7975d0fe9d",1120,"029","Kern",5210880,0.17580677352002,1120,0.0214934905428642,0.382892392508878,-3.84000515513941
"2126","ac1b69c8-652d-428a-90eb-008eff0029d7",5229,"029","Kern",5210880,0.17580677352002,5229,0.100347733971997,0.562829551958458,-2.29911378524042
"2127","9f0e025e-d6d3-482c-81e4-d3e0f50c9e41",36,"073","San Diego",2690560,1.21766769743102,36,0.00133801141769743,0.191255949937217,-6.61657078390636
"2128","bdbc6903-5fea-4b29-9ddf-874bfd7174c8",184,"073","San Diego",2690560,1.21766769743102,184,0.00683872502378687,0.287570137726368,-4.98515396475348
"2129","0a2ff66b-76bc-4671-9afe-a2023060b6d9",532,"065","Riverside",4613120,0.536275232380688,532,0.0115323251942286,0.327702096696628,-4.46260130031216
"2130","4769737e-f0b5-48c0-9b39-90db40414a7d",68,"007","Butte",1049600,0.197506669207317,68,0.00647865853658537,0.283707797790435,-5.03924180600776
"2131","954a9ca6-3863-4a6f-b22f-fc6bb6fcef6c",441,"107","Tulare",3087360,0.154677135157546,441,0.0142840485074627,0.345710706053354,-4.2486118533258
"2132","21d01f9d-fc51-4a0a-88ca-06f934ea2cae",75,"069","San Benito",888960,0.0760202933765299,75,0.00843682505399568,0.303071264458039,-4.77514921958366
"2133","2b5b710e-acec-4818-9d26-22062a75d793",52,"029","Kern",5210880,0.17580677352002,52,0.000997912060918693,0.17773504475964,-6.90984540084712
"2134","db55b282-4079-4a2a-beb8-e85f42b0491b",703,"079","San Luis Obispo",2114560,0.13336722533293,703,0.0332456870460048,0.427005853123211,-3.40383023319583
"2135","c9ed4253-40dd-4388-8988-d832d313a728",883,"093","Siskiyou",4023680,0.0108507634801972,883,0.0219450850962303,0.384887952493792,-3.81921207814473
"2136","e90b6420-76a9-424b-8e26-67422eadc6a0",24,"073","San Diego",2690560,1.21766769743102,24,0.000892007611798287,0.172819259565573,-7.02203589201452
"2137","ffa56129-0d5e-4ec5-bfae-3440757d9deb",72,"085","Santa Clara",826240,2.26440864639814,72,0.0087141750580945,0.305531906503994,-4.74280426219621
"2138","1c3481f5-3d33-40a2-8f24-5edbebc17d6c",109,"021","Glenn",841600,0.0336727661596958,109,0.0129515209125475,0.337349594748981,-4.34654205274835
"2139","243c4ae4-f7eb-44f4-b5e8-ff8c4baaccd5",466,"073","San Diego",2690560,1.21766769743102,466,0.0173198144624167,0.362773711986255,-4.05590408823682
"2140","4adc26cb-281f-44ef-b6e2-f3509f1c03be",28,"033","Lake",805120,0.0846966911764706,28,0.00347774244833068,0.242842309263283,-5.66137191745081
"2141","6d65a6f6-b12a-4ed9-94b9-7f90246c8615",32,"009","Calaveras",652800,0.071328125,32,0.00490196078431373,0.264601595235933,-5.31811999384422
"2142","81a42060-b157-40e7-bbb0-a9371a2435c3",14,"055","Napa",482560,0.278307360742706,14,0.00290119363395225,0.232083453835481,-5.84263302875832
"2143","6c0acbd1-309a-4555-9161-3b757f38d2cc",55,"029","Kern",5210880,0.17580677352002,55,0.00105548391058708,0.180244866421172,-6.85375593419608
"2144","f9914d6e-0e0d-49ea-a754-5b380ce3cdf0",23,"065","Riverside",4613120,0.536275232380688,23,0.000498577968923418,0.149428442917279,-7.60375057372465
"2145","c5c1319d-b98a-4b1e-ac51-65d2f1c2de6f",243,"079","San Luis Obispo",2114560,0.13336722533293,243,0.0114917524213075,0.327413487071798,-4.46612568166595
"2146","28eb14f9-bffb-482a-bcec-fab0c149e6cb",44,"053","Monterey",2126080,0.203594408488862,44,0.00206953642384106,0.213288906950004,-6.18043064662061
"2147","8cb88028-9b7f-49a9-be2d-6d81c7e06193",36,"095","Solano",529920,0.846820274758454,36,0.00679347826086957,0.287093293503128,-4.99179220629478
"2148","c577f6b5-b79e-4e61-b0da-f14fd1bc6dcd",5,"065","Riverside",4613120,0.536275232380688,5,0.000108386514983352,0.102033741711747,-9.1298068772197
"2149","de8dad71-4393-449f-874b-8a6ce378f5b6",2200,"065","Riverside",4613120,0.536275232380688,2200,0.0476900665926748,0.467312052616328,-3.04303215030739
"2150","87f3453c-ba4e-40dd-930d-c666ce049af1",100,"079","San Luis Obispo",2114560,0.13336722533293,100,0.00472911622276029,0.262237621292592,-5.3540169390184
