{
"type": "FeatureCollection",
"name": "final_data",
"crs": { "type": "name", "properties": { "name": "urn:ogc:def:crs:OGC:1.3:CRS84" } },
"features": [
{ "type": "Feature", "properties": { "county": "Alameda", "fire_dens": 0.35509268135230909, "fourth_root_fire_dens": 0.4128560633715887, "log_fire_dens": -3.9935535462341716, "pop_dens": 3.4489265752032519, "fips_code": "001", "GEOID": "06001", "TOG": 127.67689638062799, "ROG": 61.380715865955999, "COT": 187.25787752231599, "NOX": 45.588014238, "SOX": 1.9905675, "PM": 33.129256960711999, "PM10": 18.498873721795999, "PM2_5": 6.7413097607600001, "elevation_variation": 0.0027481368563685637, "avg_elevation": 219.0, "avg_temperature_topten": 87.045454545454547, "avg_precipitation_topten": 11.074 }, "geometry": { "type": "MultiPolygon", "coordinates": [ [ [ [ -121.855762, 37.484537 ], [ -122.045271, 37.460276 ], [ -122.052648, 37.459656 ], [ -122.081473, 37.477838 ], [ -122.109574, 37.497637 ], [ -122.116112, 37.505386 ], [ -122.111344, 37.50758 ], [ -122.111998, 37.528851 ], [ -122.128688, 37.560594 ], [ -122.133924, 37.562885 ], [ -122.137524, 37.567467 ], [ -122.144396, 37.581866 ], [ -122.147014, 37.588411 ], [ -122.145378, 37.600846 ], [ -122.14636, 37.607391 ], [ -122.152905, 37.640771 ], [ -122.163049, 37.667933 ], [ -122.170904, 37.676114 ], [ -122.179085, 37.680041 ], [ -122.197411, 37.692804 ], [ -122.203971, 37.697769 ], [ -122.213774, 37.698695 ], [ -122.221628, 37.705567 ], [ -122.246826, 37.72193 ], [ -122.255989, 37.735674 ], [ -122.257953, 37.739601 ], [ -122.257134, 37.745001 ], [ -122.252226, 37.747619 ], [ -122.244938, 37.750294 ], [ -122.242638, 37.753744 ], [ -122.253753, 37.761218 ], [ -122.264101, 37.764667 ], [ -122.275408, 37.76735 ], [ -122.286139, 37.769458 ], [ -122.293996, 37.770416 ], [ -122.304345, 37.774632 ], [ -122.318909, 37.77904 ], [ -122.329159, 37.783173 ], [ -122.33079, 37.78383 ], [ -122.330963, 37.786035 ], [ -122.331748, 37.796052 ], [ -122.33555, 37.799538 ], [ -122.335675, 37.799652 ], [ -122.333711, 37.809797 ], [ -122.323567, 37.823214 ], [ -122.317676, 37.826814 ], [ -122.306222, 37.827469 ], [ -122.303931, 37.830087 ], [ -122.301313, 37.847758 ], [ -122.310477, 37.873938 ], [ -122.309986, 37.892755 ], [ -122.313258, 37.89701 ], [ -122.313496, 37.897211 ], [ -122.310881, 37.897825 ], [ -122.30618, 37.898225 ], [ -122.185977, 37.820726 ], [ -122.004228, 37.770058 ], [ -122.010771, 37.755127 ], [ -122.001071, 37.739028 ], [ -121.977999, 37.729579 ], [ -121.96077, 37.718629 ], [ -121.910138, 37.73046 ], [ -121.881567, 37.737328 ], [ -121.623724, 37.799291 ], [ -121.55916, 37.818927 ], [ -121.556936, 37.817218 ], [ -121.556655, 37.542732 ], [ -121.471925, 37.481783 ], [ -121.472648, 37.48217 ], [ -121.855762, 37.484537 ] ] ] ] } },
{ "type": "Feature", "properties": { "county": "Alpine", "fire_dens": 8.7099298322844749, "fourth_root_fire_dens": 1.5045467568307891, "log_fire_dens": 1.2756613496260893, "pop_dens": 0.0025160690121786198, "fips_code": "003", "GEOID": "06003", "TOG": 18.88193268, "ROG": 16.88786402, "COT": 2.1376282, "NOX": 0.28102165, "SOX": 0.00375752, "PM": 2.14247667, "PM10": 1.25944929, "PM2_5": 0.15619013, "elevation_variation": 0.0048693335588633289, "avg_elevation": 2216.0, "avg_temperature_topten": 79.68, "avg_precipitation_topten": 22.035 }, "geometry": { "type": "MultiPolygon", "coordinates": [ [ [ [ -120.072392, 38.702767 ], [ -119.880303, 38.864776 ], [ -119.904315, 38.933324 ], [ -119.587679, 38.714734 ], [ -119.587066, 38.714345 ], [ -119.585437, 38.713212 ], [ -119.619066, 38.603529 ], [ -119.542862, 38.499694 ], [ -119.639205, 38.32688 ], [ -119.753481, 38.416759 ], [ -119.884749, 38.356185 ], [ -120.019951, 38.433521 ], [ -120.072484, 38.509869 ], [ -120.072392, 38.702767 ] ] ] ] } },
{ "type": "Feature", "properties": { "county": "Amador", "fire_dens": 0.66130846248556552, "fourth_root_fire_dens": 0.48317350891751359, "log_fire_dens": -3.5507746009421668, "pop_dens": 0.1067759900990099, "fips_code": "005", "GEOID": "06005", "TOG": 68.03730111, "ROG": 59.19419677, "COT": 14.07480559, "NOX": 3.64191962, "SOX": 0.08077956, "PM": 7.75848901, "PM10": 4.74192932, "PM2_5": 1.94256646, "elevation_variation": 0.0069049092409240922, "avg_elevation": 896.0, "avg_temperature_topten": 95.5, "avg_precipitation_topten": 19.262 }, "geometry": { "type": "MultiPolygon", "coordinates": [ [ [ [ -120.995497, 38.225405 ], [ -121.027084, 38.300252 ], [ -121.027507, 38.508292 ], [ -120.813554, 38.562193 ], [ -120.627604, 38.503143 ], [ -120.510596, 38.511467 ], [ -120.301721, 38.549109 ], [ -120.098322, 38.709029 ], [ -120.072392, 38.702767 ], [ -120.072484, 38.509869 ], [ -120.380707, 38.461042 ], [ -120.423215, 38.473322 ], [ -120.893792, 38.221277 ], [ -120.995497, 38.225405 ] ] ] ] } },
{ "type": "Feature", "properties": { "county": "Butte", "fire_dens": 0.44466718926602816, "fourth_root_fire_dens": 0.39207377022591405, "log_fire_dens": -4.4548063739142405, "pop_dens": 0.19750666920731708, "fips_code": "007", "GEOID": "06007", "TOG": 171.62577738, "ROG": 148.4848464, "COT": 57.346024546876002, "NOX": 13.63986660976, "SOX": 0.18614005, "PM": 33.73385065, "PM10": 18.33411201, "PM2_5": 5.20144374, "elevation_variation": 0.002066501524390244, "avg_elevation": 608.0, "avg_temperature_topten": 97.11, "avg_precipitation_topten": 22.663 }, "geometry": { "type": "MultiPolygon", "coordinates": [ [ [ [ -121.076695, 39.597264 ], [ -121.149907, 39.526446 ], [ -121.305122, 39.519585 ], [ -121.333427, 39.468729 ], [ -121.407527, 39.339754 ], [ -121.62376, 39.295621 ], [ -121.908269, 39.303878 ], [ -121.890013, 39.383864 ], [ -121.856532, 39.536904 ], [ -121.994021, 39.533926 ], [ -121.950951, 39.715004 ], [ -122.046471, 39.797648 ], [ -122.044865, 39.883771 ], [ -121.804041, 39.884344 ], [ -121.703241, 39.98423 ], [ -121.646032, 39.982527 ], [ -121.586407, 40.100522 ], [ -121.436886, 40.151905 ], [ -121.366818, 40.086054 ], [ -121.430012, 39.914833 ], [ -121.360516, 39.84074 ], [ -121.076695, 39.597264 ] ] ] ] } },
{ "type": "Feature", "properties": { "county": "Calaveras", "fire_dens": 0.046248602943917139, "fourth_root_fire_dens": 0.38166543495097605, "log_fire_dens": -4.0723753226093411, "pop_dens": 0.071328125, "fips_code": "009", "GEOID": "06009", "TOG": 158.61157958679999, "ROG": 143.590665266884, "COT": 18.51449647, "NOX": 2.21401797, "SOX": 0.04496194, "PM": 6.27720217, "PM10": 4.0118587, "PM2_5": 1.41994383, "elevation_variation": 0.0042830882352941175, "avg_elevation": 780.0, "avg_temperature_topten": 95.88333333333334, "avg_precipitation_topten": 18.785 }, "geometry": { "type": "MultiPolygon", "coordinates": [ [ [ [ -120.652673, 37.831422 ], [ -120.926449, 38.077421 ], [ -120.93885, 38.088321 ], [ -120.995497, 38.225405 ], [ -120.893792, 38.221277 ], [ -120.423215, 38.473322 ], [ -120.380707, 38.461042 ], [ -120.072484, 38.509869 ], [ -120.019951, 38.433521 ], [ -120.176177, 38.374014 ], [ -120.504516, 37.991144 ], [ -120.534814, 37.991174 ], [ -120.514952, 37.95339 ], [ -120.652673, 37.831422 ] ] ] ] } },
{ "type": "Feature", "properties": { "county": "Colusa", "fire_dens": 1.6571085355996167, "fourth_root_fire_dens": 0.62361222123064919, "log_fire_dens": -3.1694605484388947, "pop_dens": 0.029748588184187665, "fips_code": "011", "GEOID": "06011", "TOG": 71.3387999, "ROG": 55.066668078100001, "COT": 14.32008653, "NOX": 9.646365083280001, "SOX": 0.13972512, "PM": 25.20681644, "PM10": 12.73795627, "PM2_5": 2.70444443, "elevation_variation": 0.0027394656820156384, "avg_elevation": 260.0, "avg_temperature_topten": 100.17, "avg_precipitation_topten": 13.292 }, "geometry": { "type": "MultiPolygon", "coordinates": [ [ [ [ -121.908269, 39.303878 ], [ -121.945509, 39.180959 ], [ -121.847964, 39.070817 ], [ -121.835488, 38.924481 ], [ -122.337967, 38.923945 ], [ -122.340172, 38.924246 ], [ -122.492215, 39.054092 ], [ -122.476083, 39.172609 ], [ -122.680927, 39.238726 ], [ -122.775043, 39.311778 ], [ -122.78509, 39.382975 ], [ -122.739062, 39.383266 ], [ -122.136006, 39.385494 ], [ -122.136161, 39.414499 ], [ -121.890013, 39.383864 ], [ -121.908269, 39.303878 ] ] ] ] } },
{ "type": "Feature", "properties": { "county": "Contra Costa", "fire_dens": 0.31619972338516744, "fourth_root_fire_dens": 0.41878963016084891, "log_fire_dens": -3.850923039469643, "pop_dens": 2.5107769097222223, "fips_code": "013", "GEOID": "06013", "TOG": 119.934927647826, "ROG": 56.697643801483999, "COT": 149.39625650078, "NOX": 37.716283403920002, "SOX": 13.73129324, "PM": 25.763081934614, "PM10": 17.656618246720001, "PM2_5": 10.530192055956, "elevation_variation": 0.0024826388888888888, "avg_elevation": 108.0, "avg_temperature_topten": 90.02, "avg_precipitation_topten": 11.434 }, "geometry": { "type": "MultiPolygon", "coordinates": [ [ [ [ -121.910138, 37.73046 ], [ -121.96077, 37.718629 ], [ -121.977999, 37.729579 ], [ -122.001071, 37.739028 ], [ -122.010771, 37.755127 ], [ -122.004228, 37.770058 ], [ -122.185977, 37.820726 ], [ -122.30618, 37.898225 ], [ -122.310881, 37.897825 ], [ -122.313496, 37.897211 ], [ -122.32373, 37.905845 ], [ -122.33453, 37.908791 ], [ -122.35711, 37.908791 ], [ -122.362346, 37.904209 ], [ -122.367582, 37.903882 ], [ -122.378709, 37.905191 ], [ -122.385908, 37.908136 ], [ -122.389181, 37.9101 ], [ -122.39049, 37.922535 ], [ -122.395071, 37.927117 ], [ -122.401289, 37.928426 ], [ -122.413725, 37.937262 ], [ -122.417371, 37.943513 ], [ -122.430087, 37.963115 ], [ -122.42976, 37.965405 ], [ -122.415361, 37.963115 ], [ -122.411761, 37.960497 ], [ -122.408383, 37.957544 ], [ -122.399832, 37.956009 ], [ -122.367582, 37.978168 ], [ -122.361905, 37.989991 ], [ -122.363001, 37.994375 ], [ -122.366928, 37.998458 ], [ -122.368891, 38.007948 ], [ -122.367909, 38.01253 ], [ -122.363655, 38.014166 ], [ -122.359493, 38.009941 ], [ -122.340093, 38.003694 ], [ -122.331912, 38.00533 ], [ -122.321112, 38.012857 ], [ -122.315549, 38.013511 ], [ -122.300823, 38.010893 ], [ -122.283478, 38.022674 ], [ -122.262861, 38.0446 ], [ -122.262861, 38.051473 ], [ -122.266669, 38.06007 ], [ -122.123973, 38.035717 ], [ -122.050386, 38.060198 ], [ -121.869469, 38.054519 ], [ -121.865189, 38.059909 ], [ -121.862462, 38.06603 ], [ -121.737824, 38.02663 ], [ -121.679265, 38.089319 ], [ -121.580022, 38.094414 ], [ -121.579943, 37.976113 ], [ -121.574823, 37.973025 ], [ -121.569889, 37.957495 ], [ -121.56364, 37.94611 ], [ -121.561937, 37.937612 ], [ -121.55987, 37.920862 ], [ -121.569113, 37.901521 ], [ -121.574849, 37.885021 ], [ -121.575463, 37.863118 ], [ -121.56937, 37.858881 ], [ -121.561813, 37.857135 ], [ -121.549517, 37.856986 ], [ -121.538026, 37.849622 ], [ -121.536595, 37.844723 ], [ -121.538931, 37.839563 ], [ -121.550971, 37.831155 ], [ -121.556936, 37.817218 ], [ -121.55916, 37.818927 ], [ -121.623724, 37.799291 ], [ -121.881567, 37.737328 ], [ -121.910138, 37.73046 ] ] ] ] } },
{ "type": "Feature", "properties": { "county": "Del Norte", "fire_dens": 0.020810081845238092, "fourth_root_fire_dens": 0.34983419194509435, "log_fire_dens": -4.3227938487043804, "pop_dens": 0.041979786706349206, "fips_code": "015", "GEOID": "06015", "TOG": 38.739637425292003, "ROG": 20.854767571309999, "COT": 7.6774211137039998, "NOX": 3.8124629464000002, "SOX": 0.09423972, "PM": 6.9916542734639995, "PM10": 4.1125949323339999, "PM2_5": 0.76762950704, "elevation_variation": 0.0033730158730158732, "avg_elevation": 551.0, "avg_temperature_topten": 83.36363636363636, "avg_precipitation_topten": 33.027 }, "geometry": { "type": "MultiPolygon", "coordinates": [ [ [ [ -124.065521, 41.464739 ], [ -124.066057, 41.470258 ], [ -124.075917, 41.501757 ], [ -124.081427, 41.511228 ], [ -124.081987, 41.547761 ], [ -124.092404, 41.553615 ], [ -124.101123, 41.569192 ], [ -124.101403, 41.578524 ], [ -124.097385, 41.585251 ], [ -124.100961, 41.602499 ], [ -124.114413, 41.616768 ], [ -124.116037, 41.628849 ], [ -124.120225, 41.640354 ], [ -124.135552, 41.657307 ], [ -124.139354, 41.671652 ], [ -124.138373, 41.678881 ], [ -124.143479, 41.709284 ], [ -124.147412, 41.717955 ], [ -124.154246, 41.728801 ], [ -124.164716, 41.740126 ], [ -124.17739, 41.745756 ], [ -124.185363, 41.739351 ], [ -124.19104, 41.736079 ], [ -124.194953, 41.736778 ], [ -124.203843, 41.747035 ], [ -124.23972, 41.7708 ], [ -124.242288, 41.772034 ], [ -124.248704, 41.771459 ], [ -124.255994, 41.783014 ], [ -124.245027, 41.7923 ], [ -124.230678, 41.818681 ], [ -124.219592, 41.846432 ], [ -124.208439, 41.888192 ], [ -124.203402, 41.940964 ], [ -124.204948, 41.983441 ], [ -124.211605, 41.99846 ], [ -124.100921, 41.996956 ], [ -124.100216, 41.996842 ], [ -124.087827, 41.996891 ], [ -124.086661, 41.996869 ], [ -123.821472, 41.995473 ], [ -123.624554, 41.999837 ], [ -123.518075, 42.000436 ], [ -123.565442, 41.903141 ], [ -123.642812, 41.889353 ], [ -123.703768, 41.829117 ], [ -123.660205, 41.714055 ], [ -123.719089, 41.595258 ], [ -123.612395, 41.448954 ], [ -123.661363, 41.38209 ], [ -123.770239, 41.380776 ], [ -123.770551, 41.464193 ], [ -124.065521, 41.464739 ] ] ] ] } },
{ "type": "Feature", "properties": { "county": "El Dorado", "fire_dens": 0.55005965030029591, "fourth_root_fire_dens": 0.38712764336590361, "log_fire_dens": -4.6842261212746275, "pop_dens": 0.17582323306074765, "fips_code": "017", "GEOID": "06017", "TOG": 221.68118161437002, "ROG": 194.15047559498601, "COT": 50.807009568171999, "NOX": 6.4462965989600001, "SOX": 0.19897164, "PM": 17.101242719816, "PM10": 10.363578910159999, "PM2_5": 2.9931771713459998, "elevation_variation": 0.0029762339369158878, "avg_elevation": 1286.0, "avg_temperature_topten": 90.72, "avg_precipitation_topten": 25.143 }, "geometry": { "type": "MultiPolygon", "coordinates": [ [ [ [ -121.141009, 38.71198 ], [ -121.040406, 38.915651 ], [ -120.746395, 39.010352 ], [ -120.642458, 38.944404 ], [ -120.556321, 38.915164 ], [ -120.470985, 38.965507 ], [ -120.43524, 39.028397 ], [ -120.184098, 39.031014 ], [ -120.143663, 39.067285 ], [ -120.002461, 39.067489 ], [ -120.001014, 38.999574 ], [ -119.904315, 38.933324 ], [ -119.880303, 38.864776 ], [ -120.072392, 38.702767 ], [ -120.098322, 38.709029 ], [ -120.301721, 38.549109 ], [ -120.510596, 38.511467 ], [ -120.627604, 38.503143 ], [ -120.813554, 38.562193 ], [ -121.027507, 38.508292 ], [ -121.118617, 38.717118 ], [ -121.133264, 38.705427 ], [ -121.141009, 38.71198 ] ] ] ] } },
{ "type": "Feature", "properties": { "county": "Fresno", "fire_dens": 0.17967668117543936, "fourth_root_fire_dens": 0.31467244705635428, "log_fire_dens": -5.3159569609383981, "pop_dens": 0.26601280815025996, "fips_code": "019", "GEOID": "06019", "TOG": 425.81270526648598, "ROG": 246.177943325754, "COT": 187.50674354685199, "NOX": 52.900435009399999, "SOX": 1.490133634, "PM": 127.374518201952, "PM10": 67.990139067556001, "PM2_5": 18.643551897194001, "elevation_variation": 0.0010727611940298508, "avg_elevation": 764.0, "avg_temperature_topten": 92.74545454545455, "avg_precipitation_topten": 11.84 }, "geometry": { "type": "MultiPolygon", "coordinates": [ [ [ [ -119.573194, 36.488835 ], [ -119.66629, 36.41896 ], [ -119.905119, 36.401741 ], [ -119.959227, 36.400975 ], [ -119.95921, 36.181403 ], [ -120.315068, 35.907186 ], [ -120.648784, 36.10799 ], [ -120.62691, 36.203227 ], [ -120.678582, 36.267319 ], [ -120.596562, 36.328488 ], [ -120.603706, 36.488242 ], [ -120.918731, 36.740381 ], [ -120.65595, 36.952832 ], [ -120.590566, 36.952641 ], [ -120.541696, 37.044505 ], [ -120.422187, 36.840139 ], [ -120.229179, 36.769687 ], [ -120.132898, 36.809841 ], [ -120.079458, 36.825345 ], [ -120.027775, 36.814505 ], [ -120.013334, 36.828228 ], [ -119.932551, 36.84299 ], [ -119.823421, 36.848333 ], [ -119.733852, 36.948558 ], [ -119.537677, 37.104019 ], [ -119.559412, 37.143619 ], [ -119.470844, 37.110548 ], [ -119.43306, 37.161516 ], [ -119.361916, 37.167849 ], [ -119.330573, 37.205791 ], [ -119.335189, 37.310774 ], [ -119.286658, 37.374943 ], [ -119.022363, 37.585737 ], [ -118.775014, 37.463052 ], [ -118.786736, 37.34338 ], [ -118.716016, 37.328208 ], [ -118.665167, 37.261009 ], [ -118.654593, 37.141826 ], [ -118.437137, 37.059818 ], [ -118.360586, 36.744773 ], [ -118.982441, 36.741646 ], [ -118.984779, 36.657147 ], [ -119.304625, 36.660606 ], [ -119.305102, 36.573725 ], [ -119.466322, 36.575238 ], [ -119.573194, 36.488835 ] ] ] ] } },
{ "type": "Feature", "properties": { "county": "Glenn", "fire_dens": 1.3094299747626876, "fourth_root_fire_dens": 0.61325509469959483, "log_fire_dens": -2.7796787235577063, "pop_dens": 0.033672766159695819, "fips_code": "021", "GEOID": "06021", "TOG": 86.09297815, "ROG": 59.32160955, "COT": 17.6545633, "NOX": 8.53627768, "SOX": 0.25709759, "PM": 20.8695448, "PM10": 10.64679609, "PM2_5": 2.52038612, "elevation_variation": 0.002634268060836502, "avg_elevation": 433.0, "avg_temperature_topten": 98.64, "avg_precipitation_topten": 15.777 }, "geometry": { "type": "MultiPolygon", "coordinates": [ [ [ [ -122.937654, 39.798156 ], [ -122.046471, 39.797648 ], [ -121.950951, 39.715004 ], [ -121.994021, 39.533926 ], [ -121.856532, 39.536904 ], [ -121.890013, 39.383864 ], [ -122.136161, 39.414499 ], [ -122.136006, 39.385494 ], [ -122.739062, 39.383266 ], [ -122.735639, 39.580668 ], [ -122.885352, 39.580108 ], [ -122.892676, 39.708898 ], [ -122.937654, 39.798156 ] ] ] ] } },
{ "type": "Feature", "properties": { "county": "Humboldt", "fire_dens": 0.34780600615795176, "fourth_root_fire_dens": 0.31273841228327987, "log_fire_dens": -5.558376014319018, "pop_dens": 0.059040897005317658, "fips_code": "023", "GEOID": "06023", "TOG": 150.02327023363799, "ROG": 91.389620913863993, "COT": 58.543140595967998, "NOX": 16.239929338, "SOX": 0.42004791, "PM": 22.456913465362, "PM10": 14.362652433859999, "PM2_5": 4.7642528369579997, "elevation_variation": 0.0011488070249090401, "avg_elevation": 540.0, "avg_temperature_topten": 84.24, "avg_precipitation_topten": 29.454 }, "geometry": { "type": "MultiPolygon", "coordinates": [ [ [ [ -123.544458, 40.001923 ], [ -124.023938, 40.001284 ], [ -124.035904, 40.013319 ], [ -124.056408, 40.024305 ], [ -124.065069, 40.024785 ], [ -124.068908, 40.021307 ], [ -124.072509, 40.022657 ], [ -124.079983, 40.029773 ], [ -124.080709, 40.06611 ], [ -124.087086, 40.078442 ], [ -124.110549, 40.103765 ], [ -124.139952, 40.11635 ], [ -124.170767, 40.124207 ], [ -124.187874, 40.130542 ], [ -124.214895, 40.160902 ], [ -124.231095, 40.171581 ], [ -124.258405, 40.184277 ], [ -124.296497, 40.208816 ], [ -124.320912, 40.226617 ], [ -124.327691, 40.23737 ], [ -124.34307, 40.243979 ], [ -124.352715, 40.250453 ], [ -124.363414, 40.260974 ], [ -124.363634, 40.276212 ], [ -124.347853, 40.314634 ], [ -124.353124, 40.331425 ], [ -124.356595, 40.335016 ], [ -124.362796, 40.350046 ], [ -124.365357, 40.374855 ], [ -124.373599, 40.392923 ], [ -124.379082, 40.398828 ], [ -124.391496, 40.407047 ], [ -124.402623, 40.422105 ], [ -124.409591, 40.438076 ], [ -124.408601, 40.443201 ], [ -124.396642, 40.462119 ], [ -124.38494, 40.48982 ], [ -124.383224, 40.499852 ], [ -124.387023, 40.504954 ], [ -124.382816, 40.519 ], [ -124.379096, 40.522865 ], [ -124.363545, 40.548698 ], [ -124.329404, 40.61643 ], [ -124.315141, 40.639526 ], [ -124.312558, 40.641333 ], [ -124.289119, 40.67963 ], [ -124.248406, 40.735166 ], [ -124.228244, 40.76939 ], [ -124.201921, 40.805111 ], [ -124.176715, 40.843618 ], [ -124.158322, 40.876069 ], [ -124.137066, 40.925732 ], [ -124.118147, 40.989263 ], [ -124.112165, 41.028173 ], [ -124.125448, 41.048504 ], [ -124.132946, 41.052482 ], [ -124.138217, 41.054342 ], [ -124.142867, 41.054032 ], [ -124.147216, 41.052884 ], [ -124.148939, 41.051467 ], [ -124.151266, 41.051101 ], [ -124.153622, 41.05355 ], [ -124.154028, 41.059923 ], [ -124.154513, 41.087159 ], [ -124.160556, 41.099011 ], [ -124.159065, 41.121957 ], [ -124.165414, 41.129822 ], [ -124.163988, 41.138675 ], [ -124.158539, 41.143021 ], [ -124.149674, 41.140845 ], [ -124.1438, 41.144686 ], [ -124.122677, 41.189726 ], [ -124.106986, 41.229678 ], [ -124.106389, 41.240682 ], [ -124.092284, 41.287695 ], [ -124.079015, 41.347135 ], [ -124.072294, 41.374844 ], [ -124.063076, 41.439579 ], [ -124.065521, 41.464739 ], [ -123.770551, 41.464193 ], [ -123.770239, 41.380776 ], [ -123.661363, 41.38209 ], [ -123.474085, 41.366193 ], [ -123.408291, 41.179944 ], [ -123.481457, 40.914957 ], [ -123.560163, 40.950257 ], [ -123.623826, 40.929421 ], [ -123.55985, 40.829584 ], [ -123.544059, 40.739386 ], [ -123.544458, 40.001923 ] ] ] ] } },
{ "type": "Feature", "properties": { "county": "Imperial", "fire_dens": 0.01029191616766467, "fourth_root_fire_dens": 0.31851072454499696, "log_fire_dens": -4.5763965299840104, "pop_dens": 0.066883607784431143, "fips_code": "025", "GEOID": "06025", "TOG": 88.60572457000001, "ROG": 44.61403375, "COT": 36.207964, "NOX": 17.71711809, "SOX": 0.19574702, "PM": 491.63857664000005, "PM10": 284.52479783000001, "PM2_5": 38.03534723, "elevation_variation": 0.00063585329341317367, "avg_elevation": 190.0, "avg_temperature_topten": 109.87, "avg_precipitation_topten": 2.515 }, "geometry": { "type": "MultiPolygon", "coordinates": [ [ [ [ -116.103137, 32.904115 ], [ -116.08109, 33.074833 ], [ -116.085165, 33.425932 ], [ -115.467506, 33.426992 ], [ -114.627125, 33.433554 ], [ -114.665278, 33.415358 ], [ -114.721233, 33.396912 ], [ -114.700103, 33.341045 ], [ -114.672088, 33.258499 ], [ -114.67536, 33.185489 ], [ -114.679359, 33.159519 ], [ -114.687074, 33.142196 ], [ -114.696829, 33.131209 ], [ -114.706175, 33.105335 ], [ -114.707819, 33.091102 ], [ -114.675104, 33.047532 ], [ -114.62387, 33.02872 ], [ -114.606282, 33.025703 ], [ -114.589778, 33.026228 ], [ -114.584765, 33.028231 ], [ -114.578287, 33.035375 ], [ -114.571653, 33.036624 ], [ -114.523578, 33.030961 ], [ -114.516912, 33.026871 ], [ -114.511343, 33.023455 ], [ -114.468605, 32.971649 ], [ -114.46289, 32.905797 ], [ -114.465715, 32.87942 ], [ -114.465715, 32.879191 ], [ -114.496284, 32.822326 ], [ -114.496827, 32.822119 ], [ -114.615733, 32.729427 ], [ -114.615585, 32.728446 ], [ -114.65826, 32.733799 ], [ -114.65884, 32.73383 ], [ -114.677091, 32.736218 ], [ -114.678632, 32.736614 ], [ -114.719633, 32.718763 ], [ -115.465164, 32.6671 ], [ -115.875842, 32.636424 ], [ -116.106159, 32.618328 ], [ -116.103137, 32.904115 ] ] ] ] } },
{ "type": "Feature", "properties": { "county": "Inyo", "fire_dens": 0.032805404098452569, "fourth_root_fire_dens": 0.35742966531923404, "log_fire_dens": -4.4489466632763959, "pop_dens": 0.0028695913461538464, "fips_code": "027", "GEOID": "06027", "TOG": 55.14208832, "ROG": 46.47749355, "COT": 15.28425574, "NOX": 2.56733113, "SOX": 0.50105734, "PM": 60.84550162, "PM10": 33.41194801, "PM2_5": 4.75682166, "elevation_variation": 0.00066305067700156981, "avg_elevation": 1473.0, "avg_temperature_topten": 99.7, "avg_precipitation_topten": 3.962 }, "geometry": { "type": "MultiPolygon", "coordinates": [ [ [ [ -117.832726, 37.464929 ], [ -117.500909, 37.220282 ], [ -117.166187, 36.970862 ], [ -117.000895, 36.847694 ], [ -116.488233, 36.459097 ], [ -116.097216, 36.158346 ], [ -116.093601, 36.155805 ], [ -115.912858, 36.015359 ], [ -115.892975, 35.999967 ], [ -115.84608, 35.963596 ], [ -115.689302, 35.842003 ], [ -115.648029, 35.809629 ], [ -115.648925, 35.809128 ], [ -115.735745, 35.809097 ], [ -115.735891, 35.79362 ], [ -117.632996, 35.797251 ], [ -118.008043, 35.789161 ], [ -117.998258, 35.868782 ], [ -117.980761, 35.867515 ], [ -118.003577, 35.983718 ], [ -118.033611, 36.008944 ], [ -118.127147, 36.279656 ], [ -118.100317, 36.346137 ], [ -118.21482, 36.435036 ], [ -118.274624, 36.597334 ], [ -118.366328, 36.691635 ], [ -118.360586, 36.744773 ], [ -118.437137, 37.059818 ], [ -118.654593, 37.141826 ], [ -118.665167, 37.261009 ], [ -118.716016, 37.328208 ], [ -118.786736, 37.34338 ], [ -118.775014, 37.463052 ], [ -117.832726, 37.464929 ] ] ] ] } },
{ "type": "Feature", "properties": { "county": "Kern", "fire_dens": 0.033004940969976901, "fourth_root_fire_dens": 0.30412413043501652, "log_fire_dens": -5.1870389173182119, "pop_dens": 0.17580677352001964, "fips_code": "029", "GEOID": "06029", "TOG": 600.643409596526, "ROG": 274.37743839394, "COT": 166.83467725977999, "NOX": 83.774458650200003, "SOX": 3.746639461, "PM": 95.469540052995995, "PM10": 52.225710316823999, "PM2_5": 17.368132990119999, "elevation_variation": 0.00068875122819945958, "avg_elevation": 841.0, "avg_temperature_topten": 99.44, "avg_precipitation_topten": 5.843 }, "geometry": { "type": "MultiPolygon", "coordinates": [ [ [ [ -117.667292, 34.822526 ], [ -118.140074, 34.82078 ], [ -118.854253, 34.817772 ], [ -118.881364, 34.790629 ], [ -118.976721, 34.812199 ], [ -119.243645, 34.814178 ], [ -119.276946, 34.879675 ], [ -119.442352, 34.901274 ], [ -119.472754, 34.901174 ], [ -119.472719, 35.076885 ], [ -119.560975, 35.087673 ], [ -119.553641, 35.179975 ], [ -119.667056, 35.174809 ], [ -119.666663, 35.262527 ], [ -119.809449, 35.263584 ], [ -119.809346, 35.350865 ], [ -119.880172, 35.351211 ], [ -119.880045, 35.439133 ], [ -119.997392, 35.439495 ], [ -119.997382, 35.468702 ], [ -120.086674, 35.526554 ], [ -120.085922, 35.614524 ], [ -120.193918, 35.614359 ], [ -120.193892, 35.726513 ], [ -120.193934, 35.749393 ], [ -120.194053, 35.749964 ], [ -120.194146, 35.789204 ], [ -119.538116, 35.789567 ], [ -119.534559, 35.789758 ], [ -119.214033, 35.790489 ], [ -118.270456, 35.790009 ], [ -118.008043, 35.789161 ], [ -117.632996, 35.797251 ], [ -117.651986, 35.709934 ], [ -117.616195, 35.680856 ], [ -117.630126, 35.564071 ], [ -117.632011, 34.82227 ], [ -117.667292, 34.822526 ] ] ] ] } },
{ "type": "Feature", "properties": { "county": "Kings", "fire_dens": 0.90979894655704008, "fourth_root_fire_dens": 0.67953082076209459, "log_fire_dens": -2.1857374662596518, "pop_dens": 0.17196605215827337, "fips_code": "031", "GEOID": "06031", "TOG": 178.935915972408, "ROG": 44.428987103352, "COT": 33.526480602324, "NOX": 13.62104690252, "SOX": 0.228425427, "PM": 41.037281534081998, "PM10": 20.680133173567999, "PM2_5": 4.9131278095019999, "elevation_variation": 0.00087117805755395684, "avg_elevation": 101.0, "avg_temperature_topten": 102.34, "avg_precipitation_topten": 4.967 }, "geometry": { "type": "MultiPolygon", "coordinates": [ [ [ [ -119.905119, 36.401741 ], [ -119.66629, 36.41896 ], [ -119.573194, 36.488835 ], [ -119.528792, 36.401465 ], [ -119.474892, 36.400953 ], [ -119.474607, 36.269025 ], [ -119.529358, 36.26985 ], [ -119.538116, 35.789567 ], [ -120.194146, 35.789204 ], [ -120.213979, 35.789276 ], [ -120.243275, 35.877669 ], [ -120.315068, 35.907186 ], [ -119.95921, 36.181403 ], [ -119.959227, 36.400975 ], [ -119.905119, 36.401741 ] ] ] ] } },
{ "type": "Feature", "properties": { "county": "Lake", "fire_dens": 0.80255572436068434, "fourth_root_fire_dens": 0.46546166219743784, "log_fire_dens": -4.042324930565254, "pop_dens": 0.084696691176470593, "fips_code": "033", "GEOID": "06033", "TOG": 101.78412505, "ROG": 88.02927014, "COT": 36.95058103, "NOX": 4.2341535, "SOX": 0.34031787, "PM": 8.69842897, "PM10": 5.58525706, "PM2_5": 2.15100085, "elevation_variation": 0.0026045806836248013, "avg_elevation": 550.0, "avg_temperature_topten": 94.14, "avg_precipitation_topten": 26.083 }, "geometry": { "type": "MultiPolygon", "coordinates": [ [ [ [ -122.627396, 38.667506 ], [ -122.821592, 38.85014 ], [ -122.948865, 38.90022 ], [ -122.98664, 38.997283 ], [ -123.028035, 38.996593 ], [ -123.093013, 39.071994 ], [ -123.077812, 39.173791 ], [ -122.994839, 39.235924 ], [ -123.075114, 39.407683 ], [ -123.063181, 39.503539 ], [ -122.89031, 39.529014 ], [ -122.885352, 39.580108 ], [ -122.735639, 39.580668 ], [ -122.739062, 39.383266 ], [ -122.78509, 39.382975 ], [ -122.775043, 39.311778 ], [ -122.680927, 39.238726 ], [ -122.476083, 39.172609 ], [ -122.492215, 39.054092 ], [ -122.340172, 38.924246 ], [ -122.395056, 38.864245 ], [ -122.46389, 38.705203 ], [ -122.627396, 38.667506 ] ] ] ] } },
{ "type": "Feature", "properties": { "county": "Lassen", "fire_dens": 0.33992943068681297, "fourth_root_fire_dens": 0.40783218692728335, "log_fire_dens": -4.4321962766449339, "pop_dens": 0.010251206669591926, "fips_code": "035", "GEOID": "06035", "TOG": 143.08830764000001, "ROG": 121.2934373081, "COT": 22.38052305, "NOX": 4.14656213632, "SOX": 0.22113029, "PM": 15.67764769, "PM10": 9.6354007496000005, "PM2_5": 2.3347690134, "elevation_variation": 0.00092899846423870119, "avg_elevation": 1572.0, "avg_temperature_topten": 89.05, "avg_precipitation_topten": 10.187 }, "geometry": { "type": "MultiPolygon", "coordinates": [ [ [ [ -120.001319, 39.72242 ], [ -120.001319, 39.722416 ], [ -120.147149, 39.707658 ], [ -120.110627, 39.765779 ], [ -120.108761, 39.93951 ], [ -120.201264, 40.013474 ], [ -120.209641, 40.086008 ], [ -120.341385, 40.115243 ], [ -120.445892, 40.176854 ], [ -120.510817, 40.248945 ], [ -120.652158, 40.307656 ], [ -120.764403, 40.31601 ], [ -120.928582, 40.191931 ], [ -121.061493, 40.256417 ], [ -121.061417, 40.446536 ], [ -121.327826, 40.445367 ], [ -121.319972, 40.905886 ], [ -121.331786, 41.183886 ], [ -119.999866, 41.183974 ], [ -119.999358, 40.873101 ], [ -119.999232, 40.867454 ], [ -119.999231, 40.865899 ], [ -119.995926, 40.499901 ], [ -119.996155, 40.321838 ], [ -119.996155, 40.32125 ], [ -119.996182, 40.263532 ], [ -119.996183, 40.262461 ], [ -119.997124, 40.126363 ], [ -119.997234, 40.091591 ], [ -119.997175, 40.077245 ], [ -119.997291, 40.071803 ], [ -120.000607, 39.780779 ], [ -120.000502, 39.779956 ], [ -120.001319, 39.72242 ] ] ] ] } },
{ "type": "Feature", "properties": { "county": "Los Angeles", "fire_dens": 0.11760703518193071, "fourth_root_fire_dens": 0.39302183756207093, "log_fire_dens": -4.2266704179461119, "pop_dens": 3.7412015086206898, "fips_code": "037", "GEOID": "06037", "TOG": 722.44423385274797, "ROG": 315.99517762966798, "COT": 1121.379360635852, "NOX": 242.39333421295999, "SOX": 12.2752883, "PM": 157.31646527602601, "PM10": 95.821842466487993, "PM2_5": 37.314056062227998, "elevation_variation": 0.0011541717980295566, "avg_elevation": 378.0, "avg_temperature_topten": 92.64, "avg_precipitation_topten": 12.26 }, "geometry": { "type": "MultiPolygon", "coordinates": [ [ [ [ -118.524531, 32.895488 ], [ -118.535823, 32.90628 ], [ -118.551134, 32.945155 ], [ -118.560887, 32.957891 ], [ -118.573522, 32.969183 ], [ -118.586928, 33.008281 ], [ -118.596037, 33.015357 ], [ -118.606559, 33.01469 ], [ -118.605534, 33.030999 ], [ -118.594033, 33.035951 ], [ -118.57516, 33.033961 ], [ -118.569013, 33.029151 ], [ -118.564445, 33.024914 ], [ -118.564527, 33.018637 ], [ -118.559171, 33.006291 ], [ -118.540069, 32.980933 ], [ -118.529228, 32.970921 ], [ -118.496811, 32.933847 ], [ -118.485288, 32.923545 ], [ -118.479039, 32.920363 ], [ -118.460623, 32.90951 ], [ -118.446771, 32.895424 ], [ -118.369984, 32.839273 ], [ -118.353504, 32.821962 ], [ -118.356541, 32.817311 ], [ -118.36053, 32.819921 ], [ -118.379968, 32.824545 ], [ -118.387375, 32.825327 ], [ -118.394565, 32.823978 ], [ -118.401268, 32.820338 ], [ -118.425634, 32.800595 ], [ -118.42943, 32.805429 ], [ -118.428372, 32.806872 ], [ -118.44492, 32.820593 ], [ -118.476074, 32.841754 ], [ -118.487908, 32.84459 ], [ -118.496298, 32.851572 ], [ -118.506902, 32.868503 ], [ -118.508095, 32.871321 ], [ -118.507193, 32.876264 ], [ -118.524641, 32.893175 ], [ -118.524531, 32.895488 ] ] ], [ [ [ -118.500212, 33.449592 ], [ -118.499669, 33.447879 ], [ -118.48557, 33.446213 ], [ -118.477646, 33.448392 ], [ -118.445812, 33.428907 ], [ -118.423576, 33.427258 ], [ -118.382037, 33.409883 ], [ -118.370323, 33.409285 ], [ -118.368301, 33.40711 ], [ -118.365094, 33.388374 ], [ -118.32446, 33.348782 ], [ -118.316083, 33.342928 ], [ -118.310213, 33.335795 ], [ -118.303174, 33.320264 ], [ -118.305084, 33.310323 ], [ -118.316787, 33.301137 ], [ -118.325244, 33.299075 ], [ -118.343249, 33.305234 ], [ -118.360332, 33.31533 ], [ -118.374768, 33.320065 ], [ -118.402941, 33.320901 ], [ -118.440047, 33.318638 ], [ -118.456309, 33.32182 ], [ -118.465368, 33.326056 ], [ -118.481886, 33.344123 ], [ -118.48877, 33.356649 ], [ -118.482609, 33.369914 ], [ -118.478465, 33.38632 ], [ -118.484949, 33.412131 ], [ -118.48875, 33.419826 ], [ -118.503952, 33.424234 ], [ -118.515914, 33.422417 ], [ -118.516267, 33.425075 ], [ -118.52323, 33.430733 ], [ -118.53738, 33.434608 ], [ -118.558715, 33.433419 ], [ -118.563442, 33.434381 ], [ -118.570927, 33.439351 ], [ -118.575901, 33.448261 ], [ -118.593969, 33.467198 ], [ -118.601185, 33.469853 ], [ -118.60403, 33.47654 ], [ -118.603375, 33.478098 ], [ -118.598783, 33.477939 ], [ -118.585936, 33.473819 ], [ -118.54453, 33.474119 ], [ -118.530702, 33.468071 ], [ -118.500212, 33.449592 ] ] ], [ [ [ -118.796692, 34.616559 ], [ -118.881364, 34.790629 ], [ -118.854253, 34.817772 ], [ -118.140074, 34.82078 ], [ -117.667292, 34.822526 ], [ -117.658798, 34.44058 ], [ -117.650459, 34.339025 ], [ -117.711067, 34.079536 ], [ -117.719481, 34.059731 ], [ -117.72601, 34.041128 ], [ -117.735846, 34.018554 ], [ -117.767752, 34.019429 ], [ -117.783287, 33.946411 ], [ -117.97653, 33.928034 ], [ -117.976498, 33.919171 ], [ -117.976571, 33.911205 ], [ -117.976692, 33.910614 ], [ -117.976588, 33.909757 ], [ -117.976586, 33.906225 ], [ -118.063268, 33.82422 ], [ -118.063162, 33.81961 ], [ -118.072597, 33.815115 ], [ -118.084597, 33.803216 ], [ -118.093008, 33.786289 ], [ -118.099107, 33.776518 ], [ -118.09197, 33.758472 ], [ -118.116703, 33.743549 ], [ -118.132698, 33.753217 ], [ -118.1569, 33.760317 ], [ -118.1755, 33.763617 ], [ -118.180831, 33.763072 ], [ -118.187701, 33.749218 ], [ -118.1837, 33.736118 ], [ -118.181367, 33.717367 ], [ -118.207476, 33.716905 ], [ -118.258687, 33.703741 ], [ -118.277208, 33.707091 ], [ -118.297104, 33.708319 ], [ -118.317205, 33.712818 ], [ -118.354705, 33.732317 ], [ -118.360505, 33.736817 ], [ -118.385006, 33.741417 ], [ -118.396606, 33.735917 ], [ -118.411211, 33.741985 ], [ -118.428407, 33.774715 ], [ -118.423407, 33.782015 ], [ -118.405007, 33.800215 ], [ -118.394376, 33.804289 ], [ -118.394307, 33.804315 ], [ -118.391507, 33.815415 ], [ -118.392107, 33.840915 ], [ -118.412708, 33.883913 ], [ -118.44241, 33.940312 ], [ -118.460611, 33.969111 ], [ -118.482729, 33.995912 ], [ -118.484212, 33.99771 ], [ -118.502813, 34.015509 ], [ -118.519514, 34.027509 ], [ -118.543115, 34.038508 ], [ -118.569235, 34.04164 ], [ -118.603572, 34.039048 ], [ -118.609652, 34.036424 ], [ -118.668358, 34.038887 ], [ -118.67543, 34.037479 ], [ -118.679366, 34.033255 ], [ -118.706215, 34.029383 ], [ -118.732391, 34.032743 ], [ -118.744952, 34.032103 ], [ -118.783433, 34.021543 ], [ -118.787094, 34.019545 ], [ -118.805114, 34.001239 ], [ -118.821579, 34.013959 ], [ -118.84038, 34.027527 ], [ -118.854653, 34.034215 ], [ -118.896159, 34.039207 ], [ -118.928048, 34.045847 ], [ -118.938081, 34.043383 ], [ -118.944887, 34.04534 ], [ -118.940965, 34.07483 ], [ -118.788889, 34.168214 ], [ -118.668152, 34.168195 ], [ -118.633473, 34.269626 ], [ -118.636789, 34.291804 ], [ -118.650859, 34.320484 ], [ -118.796692, 34.616559 ] ] ] ] } },
{ "type": "Feature", "properties": { "county": "Madera", "fire_dens": 0.2158675388381234, "fourth_root_fire_dens": 0.38966930162598451, "log_fire_dens": -4.263415865369911, "pop_dens": 0.11711880261927035, "fips_code": "039", "GEOID": "06039", "TOG": 195.95175234798398, "ROG": 147.973320450758, "COT": 32.986737898872001, "NOX": 13.66026149112, "SOX": 0.49208786, "PM": 32.966678751971997, "PM10": 17.567011077669999, "PM2_5": 4.4341747662040003, "elevation_variation": 0.0028377864826941066, "avg_elevation": 931.0, "avg_temperature_topten": 94.46, "avg_precipitation_topten": 13.612 }, "geometry": { "type": "MultiPolygon", "coordinates": [ [ [ [ -119.733852, 36.948558 ], [ -119.823421, 36.848333 ], [ -119.932551, 36.84299 ], [ -120.013334, 36.828228 ], [ -120.027775, 36.814505 ], [ -120.079458, 36.825345 ], [ -120.132898, 36.809841 ], [ -120.229179, 36.769687 ], [ -120.422187, 36.840139 ], [ -120.541696, 37.044505 ], [ -120.400758, 37.117764 ], [ -120.052055, 37.183108 ], [ -119.761809, 37.417114 ], [ -119.651191, 37.417832 ], [ -119.651172, 37.461351 ], [ -119.58422, 37.494696 ], [ -119.583585, 37.560335 ], [ -119.308995, 37.777986 ], [ -119.293382, 37.767929 ], [ -119.288381, 37.74503 ], [ -119.268979, 37.73923 ], [ -119.124312, 37.733944 ], [ -119.022363, 37.585737 ], [ -119.286658, 37.374943 ], [ -119.335189, 37.310774 ], [ -119.330573, 37.205791 ], [ -119.361916, 37.167849 ], [ -119.43306, 37.161516 ], [ -119.470844, 37.110548 ], [ -119.559412, 37.143619 ], [ -119.537677, 37.104019 ], [ -119.733852, 36.948558 ] ] ] ] } },
{ "type": "Feature", "properties": { "county": "Marin", "fire_dens": 0.16436298076923078, "fourth_root_fire_dens": 0.42639113577277887, "log_fire_dens": -3.7818374597574236, "pop_dens": 0.76928485576923078, "fips_code": "041", "GEOID": "06041", "TOG": 45.73821346695, "ROG": 19.989919391503999, "COT": 38.299424348004003, "NOX": 8.7930500242399994, "SOX": 0.2637647, "PM": 6.7310391754180001, "PM10": 3.7663427935040001, "PM2_5": 1.4380405783720001, "elevation_variation": 0.0023197115384615383, "avg_elevation": 69.0, "avg_temperature_topten": 77.3, "avg_precipitation_topten": 20.967 }, "geometry": { "type": "MultiPolygon", "coordinates": [ [ [ [ -122.490727, 38.109755 ], [ -122.491283, 38.108087 ], [ -122.489974, 38.096961 ], [ -122.486702, 38.090088 ], [ -122.483757, 38.071762 ], [ -122.492265, 38.056381 ], [ -122.499465, 38.032165 ], [ -122.497828, 38.019402 ], [ -122.494556, 38.015148 ], [ -122.481466, 38.007621 ], [ -122.462812, 38.003367 ], [ -122.452995, 37.996167 ], [ -122.448413, 37.988313 ], [ -122.448413, 37.984713 ], [ -122.456595, 37.978823 ], [ -122.462485, 37.981441 ], [ -122.471975, 37.981768 ], [ -122.488665, 37.966714 ], [ -122.490302, 37.964751 ], [ -122.490302, 37.959188 ], [ -122.487684, 37.948716 ], [ -122.480484, 37.945443 ], [ -122.479175, 37.941516 ], [ -122.48572, 37.937589 ], [ -122.499465, 37.939225 ], [ -122.503064, 37.936607 ], [ -122.503064, 37.928753 ], [ -122.493574, 37.921881 ], [ -122.486375, 37.921881 ], [ -122.478193, 37.918608 ], [ -122.471975, 37.910427 ], [ -122.472303, 37.902573 ], [ -122.458558, 37.894064 ], [ -122.448413, 37.89341 ], [ -122.43925, 37.88392 ], [ -122.438268, 37.880974 ], [ -122.45005, 37.871157 ], [ -122.462158, 37.868866 ], [ -122.474266, 37.874429 ], [ -122.480811, 37.873448 ], [ -122.483429, 37.868866 ], [ -122.483102, 37.863957 ], [ -122.476536, 37.832812 ], [ -122.476473, 37.832513 ], [ -122.479151, 37.825428 ], [ -122.47986, 37.825641 ], [ -122.483483, 37.826728 ], [ -122.492474, 37.82484 ], [ -122.505383, 37.822128 ], [ -122.522836, 37.824717 ], [ -122.523585, 37.824828 ], [ -122.537285, 37.830328 ], [ -122.548986, 37.836227 ], [ -122.561487, 37.851827 ], [ -122.584289, 37.859227 ], [ -122.60129, 37.875126 ], [ -122.627113, 37.88608 ], [ -122.639977, 37.897349 ], [ -122.656519, 37.904519 ], [ -122.678474, 37.906604 ], [ -122.682171, 37.90645 ], [ -122.693569, 37.901171 ], [ -122.70264, 37.89382 ], [ -122.727297, 37.904626 ], [ -122.732898, 37.920225 ], [ -122.736898, 37.925825 ], [ -122.754606, 37.935527 ], [ -122.766138, 37.938004 ], [ -122.783244, 37.951334 ], [ -122.791739, 37.969422 ], [ -122.797405, 37.976657 ], [ -122.821383, 37.996735 ], [ -122.856573, 38.016717 ], [ -122.882114, 38.025273 ], [ -122.939711, 38.031908 ], [ -122.956811, 38.02872 ], [ -122.972378, 38.020247 ], [ -122.981776, 38.009119 ], [ -122.982386, 38.004274 ], [ -122.980147, 38.000831 ], [ -122.976764, 37.99568 ], [ -122.97439, 37.992429 ], [ -123.024066, 37.994878 ], [ -123.020562, 37.999544 ], [ -123.016303, 38.001691 ], [ -123.011533, 38.003438 ], [ -122.99242, 38.041758 ], [ -122.960889, 38.112962 ], [ -122.952086, 38.138562 ], [ -122.949074, 38.15406 ], [ -122.949626, 38.164041 ], [ -122.953629, 38.17567 ], [ -122.965408, 38.187113 ], [ -122.96637, 38.198514 ], [ -122.968112, 38.202428 ], [ -122.991953, 38.233185 ], [ -122.993959, 38.237602 ], [ -122.993235, 38.239686 ], [ -122.987149, 38.237538 ], [ -122.968569, 38.242879 ], [ -122.967203, 38.250691 ], [ -122.977082, 38.267902 ], [ -122.986319, 38.273164 ], [ -122.994603, 38.283096 ], [ -122.997106, 38.289458 ], [ -123.002911, 38.295708 ], [ -122.901726, 38.316943 ], [ -122.7399, 38.207018 ], [ -122.648986, 38.181077 ], [ -122.565093, 38.182217 ], [ -122.490727, 38.109755 ] ] ] ] } },
{ "type": "Feature", "properties": { "county": "Mariposa", "fire_dens": 0.78432063571622501, "fourth_root_fire_dens": 0.55781817042880388, "log_fire_dens": -3.1315689646753984, "pop_dens": 0.018327877325982081, "fips_code": "043", "GEOID": "06043", "TOG": 151.16642554000001, "ROG": 136.10387816810001, "COT": 7.94822186, "NOX": 0.88572812063999995, "SOX": 0.01976205, "PM": 3.07347098, "PM10": 1.91420272, "PM2_5": 0.53834631, "elevation_variation": 0.0037441850447966921, "avg_elevation": 1036.0, "avg_temperature_topten": 93.95, "avg_precipitation_topten": 19.311 }, "geometry": { "type": "MultiPolygon", "coordinates": [ [ [ [ -120.38767, 37.633364 ], [ -120.387329, 37.633499 ], [ -120.387613, 37.633704 ], [ -120.391931, 37.683559 ], [ -120.325943, 37.648966 ], [ -120.345437, 37.724787 ], [ -120.127226, 37.781566 ], [ -120.079508, 37.828808 ], [ -119.907013, 37.757926 ], [ -119.809409, 37.755025 ], [ -119.667203, 37.801224 ], [ -119.646203, 37.846823 ], [ -119.535699, 37.904122 ], [ -119.308995, 37.777986 ], [ -119.583585, 37.560335 ], [ -119.58422, 37.494696 ], [ -119.651172, 37.461351 ], [ -119.651191, 37.417832 ], [ -119.761809, 37.417114 ], [ -120.052055, 37.183108 ], [ -120.143826, 37.239192 ], [ -120.26601, 37.400607 ], [ -120.38767, 37.633364 ] ] ] ] } },
{ "type": "Feature", "properties": { "county": "Mendocino", "fire_dens": 0.51490259422790896, "fourth_root_fire_dens": 0.36914861168251062, "log_fire_dens": -4.9527290999512896, "pop_dens": 0.039978893559418638, "fips_code": "045", "GEOID": "06045", "TOG": 202.28787404025002, "ROG": 174.354366179186, "COT": 66.141494439407992, "NOX": 12.90719723904, "SOX": 0.84915589, "PM": 14.76221654, "PM10": 10.074292079599999, "PM2_5": 5.0644263034000003, "elevation_variation": 0.00099788045027073241, "avg_elevation": 486.0, "avg_temperature_topten": 88.38, "avg_precipitation_topten": 27.424 }, "geometry": { "type": "MultiPolygon", "coordinates": [ [ [ [ -122.821592, 38.85014 ], [ -123.080997, 38.852438 ], [ -123.136253, 38.809136 ], [ -123.26871, 38.808369 ], [ -123.533535, 38.768408 ], [ -123.541837, 38.776764 ], [ -123.571987, 38.798189 ], [ -123.579856, 38.802835 ], [ -123.58638, 38.802857 ], [ -123.600221, 38.814115 ], [ -123.601569, 38.81899 ], [ -123.605317, 38.822765 ], [ -123.638637, 38.843865 ], [ -123.642676, 38.844005 ], [ -123.647387, 38.845472 ], [ -123.652212, 38.854582 ], [ -123.654696, 38.865638 ], [ -123.659846, 38.872529 ], [ -123.688099, 38.893594 ], [ -123.71054, 38.91323 ], [ -123.725367, 38.917438 ], [ -123.72763, 38.9295 ], [ -123.726315, 38.936367 ], [ -123.738886, 38.95412 ], [ -123.732892, 38.954994 ], [ -123.729053, 38.956667 ], [ -123.721347, 38.963879 ], [ -123.711149, 38.977316 ], [ -123.6969, 39.004401 ], [ -123.69074, 39.021293 ], [ -123.690095, 39.031157 ], [ -123.693969, 39.057363 ], [ -123.713392, 39.108422 ], [ -123.721505, 39.125327 ], [ -123.735936, 39.139644 ], [ -123.737913, 39.143442 ], [ -123.742221, 39.164885 ], [ -123.76101, 39.191595 ], [ -123.765891, 39.193657 ], [ -123.774998, 39.212083 ], [ -123.777368, 39.237214 ], [ -123.787893, 39.264327 ], [ -123.798991, 39.271355 ], [ -123.803848, 39.278771 ], [ -123.801757, 39.28353 ], [ -123.803081, 39.291747 ], [ -123.811387, 39.312825 ], [ -123.808772, 39.324368 ], [ -123.817369, 39.3388 ], [ -123.822085, 39.343857 ], [ -123.825331, 39.360814 ], [ -123.826306, 39.36871 ], [ -123.822325, 39.379987 ], [ -123.821887, 39.406809 ], [ -123.81469, 39.446538 ], [ -123.795639, 39.492215 ], [ -123.78417, 39.509419 ], [ -123.778521, 39.521478 ], [ -123.766475, 39.552803 ], [ -123.76721, 39.559852 ], [ -123.787417, 39.604552 ], [ -123.78354, 39.609517 ], [ -123.782322, 39.621486 ], [ -123.78636, 39.659932 ], [ -123.792659, 39.684122 ], [ -123.808208, 39.710715 ], [ -123.824744, 39.718128 ], [ -123.829545, 39.723071 ], [ -123.831599, 39.730629 ], [ -123.835092, 39.738768 ], [ -123.838089, 39.752409 ], [ -123.83715, 39.776232 ], [ -123.839797, 39.795637 ], [ -123.851714, 39.832041 ], [ -123.853764, 39.8341 ], [ -123.881458, 39.845422 ], [ -123.907664, 39.863028 ], [ -123.915142, 39.875313 ], [ -123.915853, 39.881114 ], [ -123.930047, 39.909697 ], [ -123.954952, 39.922373 ], [ -123.962655, 39.937635 ], [ -123.980031, 39.962458 ], [ -123.99586, 39.973045 ], [ -124.023938, 40.001284 ], [ -123.544458, 40.001923 ], [ -123.544563, 39.977015 ], [ -122.934013, 39.978131 ], [ -122.937654, 39.798156 ], [ -122.892676, 39.708898 ], [ -122.885352, 39.580108 ], [ -122.89031, 39.529014 ], [ -123.063181, 39.503539 ], [ -123.075114, 39.407683 ], [ -122.994839, 39.235924 ], [ -123.077812, 39.173791 ], [ -123.093013, 39.071994 ], [ -123.028035, 38.996593 ], [ -122.98664, 38.997283 ], [ -122.948865, 38.90022 ], [ -122.821592, 38.85014 ] ] ] ] } },
{ "type": "Feature", "properties": { "county": "Merced", "fire_dens": 0.056495933002542645, "fourth_root_fire_dens": 0.39858046847267992, "log_fire_dens": -3.9872867240492158, "pop_dens": 0.23491284344219804, "fips_code": "047", "GEOID": "06047", "TOG": 222.113673452282, "ROG": 63.385601759945999, "COT": 43.990855287115998, "NOX": 23.184751515599999, "SOX": 0.325542237, "PM": 57.020022516848002, "PM10": 28.893112959462002, "PM2_5": 5.8374793535620002, "elevation_variation": 0.0009055857957490928, "avg_elevation": 152.0, "avg_temperature_topten": 98.67, "avg_precipitation_topten": 6.493 }, "geometry": { "type": "MultiPolygon", "coordinates": [ [ [ [ -120.931374, 37.421753 ], [ -120.38767, 37.633364 ], [ -120.26601, 37.400607 ], [ -120.143826, 37.239192 ], [ -120.052055, 37.183108 ], [ -120.400758, 37.117764 ], [ -120.541696, 37.044505 ], [ -120.590566, 36.952641 ], [ -120.65595, 36.952832 ], [ -120.918731, 36.740381 ], [ -121.141523, 36.836656 ], [ -121.215406, 36.961248 ], [ -121.226804, 37.134774 ], [ -120.964223, 37.345782 ], [ -120.931374, 37.421753 ] ] ] ] } },
{ "type": "Feature", "properties": { "county": "Modoc", "fire_dens": 0.14968093293683379, "fourth_root_fire_dens": 0.42356045976449663, "log_fire_dens": -4.0875367836088126, "pop_dens": 0.0033718147819472616, "fips_code": "049", "GEOID": "06049", "TOG": 136.2506877, "ROG": 112.28695891, "COT": 13.83792866, "NOX": 2.14082616, "SOX": 0.06867212, "PM": 17.9186437, "PM10": 10.45745761, "PM2_5": 1.93697552, "elevation_variation": 0.00078640022819472617, "avg_elevation": 1537.0, "avg_temperature_topten": 88.854545454545459, "avg_precipitation_topten": 7.182 }, "geometry": { "type": "MultiPolygon", "coordinates": [ [ [ [ -121.44754, 41.997169 ], [ -121.43961, 41.99708 ], [ -121.434977, 41.997022 ], [ -121.376101, 41.997026 ], [ -121.360253, 41.99668 ], [ -121.340517, 41.99622 ], [ -121.335734, 41.996518 ], [ -121.334385, 41.996655 ], [ -121.154347, 41.996352 ], [ -121.035195, 41.993323 ], [ -120.879481, 41.993781 ], [ -120.693941, 41.993676 ], [ -120.692219, 41.993677 ], [ -120.326005, 41.993122 ], [ -120.286424, 41.993058 ], [ -119.999168, 41.99454 ], [ -119.999866, 41.183974 ], [ -121.331786, 41.183886 ], [ -121.446495, 41.183484 ], [ -121.44754, 41.997169 ] ] ] ] } },
{ "type": "Feature", "properties": { "county": "Mono", "fire_dens": 0.16120339191852825, "fourth_root_fire_dens": 0.5439782843687937, "log_fire_dens": -2.7223988519090541, "pop_dens": 0.0066616704993429695, "fips_code": "051", "GEOID": "06051", "TOG": 49.192431175599999, "ROG": 43.274914526876003, "COT": 11.197014116336, "NOX": 1.3959956206399999, "SOX": 0.05262227, "PM": 16.97669452, "PM10": 14.0784268, "PM2_5": 1.65686272, "elevation_variation": 0.0019192468791064388, "avg_elevation": 2175.0, "avg_temperature_topten": 83.52, "avg_precipitation_topten": 9.215 }, "geometry": { "type": "MultiPolygon", "coordinates": [ [ [ [ -119.156863, 38.414743 ], [ -119.125982, 38.39317 ], [ -118.746598, 38.124926 ], [ -118.428581, 37.895613 ], [ -118.039798, 37.615273 ], [ -118.039849, 37.615245 ], [ -117.832726, 37.464929 ], [ -118.775014, 37.463052 ], [ -119.022363, 37.585737 ], [ -119.124312, 37.733944 ], [ -119.268979, 37.73923 ], [ -119.20128, 37.804329 ], [ -119.200283, 37.885827 ], [ -119.308389, 37.946824 ], [ -119.30459, 38.023891 ], [ -119.345922, 38.083113 ], [ -119.632671, 38.198858 ], [ -119.639205, 38.32688 ], [ -119.542862, 38.499694 ], [ -119.619066, 38.603529 ], [ -119.585437, 38.713212 ], [ -119.494183, 38.649852 ], [ -119.494022, 38.649734 ], [ -119.450612, 38.619964 ], [ -119.450623, 38.619965 ], [ -119.328498, 38.534648 ], [ -119.156863, 38.414743 ] ] ] ] } },
{ "type": "Feature", "properties": { "county": "Monterey", "fire_dens": 0.17110195790344998, "fourth_root_fire_dens": 0.34691559709038139, "log_fire_dens": -4.8132571040620364, "pop_dens": 0.20359440848886212, "fips_code": "053", "GEOID": "06053", "TOG": 257.729491492752, "ROG": 98.586824253792003, "COT": 87.689446171819995, "NOX": 41.57737199, "SOX": 1.53666002, "PM": 57.30162295, "PM10": 29.34939545, "PM2_5": 7.54348905, "elevation_variation": 0.00079583082480433472, "avg_elevation": 282.0, "avg_temperature_topten": 90.108333333333334, "avg_precipitation_topten": 12.978 }, "geometry": { "type": "MultiPolygon", "coordinates": [ [ [ [ -120.213979, 35.789276 ], [ -121.175695, 35.794102 ], [ -121.346363, 35.795183 ], [ -121.356737, 35.804187 ], [ -121.388053, 35.823483 ], [ -121.406823, 35.844623 ], [ -121.413146, 35.855316 ], [ -121.426955, 35.860103 ], [ -121.439584, 35.86695 ], [ -121.462264, 35.885618 ], [ -121.461227, 35.896906 ], [ -121.463452, 35.904416 ], [ -121.472435, 35.91989 ], [ -121.4862, 35.970348 ], [ -121.503112, 36.000299 ], [ -121.51159, 36.006598 ], [ -121.531876, 36.014368 ], [ -121.553716, 36.019798 ], [ -121.569612, 36.021539 ], [ -121.574602, 36.025156 ], [ -121.590395, 36.050363 ], [ -121.589183, 36.053775 ], [ -121.592853, 36.065062 ], [ -121.606845, 36.072065 ], [ -121.618672, 36.087767 ], [ -121.622009, 36.099695 ], [ -121.629634, 36.114452 ], [ -121.680145, 36.165818 ], [ -121.717176, 36.195146 ], [ -121.779851, 36.227407 ], [ -121.797059, 36.234211 ], [ -121.806979, 36.232907 ], [ -121.813734, 36.234235 ], [ -121.826425, 36.24186 ], [ -121.835785, 36.250748 ], [ -121.83935, 36.260478 ], [ -121.851967, 36.277831 ], [ -121.874797, 36.289064 ], [ -121.888491, 36.30281 ], [ -121.894714, 36.317806 ], [ -121.892917, 36.340428 ], [ -121.905446, 36.358269 ], [ -121.902669, 36.363901 ], [ -121.901813, 36.381879 ], [ -121.903195, 36.393603 ], [ -121.905657, 36.398206 ], [ -121.914378, 36.404344 ], [ -121.917463, 36.414809 ], [ -121.91474, 36.42589 ], [ -121.9255, 36.453918 ], [ -121.937205, 36.472488 ], [ -121.9416, 36.485602 ], [ -121.939216, 36.496896 ], [ -121.938763, 36.506423 ], [ -121.943678, 36.511802 ], [ -121.944666, 36.521861 ], [ -121.928769, 36.523147 ], [ -121.925937, 36.525173 ], [ -121.932508, 36.559935 ], [ -121.942533, 36.566435 ], [ -121.949659, 36.567602 ], [ -121.95146, 36.564009 ], [ -121.957335, 36.564482 ], [ -121.972594, 36.57337 ], [ -121.978592, 36.580488 ], [ -121.970427, 36.582754 ], [ -121.941666, 36.618059 ], [ -121.938551, 36.633908 ], [ -121.93643, 36.636746 ], [ -121.929666, 36.636959 ], [ -121.923866, 36.634559 ], [ -121.890164, 36.609259 ], [ -121.889064, 36.601759 ], [ -121.886764, 36.601459 ], [ -121.871364, 36.604559 ], [ -121.860604, 36.611136 ], [ -121.842263, 36.630059 ], [ -121.831995, 36.644856 ], [ -121.825052, 36.657207 ], [ -121.814462, 36.682858 ], [ -121.807062, 36.714157 ], [ -121.805643, 36.750239 ], [ -121.788278, 36.803994 ], [ -121.791544, 36.815186 ], [ -121.809363, 36.848654 ], [ -121.810552, 36.850648 ], [ -121.745288, 36.909341 ], [ -121.644001, 36.893996 ], [ -121.597698, 36.83735 ], [ -121.45134, 36.724793 ], [ -121.468086, 36.685518 ], [ -121.350092, 36.648357 ], [ -121.318373, 36.610026 ], [ -121.311788, 36.502736 ], [ -121.244091, 36.506911 ], [ -121.193465, 36.445751 ], [ -121.040797, 36.323969 ], [ -121.02724, 36.259893 ], [ -120.920551, 36.311012 ], [ -120.86508, 36.292578 ], [ -120.761483, 36.20358 ], [ -120.718169, 36.196848 ], [ -120.75834, 36.308604 ], [ -120.678582, 36.267319 ], [ -120.62691, 36.203227 ], [ -120.648784, 36.10799 ], [ -120.315068, 35.907186 ], [ -120.243275, 35.877669 ], [ -120.213979, 35.789276 ] ] ] ] } },
{ "type": "Feature", "properties": { "county": "Napa", "fire_dens": 1.2193002529651331, "fourth_root_fire_dens": 0.66034610955670481, "log_fire_dens": -2.6193777899812658, "pop_dens": 0.27830736074270557, "fips_code": "055", "GEOID": "06055", "TOG": 82.798424465224002, "ROG": 72.523423342683998, "COT": 24.303685164760001, "NOX": 4.99206516952, "SOX": 0.04205417, "PM": 6.1134878705600002, "PM10": 3.3662855887399998, "PM2_5": 1.1571861205380001, "elevation_variation": 0.0029820125994694962, "avg_elevation": 232.0, "avg_temperature_topten": 93.25, "avg_precipitation_topten": 19.177 }, "geometry": { "type": "MultiPolygon", "coordinates": [ [ [ [ -122.103281, 38.513348 ], [ -122.088835, 38.384151 ], [ -122.064779, 38.315912 ], [ -122.205982, 38.315713 ], [ -122.19538, 38.155017 ], [ -122.406786, 38.155632 ], [ -122.378987, 38.250714 ], [ -122.543893, 38.519966 ], [ -122.646268, 38.59912 ], [ -122.627396, 38.667506 ], [ -122.46389, 38.705203 ], [ -122.395056, 38.864245 ], [ -122.287999, 38.839932 ], [ -122.164944, 38.642462 ], [ -122.168349, 38.619297 ], [ -122.151772, 38.625297 ], [ -122.128123, 38.583697 ], [ -122.111563, 38.524051 ], [ -122.103281, 38.513348 ] ] ] ] } },
{ "type": "Feature", "properties": { "county": "Nevada", "fire_dens": 0.049794414278260334, "fourth_root_fire_dens": 0.36560269219011038, "log_fire_dens": -4.4184892765639638, "pop_dens": 0.16684009655532359, "fips_code": "057", "GEOID": "06057", "TOG": 140.5361074, "ROG": 125.18182852770799, "COT": 29.078719756904, "NOX": 5.7013056311200003, "SOX": 0.3716593, "PM": 13.72678078, "PM10": 7.7660324196000001, "PM2_5": 1.9256531134, "elevation_variation": 0.0048391831941544889, "avg_elevation": 1188.0, "avg_temperature_topten": 89.054545454545462, "avg_precipitation_topten": 28.135 }, "geometry": { "type": "MultiPolygon", "coordinates": [ [ [ [ -121.279533, 39.034618 ], [ -121.266911, 39.271609 ], [ -121.127481, 39.380237 ], [ -121.022085, 39.391558 ], [ -120.755729, 39.452663 ], [ -120.654332, 39.526889 ], [ -120.575059, 39.52228 ], [ -120.505445, 39.446117 ], [ -120.003117, 39.445045 ], [ -120.005318, 39.316479 ], [ -120.645795, 39.315155 ], [ -120.691606, 39.303981 ], [ -120.857909, 39.206235 ], [ -120.986348, 39.102234 ], [ -121.068788, 39.005177 ], [ -121.137397, 39.037858 ], [ -121.279533, 39.034618 ] ] ] ] } },
{ "type": "Feature", "properties": { "county": "Orange", "fire_dens": 0.77173435302391002, "fourth_root_fire_dens": 0.69704560049238828, "log_fire_dens": -2.0318589144537089, "pop_dens": 5.1938027426160334, "fips_code": "059", "GEOID": "06059", "TOG": 334.65523699637197, "ROG": 88.351902175980001, "COT": 355.64664027105198, "NOX": 59.9985013748, "SOX": 1.1237496, "PM": 42.436579757091998, "PM10": 26.303839632590002, "PM2_5": 10.115133782921999, "elevation_variation": 0.0028481012658227848, "avg_elevation": 112.0, "avg_temperature_topten": 88.64, "avg_precipitation_topten": 10.539 }, "geometry": { "type": "MultiPolygon", "coordinates": [ [ [ [ -118.093008, 33.786289 ], [ -118.084597, 33.803216 ], [ -118.072597, 33.815115 ], [ -118.063162, 33.81961 ], [ -118.063268, 33.82422 ], [ -117.976586, 33.906225 ], [ -117.976588, 33.909757 ], [ -117.976692, 33.910614 ], [ -117.976571, 33.911205 ], [ -117.976498, 33.919171 ], [ -117.97653, 33.928034 ], [ -117.783287, 33.946411 ], [ -117.680289, 33.877412 ], [ -117.673749, 33.870831 ], [ -117.533999, 33.710355 ], [ -117.474573, 33.703811 ], [ -117.459817, 33.691714 ], [ -117.412987, 33.659045 ], [ -117.509722, 33.505019 ], [ -117.59588, 33.386629 ], [ -117.607905, 33.406317 ], [ -117.631682, 33.430528 ], [ -117.645582, 33.440728 ], [ -117.645592, 33.440733 ], [ -117.684584, 33.461927 ], [ -117.689284, 33.460155 ], [ -117.691984, 33.456627 ], [ -117.691384, 33.454028 ], [ -117.715349, 33.460556 ], [ -117.726486, 33.483427 ], [ -117.761387, 33.516326 ], [ -117.784888, 33.541525 ], [ -117.801288, 33.546324 ], [ -117.814188, 33.552224 ], [ -117.840289, 33.573523 ], [ -117.87679, 33.592322 ], [ -117.89979, 33.599622 ], [ -117.927091, 33.605521 ], [ -117.940591, 33.620021 ], [ -117.957114, 33.629466 ], [ -118.000593, 33.654319 ], [ -118.029694, 33.676418 ], [ -118.064895, 33.711018 ], [ -118.088896, 33.729817 ], [ -118.101097, 33.734117 ], [ -118.116703, 33.743549 ], [ -118.09197, 33.758472 ], [ -118.099107, 33.776518 ], [ -118.093008, 33.786289 ] ] ] ] } },
{ "type": "Feature", "properties": { "county": "Placer", "fire_dens": 0.3470529981894156, "fourth_root_fire_dens": 0.46399824647983806, "log_fire_dens": -3.7481821023941202, "pop_dens": 0.46394367448471924, "fips_code": "061", "GEOID": "06061", "TOG": 184.31421801820801, "ROG": 138.990619556658, "COT": 62.048689525796, "NOX": 14.893792191359999, "SOX": 0.30367855, "PM": 29.954180533534, "PM10": 16.717285019032001, "PM2_5": 4.7845295430160002, "elevation_variation": 0.0033237828713574983, "avg_elevation": 1074.0, "avg_temperature_topten": 90.418181818181822, "avg_precipitation_topten": 26.047 }, "geometry": { "type": "MultiPolygon", "coordinates": [ [ [ [ -120.005318, 39.316479 ], [ -120.00532, 39.31635 ], [ -120.005413, 39.313848 ], [ -120.005414, 39.313345 ], [ -120.005743, 39.228664 ], [ -120.005746, 39.22521 ], [ -120.004504, 39.165599 ], [ -120.003402, 39.112687 ], [ -120.002461, 39.067489 ], [ -120.143663, 39.067285 ], [ -120.184098, 39.031014 ], [ -120.43524, 39.028397 ], [ -120.470985, 38.965507 ], [ -120.556321, 38.915164 ], [ -120.642458, 38.944404 ], [ -120.746395, 39.010352 ], [ -121.040406, 38.915651 ], [ -121.141009, 38.71198 ], [ -121.151857, 38.711502 ], [ -121.188571, 38.714308 ], [ -121.242795, 38.718241 ], [ -121.484396, 38.734598 ], [ -121.469356, 38.925992 ], [ -121.414885, 38.996429 ], [ -121.279533, 39.034618 ], [ -121.137397, 39.037858 ], [ -121.068788, 39.005177 ], [ -120.986348, 39.102234 ], [ -120.857909, 39.206235 ], [ -120.691606, 39.303981 ], [ -120.645795, 39.315155 ], [ -120.005318, 39.316479 ] ] ] ] } },
{ "type": "Feature", "properties": { "county": "Plumas", "fire_dens": 1.4600593416309338, "fourth_root_fire_dens": 0.67529434101508867, "log_fire_dens": -2.6106770652663118, "pop_dens": 0.011838659945184024, "fips_code": "063", "GEOID": "06063", "TOG": 132.33845133, "ROG": 112.31532655810001, "COT": 57.331580126399999, "NOX": 4.4596235964000002, "SOX": 0.3741787, "PM": 17.05876405, "PM10": 11.12280176, "PM2_5": 3.67314124, "elevation_variation": 0.0018133320281910729, "avg_elevation": 1560.0, "avg_temperature_topten": 86.91, "avg_precipitation_topten": 23.297 }, "geometry": { "type": "MultiPolygon", "coordinates": [ [ [ [ -121.076695, 39.597264 ], [ -121.360516, 39.84074 ], [ -121.430012, 39.914833 ], [ -121.366818, 40.086054 ], [ -121.436886, 40.151905 ], [ -121.368395, 40.21223 ], [ -121.345571, 40.312667 ], [ -121.470395, 40.350213 ], [ -121.497635, 40.445591 ], [ -121.327826, 40.445367 ], [ -121.061417, 40.446536 ], [ -121.061493, 40.256417 ], [ -120.928582, 40.191931 ], [ -120.764403, 40.31601 ], [ -120.652158, 40.307656 ], [ -120.510817, 40.248945 ], [ -120.445892, 40.176854 ], [ -120.341385, 40.115243 ], [ -120.209641, 40.086008 ], [ -120.201264, 40.013474 ], [ -120.108761, 39.93951 ], [ -120.110627, 39.765779 ], [ -120.147149, 39.707658 ], [ -120.792484, 39.709794 ], [ -120.873618, 39.775875 ], [ -121.009477, 39.639459 ], [ -121.050922, 39.613801 ], [ -121.05267, 39.612334 ], [ -121.076695, 39.597264 ] ] ] ] } },
{ "type": "Feature", "properties": { "county": "Riverside", "fire_dens": 0.019194437869045764, "fourth_root_fire_dens": 0.22860198985973565, "log_fire_dens": -6.364406889920911, "pop_dens": 0.53627523238068808, "fips_code": "065", "GEOID": "06065", "TOG": 312.987325060964, "ROG": 130.28149756596, "COT": 248.85896081976, "NOX": 73.432008555760007, "SOX": 0.80925937, "PM": 116.167420152212, "PM10": 62.060454422215997, "PM2_5": 14.063530470444, "elevation_variation": 0.00073074188401775801, "avg_elevation": 538.0, "avg_temperature_topten": 103.34, "avg_precipitation_topten": 6.103 }, "geometry": { "type": "MultiPolygon", "coordinates": [ [ [ [ -117.284475, 34.019015 ], [ -117.225372, 34.004314 ], [ -116.929357, 34.004914 ], [ -116.929558, 34.034113 ], [ -116.457775, 34.032881 ], [ -115.316212, 34.03411 ], [ -115.316065, 34.077843 ], [ -114.435429, 34.079727 ], [ -114.434949, 34.037784 ], [ -114.438266, 34.022609 ], [ -114.46361, 33.993431 ], [ -114.499883, 33.961789 ], [ -114.518434, 33.917518 ], [ -114.525539, 33.838614 ], [ -114.523365, 33.80612 ], [ -114.50434, 33.756381 ], [ -114.494197, 33.707922 ], [ -114.496489, 33.696901 ], [ -114.519113, 33.688473 ], [ -114.523959, 33.685879 ], [ -114.530348, 33.679245 ], [ -114.540617, 33.591412 ], [ -114.5403, 33.580615 ], [ -114.535965, 33.569154 ], [ -114.535664, 33.568788 ], [ -114.558898, 33.531819 ], [ -114.594534, 33.495059 ], [ -114.622918, 33.456561 ], [ -114.627125, 33.433554 ], [ -115.467506, 33.426992 ], [ -116.085165, 33.425932 ], [ -116.197591, 33.428893 ], [ -116.617687, 33.427354 ], [ -117.079721, 33.43033 ], [ -117.241271, 33.431993 ], [ -117.370925, 33.490549 ], [ -117.509722, 33.505019 ], [ -117.412987, 33.659045 ], [ -117.459817, 33.691714 ], [ -117.474573, 33.703811 ], [ -117.533999, 33.710355 ], [ -117.673749, 33.870831 ], [ -117.600066, 33.975316 ], [ -117.558312, 34.033451 ], [ -117.336161, 34.019378 ], [ -117.284475, 34.019015 ] ] ] ] } },
{ "type": "Feature", "properties": { "county": "Sacramento", "fire_dens": 0.078370448781844126, "fourth_root_fire_dens": 0.38947631927442999, "log_fire_dens": -4.0973208208477372, "pop_dens": 2.562385157867495, "fips_code": "067", "GEOID": "06067", "TOG": 226.60869606, "ROG": 62.46992164, "COT": 207.92458628, "NOX": 35.41912785, "SOX": 0.85196107, "PM": 57.57176056, "PM10": 32.29452658, "PM2_5": 10.80272389, "elevation_variation": 0.00099961180124223605, "avg_elevation": 62.0, "avg_temperature_topten": 98.190909090909088, "avg_precipitation_topten": 10.619 }, "geometry": { "type": "MultiPolygon", "coordinates": [ [ [ [ -121.242795, 38.718241 ], [ -121.188571, 38.714308 ], [ -121.151857, 38.711502 ], [ -121.141009, 38.71198 ], [ -121.133264, 38.705427 ], [ -121.118617, 38.717118 ], [ -121.027507, 38.508292 ], [ -121.027084, 38.300252 ], [ -121.344024, 38.22826 ], [ -121.484317, 38.241509 ], [ -121.580022, 38.094414 ], [ -121.679265, 38.089319 ], [ -121.737824, 38.02663 ], [ -121.862462, 38.06603 ], [ -121.713926, 38.084542 ], [ -121.688233, 38.145421 ], [ -121.602763, 38.230219 ], [ -121.603208, 38.237283 ], [ -121.602121, 38.241674 ], [ -121.601993, 38.252426 ], [ -121.600249, 38.257817 ], [ -121.60401, 38.270103 ], [ -121.60073, 38.278375 ], [ -121.605258, 38.295352 ], [ -121.593273, 38.313089 ], [ -121.521641, 38.360104 ], [ -121.504139, 38.466563 ], [ -121.538766, 38.474707 ], [ -121.559167, 38.498007 ], [ -121.51129, 38.54629 ], [ -121.520965, 38.566205 ], [ -121.506269, 38.586305 ], [ -121.527667, 38.604604 ], [ -121.549869, 38.599405 ], [ -121.576068, 38.648604 ], [ -121.594069, 38.644106 ], [ -121.62576, 38.673133 ], [ -121.630446, 38.697571 ], [ -121.605774, 38.718319 ], [ -121.602894, 38.735838 ], [ -121.521767, 38.736401 ], [ -121.484396, 38.734598 ], [ -121.242795, 38.718241 ] ] ] ] } },
{ "type": "Feature", "properties": { "county": "San Benito", "fire_dens": 0.031744960403167745, "fourth_root_fire_dens": 0.3625709011836335, "log_fire_dens": -4.2704517540999367, "pop_dens": 0.076020293376529879, "fips_code": "069", "GEOID": "06069", "TOG": 57.318151217809998, "ROG": 27.662589107067998, "COT": 8.914651349084, "NOX": 3.427509444, "SOX": 0.0291689, "PM": 14.67956015, "PM10": 7.73013427, "PM2_5": 1.37012906, "elevation_variation": 0.0017492350611951043, "avg_elevation": 454.0, "avg_temperature_topten": 92.88, "avg_precipitation_topten": 10.206 }, "geometry": { "type": "MultiPolygon", "coordinates": [ [ [ [ -121.581354, 36.899152 ], [ -121.501488, 36.971895 ], [ -121.215406, 36.961248 ], [ -121.141523, 36.836656 ], [ -120.918731, 36.740381 ], [ -120.603706, 36.488242 ], [ -120.596562, 36.328488 ], [ -120.678582, 36.267319 ], [ -120.75834, 36.308604 ], [ -120.718169, 36.196848 ], [ -120.761483, 36.20358 ], [ -120.86508, 36.292578 ], [ -120.920551, 36.311012 ], [ -121.02724, 36.259893 ], [ -121.040797, 36.323969 ], [ -121.193465, 36.445751 ], [ -121.244091, 36.506911 ], [ -121.311788, 36.502736 ], [ -121.318373, 36.610026 ], [ -121.350092, 36.648357 ], [ -121.468086, 36.685518 ], [ -121.45134, 36.724793 ], [ -121.597698, 36.83735 ], [ -121.644001, 36.893996 ], [ -121.629489, 36.911681 ], [ -121.607354, 36.899452 ], [ -121.581354, 36.899152 ] ] ] ] } },
{ "type": "Feature", "properties": { "county": "San Bernardino", "fire_dens": 0.012120700924031766, "fourth_root_fire_dens": 0.2050162801676183, "log_fire_dens": -6.7912971770422441, "pop_dens": 0.17084974080350912, "fips_code": "071", "GEOID": "06071", "TOG": 274.45661699183603, "ROG": 114.78959025684, "COT": 265.47484678734799, "NOX": 115.9112014992, "SOX": 2.80009993, "PM": 195.09132386147201, "PM10": 94.893890637164006, "PM2_5": 23.654322878517998, "elevation_variation": 0.00027640875785066294, "avg_elevation": 763.0, "avg_temperature_topten": 103.375, "avg_precipitation_topten": 4.404 }, "geometry": { "type": "MultiPolygon", "coordinates": [ [ [ [ -115.648029, 35.809629 ], [ -115.647683, 35.809358 ], [ -115.647202, 35.808995 ], [ -115.406079, 35.618613 ], [ -115.404537, 35.617605 ], [ -115.393996, 35.609344 ], [ -115.391535, 35.607271 ], [ -115.388866, 35.605171 ], [ -115.303743, 35.538207 ], [ -115.271342, 35.51266 ], [ -115.225273, 35.475907 ], [ -115.160599, 35.424313 ], [ -115.160068, 35.424129 ], [ -115.146788, 35.413662 ], [ -115.145813, 35.413182 ], [ -114.92548, 35.237054 ], [ -114.925381, 35.237039 ], [ -114.80503, 35.140284 ], [ -114.804249, 35.139689 ], [ -114.633013, 35.002085 ], [ -114.62919, 34.991887 ], [ -114.629015, 34.986148 ], [ -114.630877, 34.907263 ], [ -114.636725, 34.889107 ], [ -114.635176, 34.875003 ], [ -114.633051, 34.869971 ], [ -114.552682, 34.766871 ], [ -114.465607, 34.69226 ], [ -114.452547, 34.653494 ], [ -114.339627, 34.451435 ], [ -114.264317, 34.401329 ], [ -114.199482, 34.361373 ], [ -114.176909, 34.349306 ], [ -114.138282, 34.30323 ], [ -114.131489, 34.260387 ], [ -114.133264, 34.258462 ], [ -114.164476, 34.251667 ], [ -114.225861, 34.201774 ], [ -114.244191, 34.179625 ], [ -114.312592, 34.144453 ], [ -114.321618, 34.138093 ], [ -114.366521, 34.118575 ], [ -114.390565, 34.110084 ], [ -114.401352, 34.111652 ], [ -114.411681, 34.110031 ], [ -114.420499, 34.103466 ], [ -114.43338, 34.088413 ], [ -114.435429, 34.079727 ], [ -115.316065, 34.077843 ], [ -115.316212, 34.03411 ], [ -116.457775, 34.032881 ], [ -116.929558, 34.034113 ], [ -116.929357, 34.004914 ], [ -117.225372, 34.004314 ], [ -117.284475, 34.019015 ], [ -117.336161, 34.019378 ], [ -117.558312, 34.033451 ], [ -117.600066, 33.975316 ], [ -117.673749, 33.870831 ], [ -117.680289, 33.877412 ], [ -117.783287, 33.946411 ], [ -117.767752, 34.019429 ], [ -117.735846, 34.018554 ], [ -117.72601, 34.041128 ], [ -117.719481, 34.059731 ], [ -117.711067, 34.079536 ], [ -117.650459, 34.339025 ], [ -117.658798, 34.44058 ], [ -117.667292, 34.822526 ], [ -117.632011, 34.82227 ], [ -117.630126, 35.564071 ], [ -117.616195, 35.680856 ], [ -117.651986, 35.709934 ], [ -117.632996, 35.797251 ], [ -115.735891, 35.79362 ], [ -115.735745, 35.809097 ], [ -115.648925, 35.809128 ], [ -115.648029, 35.809629 ] ] ] ] } },
{ "type": "Feature", "properties": { "county": "San Diego", "fire_dens": 0.027126531737604025, "fourth_root_fire_dens": 0.292819415169011, "log_fire_dens": -5.3126933288407692, "pop_dens": 1.2176676974310181, "fips_code": "073", "GEOID": "06073", "TOG": 496.87795216281501, "ROG": 188.79437784649701, "COT": 418.79614956794802, "NOX": 94.140395043998993, "SOX": 1.53257212, "PM": 143.63813736792, "PM10": 79.651524970357997, "PM2_5": 20.249253833661999, "elevation_variation": 0.00098641175071360605, "avg_elevation": 544.0, "avg_temperature_topten": 93.84, "avg_precipitation_topten": 10.169 }, "geometry": { "type": "MultiPolygon", "coordinates": [ [ [ [ -116.106159, 32.618328 ], [ -116.390091, 32.59602 ], [ -117.118865, 32.534661 ], [ -117.124862, 32.534156 ], [ -117.133363, 32.575625 ], [ -117.132963, 32.597054 ], [ -117.136664, 32.618754 ], [ -117.139464, 32.627054 ], [ -117.159865, 32.660652 ], [ -117.168866, 32.671952 ], [ -117.180366, 32.681652 ], [ -117.192967, 32.687751 ], [ -117.196767, 32.688851 ], [ -117.213068, 32.687751 ], [ -117.223868, 32.683051 ], [ -117.236239, 32.671353 ], [ -117.246069, 32.669352 ], [ -117.255169, 32.700051 ], [ -117.25757, 32.72605 ], [ -117.25537, 32.745449 ], [ -117.25257, 32.752949 ], [ -117.25497, 32.786948 ], [ -117.26107, 32.803148 ], [ -117.280971, 32.822247 ], [ -117.28217, 32.839547 ], [ -117.28117, 32.843047 ], [ -117.27387, 32.851447 ], [ -117.26497, 32.848947 ], [ -117.26067, 32.852647 ], [ -117.25617, 32.859447 ], [ -117.25167, 32.874346 ], [ -117.25447, 32.900146 ], [ -117.26047, 32.931245 ], [ -117.262547, 32.939542 ], [ -117.28077, 33.012343 ], [ -117.29337, 33.034642 ], [ -117.309771, 33.07454 ], [ -117.315278, 33.093504 ], [ -117.328359, 33.121842 ], [ -117.359484, 33.164231 ], [ -117.362572, 33.168437 ], [ -117.39148, 33.202762 ], [ -117.401926, 33.213598 ], [ -117.445583, 33.268517 ], [ -117.469794, 33.296417 ], [ -117.50565, 33.334063 ], [ -117.547693, 33.365491 ], [ -117.571722, 33.378988 ], [ -117.59588, 33.386629 ], [ -117.509722, 33.505019 ], [ -117.370925, 33.490549 ], [ -117.241271, 33.431993 ], [ -117.079721, 33.43033 ], [ -116.617687, 33.427354 ], [ -116.197591, 33.428893 ], [ -116.085165, 33.425932 ], [ -116.08109, 33.074833 ], [ -116.103137, 32.904115 ], [ -116.106159, 32.618328 ] ] ] ] } },
{ "type": "Feature", "properties": { "county": "San Joaquin", "fire_dens": 1.1314609795106587, "fourth_root_fire_dens": 0.54593549611562764, "log_fire_dens": -3.2687508765086384, "pop_dens": 0.88593303252323086, "fips_code": "077", "GEOID": "06077", "TOG": 206.08961639663599, "ROG": 62.681802462165997, "COT": 102.92421791123201, "NOX": 33.493283393440002, "SOX": 0.930784238, "PM": 53.602888523908, "PM10": 28.202679384823998, "PM2_5": 7.0191676180240004, "elevation_variation": 0.0013022694781987133, "avg_elevation": 96.0, "avg_temperature_topten": 97.42, "avg_precipitation_topten": 8.033 }, "geometry": { "type": "MultiPolygon", "coordinates": [ [ [ [ -120.926449, 38.077421 ], [ -120.920665, 37.738392 ], [ -120.995754, 37.760152 ], [ -121.155849, 37.719844 ], [ -121.258171, 37.653495 ], [ -121.273751, 37.63833 ], [ -121.333388, 37.59105 ], [ -121.471925, 37.481783 ], [ -121.556655, 37.542732 ], [ -121.556936, 37.817218 ], [ -121.550971, 37.831155 ], [ -121.538931, 37.839563 ], [ -121.536595, 37.844723 ], [ -121.538026, 37.849622 ], [ -121.549517, 37.856986 ], [ -121.561813, 37.857135 ], [ -121.56937, 37.858881 ], [ -121.575463, 37.863118 ], [ -121.574849, 37.885021 ], [ -121.569113, 37.901521 ], [ -121.55987, 37.920862 ], [ -121.561937, 37.937612 ], [ -121.56364, 37.94611 ], [ -121.569889, 37.957495 ], [ -121.574823, 37.973025 ], [ -121.579943, 37.976113 ], [ -121.580022, 38.094414 ], [ -121.484317, 38.241509 ], [ -121.344024, 38.22826 ], [ -121.027084, 38.300252 ], [ -120.995497, 38.225405 ], [ -120.93885, 38.088321 ], [ -120.926449, 38.077421 ] ] ] ] } },
{ "type": "Feature", "properties": { "county": "San Luis Obispo", "fire_dens": 0.059556432333587442, "fourth_root_fire_dens": 0.31846732496724561, "log_fire_dens": -4.9798117071307519, "pop_dens": 0.13336722533292977, "fips_code": "079", "GEOID": "06079", "TOG": 114.42645398000001, "ROG": 83.45270273, "COT": 57.03608957, "NOX": 27.1756786, "SOX": 0.56932096, "PM": 20.47650293, "PM10": 11.72008136, "PM2_5": 3.90111023, "elevation_variation": 0.00096757717917675542, "avg_elevation": 341.0, "avg_temperature_topten": 92.618181818181824, "avg_precipitation_topten": 12.272 }, "geometry": { "type": "MultiPolygon", "coordinates": [ [ [ [ -120.194146, 35.789204 ], [ -120.194053, 35.749964 ], [ -120.193934, 35.749393 ], [ -120.193892, 35.726513 ], [ -120.193918, 35.614359 ], [ -120.085922, 35.614524 ], [ -120.086674, 35.526554 ], [ -119.997382, 35.468702 ], [ -119.997392, 35.439495 ], [ -119.880045, 35.439133 ], [ -119.880172, 35.351211 ], [ -119.809346, 35.350865 ], [ -119.809449, 35.263584 ], [ -119.666663, 35.262527 ], [ -119.667056, 35.174809 ], [ -119.553641, 35.179975 ], [ -119.560975, 35.087673 ], [ -119.472719, 35.076885 ], [ -119.472754, 34.901174 ], [ -119.535757, 34.897576 ], [ -119.672963, 34.973375 ], [ -119.745566, 34.973676 ], [ -119.928419, 35.059794 ], [ -119.980122, 35.057573 ], [ -120.093376, 35.114102 ], [ -120.188383, 35.030378 ], [ -120.334548, 35.006315 ], [ -120.311498, 34.903764 ], [ -120.355343, 34.941265 ], [ -120.513924, 34.989276 ], [ -120.648905, 34.974393 ], [ -120.63999, 35.002963 ], [ -120.63357, 35.033085 ], [ -120.629931, 35.061515 ], [ -120.629583, 35.078362 ], [ -120.630957, 35.101941 ], [ -120.635787, 35.123805 ], [ -120.644311, 35.139616 ], [ -120.651134, 35.147768 ], [ -120.662475, 35.153357 ], [ -120.667994, 35.15203 ], [ -120.675074, 35.153061 ], [ -120.686974, 35.160708 ], [ -120.698906, 35.171192 ], [ -120.704203, 35.173206 ], [ -120.714185, 35.175998 ], [ -120.734231, 35.178472 ], [ -120.74887, 35.177795 ], [ -120.754823, 35.174701 ], [ -120.756862, 35.169208 ], [ -120.756086, 35.160459 ], [ -120.760492, 35.15971 ], [ -120.778998, 35.168897 ], [ -120.786076, 35.177666 ], [ -120.805258, 35.184973 ], [ -120.846674, 35.204429 ], [ -120.856047, 35.206487 ], [ -120.873046, 35.225688 ], [ -120.89679, 35.247877 ], [ -120.896876, 35.25399 ], [ -120.889354, 35.277819 ], [ -120.87957, 35.294184 ], [ -120.8672, 35.327154 ], [ -120.862684, 35.346776 ], [ -120.862133, 35.360763 ], [ -120.866099, 35.393045 ], [ -120.869209, 35.403276 ], [ -120.884757, 35.430196 ], [ -120.896862, 35.442243 ], [ -120.907937, 35.449069 ], [ -120.946546, 35.446715 ], [ -120.950742, 35.44802 ], [ -120.955863, 35.453743 ], [ -120.969436, 35.460197 ], [ -120.976122, 35.459028 ], [ -121.003359, 35.46071 ], [ -121.025621, 35.484598 ], [ -121.05308, 35.50753 ], [ -121.059913, 35.509671 ], [ -121.101595, 35.548814 ], [ -121.126027, 35.593058 ], [ -121.133556, 35.600455 ], [ -121.143561, 35.606046 ], [ -121.166712, 35.635399 ], [ -121.188897, 35.643138 ], [ -121.195291, 35.640734 ], [ -121.251034, 35.656641 ], [ -121.272322, 35.666711 ], [ -121.284973, 35.674109 ], [ -121.289794, 35.689428 ], [ -121.296473, 35.696824 ], [ -121.304583, 35.701794 ], [ -121.314632, 35.71331 ], [ -121.315786, 35.75252 ], [ -121.324918, 35.769347 ], [ -121.332449, 35.783106 ], [ -121.346363, 35.795183 ], [ -121.175695, 35.794102 ], [ -120.213979, 35.789276 ], [ -120.194146, 35.789204 ] ] ] ] } },
{ "type": "Feature", "properties": { "county": "San Mateo", "fire_dens": 3.0322582927921764, "fourth_root_fire_dens": 0.66644159643618361, "log_fire_dens": -2.9355243658083876, "pop_dens": 2.5375173997772826, "fips_code": "081", "GEOID": "06081", "TOG": 68.775824586659994, "ROG": 35.796583203154, "COT": 93.656609757704004, "NOX": 32.815622120960001, "SOX": 1.21469884, "PM": 12.659822716477999, "PM10": 7.2421670144299997, "PM2_5": 2.8865537452660002, "elevation_variation": 0.0036261135857461025, "avg_elevation": 109.0, "avg_temperature_topten": 79.18, "avg_precipitation_topten": 16.805 }, "geometry": { "type": "MultiPolygon", "coordinates": [ [ [ [ -122.292974, 37.107318 ], [ -122.306139, 37.116383 ], [ -122.313907, 37.118161 ], [ -122.322971, 37.11546 ], [ -122.330463, 37.115338 ], [ -122.337071, 37.117382 ], [ -122.338856, 37.120854 ], [ -122.337085, 37.130795 ], [ -122.337833, 37.135936 ], [ -122.344029, 37.144099 ], [ -122.359791, 37.155574 ], [ -122.36179, 37.163593 ], [ -122.367085, 37.172817 ], [ -122.37927, 37.181128 ], [ -122.390599, 37.182988 ], [ -122.397065, 37.187249 ], [ -122.405073, 37.195791 ], [ -122.407181, 37.219465 ], [ -122.408982, 37.225258 ], [ -122.415822, 37.232839 ], [ -122.419113, 37.24147 ], [ -122.418452, 37.248521 ], [ -122.411686, 37.265844 ], [ -122.401323, 37.337009 ], [ -122.40085, 37.359225 ], [ -122.409258, 37.374805 ], [ -122.423286, 37.392542 ], [ -122.443687, 37.435941 ], [ -122.445987, 37.461541 ], [ -122.452087, 37.48054 ], [ -122.467888, 37.49814 ], [ -122.472388, 37.50054 ], [ -122.476443, 37.498768 ], [ -122.482351, 37.496187 ], [ -122.485888, 37.494641 ], [ -122.486749, 37.49439 ], [ -122.487139, 37.494277 ], [ -122.493789, 37.492341 ], [ -122.494429, 37.49269 ], [ -122.499289, 37.495341 ], [ -122.516689, 37.52134 ], [ -122.519533, 37.537302 ], [ -122.516589, 37.544939 ], [ -122.514789, 37.546139 ], [ -122.513688, 37.552239 ], [ -122.518088, 37.576138 ], [ -122.517187, 37.590637 ], [ -122.501386, 37.599637 ], [ -122.496786, 37.612136 ], [ -122.494085, 37.644035 ], [ -122.496784, 37.686433 ], [ -122.502427, 37.708133 ], [ -122.485382, 37.708231 ], [ -122.484883, 37.708332 ], [ -122.481083, 37.708232 ], [ -122.471837, 37.708332 ], [ -122.471319, 37.708305 ], [ -122.393782, 37.708231 ], [ -122.391374, 37.708331 ], [ -122.39319, 37.707531 ], [ -122.387626, 37.67906 ], [ -122.374291, 37.662206 ], [ -122.3756, 37.652389 ], [ -122.37789, 37.650425 ], [ -122.387381, 37.648462 ], [ -122.386072, 37.637662 ], [ -122.365455, 37.626208 ], [ -122.35531, 37.615736 ], [ -122.358583, 37.611155 ], [ -122.370364, 37.614427 ], [ -122.373309, 37.613773 ], [ -122.378545, 37.605592 ], [ -122.360219, 37.592501 ], [ -122.317676, 37.590865 ], [ -122.315385, 37.587265 ], [ -122.315713, 37.583666 ], [ -122.305895, 37.575484 ], [ -122.262698, 37.572866 ], [ -122.251898, 37.566321 ], [ -122.244372, 37.55814 ], [ -122.242832, 37.557136 ], [ -122.236323, 37.552891 ], [ -122.225135, 37.545594 ], [ -122.214264, 37.538505 ], [ -122.196593, 37.537196 ], [ -122.194957, 37.522469 ], [ -122.168449, 37.504143 ], [ -122.155686, 37.501198 ], [ -122.149632, 37.502671 ], [ -122.140142, 37.507907 ], [ -122.130979, 37.503652 ], [ -122.127706, 37.500053 ], [ -122.116112, 37.505386 ], [ -122.109574, 37.497637 ], [ -122.081473, 37.477838 ], [ -122.190402, 37.431472 ], [ -122.152278, 37.286055 ], [ -122.152774, 37.215444 ], [ -122.317682, 37.186945 ], [ -122.292974, 37.107318 ] ] ] ] } },
{ "type": "Feature", "properties": { "county": "Santa Barbara", "fire_dens": 0.40768335902465042, "fourth_root_fire_dens": 0.44947350677968728, "log_fire_dens": -3.8898662132097752, "pop_dens": 0.25328535883856829, "fips_code": "083", "GEOID": "06083", "TOG": 237.18035709773201, "ROG": 112.95924912526, "COT": 79.933447099060004, "NOX": 67.461237477200001, "SOX": 1.56313273, "PM": 25.230340086725999, "PM10": 13.831193870670001, "PM2_5": 3.672359019046, "elevation_variation": 0.0015134222059897736, "avg_elevation": 243.0, "avg_temperature_topten": 86.45, "avg_precipitation_topten": 15.099 }, "geometry": { "type": "MultiPolygon", "coordinates": [ [ [ [ -120.248484, 33.999329 ], [ -120.247393, 34.001911 ], [ -120.238657, 34.007592 ], [ -120.230001, 34.010136 ], [ -120.221287, 34.010367 ], [ -120.208478, 34.005655 ], [ -120.19578, 34.004284 ], [ -120.167306, 34.008219 ], [ -120.151663, 34.018126 ], [ -120.147647, 34.024831 ], [ -120.140362, 34.025974 ], [ -120.135853, 34.026087 ], [ -120.115058, 34.019866 ], [ -120.090182, 34.019806 ], [ -120.073609, 34.024477 ], [ -120.062778, 34.031161 ], [ -120.061953, 34.033976 ], [ -120.057637, 34.03734 ], [ -120.055107, 34.037729 ], [ -120.043259, 34.035806 ], [ -120.044004, 34.02482 ], [ -120.047798, 34.021227 ], [ -120.050382, 34.013331 ], [ -120.048926, 34.009898 ], [ -120.046575, 34.000002 ], [ -120.041311, 33.994507 ], [ -120.025653, 33.985553 ], [ -120.011123, 33.979894 ], [ -120.003815, 33.979547 ], [ -119.984316, 33.983948 ], [ -119.978876, 33.983081 ], [ -119.979913, 33.969623 ], [ -119.976857, 33.956693 ], [ -119.971141, 33.950401 ], [ -119.97026, 33.944359 ], [ -119.973691, 33.942481 ], [ -120.00096, 33.941554 ], [ -120.017715, 33.936366 ], [ -120.046881, 33.919597 ], [ -120.048315, 33.917625 ], [ -120.048611, 33.915775 ], [ -120.049682, 33.914563 ], [ -120.077793, 33.908886 ], [ -120.098601, 33.907853 ], [ -120.105489, 33.90428 ], [ -120.109137, 33.899129 ], [ -120.121817, 33.895712 ], [ -120.168974, 33.91909 ], [ -120.179049, 33.927994 ], [ -120.18984, 33.947703 ], [ -120.192339, 33.950266 ], [ -120.198602, 33.952211 ], [ -120.200085, 33.956904 ], [ -120.209372, 33.972376 ], [ -120.224461, 33.989059 ], [ -120.248484, 33.999329 ] ] ], [ [ [ -119.789798, 34.05726 ], [ -119.770729, 34.055051 ], [ -119.766081, 34.05537 ], [ -119.763688, 34.057155 ], [ -119.755521, 34.056716 ], [ -119.739472, 34.049299 ], [ -119.726437, 34.047908 ], [ -119.712576, 34.043265 ], [ -119.704628, 34.037681 ], [ -119.686507, 34.019805 ], [ -119.637742, 34.013178 ], [ -119.619343, 34.016468 ], [ -119.612226, 34.021256 ], [ -119.604287, 34.031561 ], [ -119.608798, 34.035245 ], [ -119.609239, 34.03735 ], [ -119.59324, 34.049625 ], [ -119.57341, 34.05011 ], [ -119.5667, 34.053452 ], [ -119.529603, 34.041155 ], [ -119.52064, 34.034262 ], [ -119.52177, 34.032247 ], [ -119.532413, 34.024949 ], [ -119.538847, 34.023988 ], [ -119.542449, 34.021082 ], [ -119.54828, 34.009819 ], [ -119.547072, 34.005469 ], [ -119.554472, 33.99782 ], [ -119.560464, 33.99553 ], [ -119.575636, 33.996009 ], [ -119.5902, 33.989712 ], [ -119.596877, 33.988611 ], [ -119.619082, 33.987228 ], [ -119.621117, 33.98899 ], [ -119.64771, 33.987786 ], [ -119.662825, 33.985889 ], [ -119.69011, 33.972225 ], [ -119.706952, 33.969178 ], [ -119.712363, 33.965422 ], [ -119.714696, 33.961439 ], [ -119.721206, 33.959583 ], [ -119.742966, 33.963877 ], [ -119.750438, 33.963759 ], [ -119.758141, 33.959212 ], [ -119.795938, 33.962929 ], [ -119.842748, 33.97034 ], [ -119.873358, 33.980375 ], [ -119.877057, 33.985757 ], [ -119.883033, 34.000802 ], [ -119.884896, 34.008814 ], [ -119.882531, 34.011674 ], [ -119.876916, 34.023527 ], [ -119.876329, 34.032087 ], [ -119.892821, 34.045529 ], [ -119.916216, 34.058351 ], [ -119.923337, 34.069361 ], [ -119.919155, 34.07728 ], [ -119.912857, 34.077508 ], [ -119.89113, 34.072856 ], [ -119.857304, 34.071298 ], [ -119.825865, 34.059794 ], [ -119.818742, 34.052997 ], [ -119.807825, 34.052127 ], [ -119.789798, 34.05726 ] ] ], [ [ [ -120.46258, 34.042627 ], [ -120.440248, 34.036918 ], [ -120.418768, 34.052093 ], [ -120.415287, 34.05496 ], [ -120.411314, 34.052869 ], [ -120.403613, 34.050442 ], [ -120.396188, 34.050187 ], [ -120.390906, 34.051994 ], [ -120.374211, 34.062658 ], [ -120.368813, 34.06778 ], [ -120.368584, 34.071214 ], [ -120.370176, 34.074907 ], [ -120.368278, 34.076465 ], [ -120.362251, 34.073056 ], [ -120.354982, 34.059256 ], [ -120.36029, 34.05582 ], [ -120.358608, 34.050235 ], [ -120.346946, 34.046576 ], [ -120.331161, 34.049097 ], [ -120.319032, 34.041979 ], [ -120.313175, 34.036576 ], [ -120.302122, 34.023574 ], [ -120.304543, 34.021171 ], [ -120.317052, 34.018837 ], [ -120.347706, 34.020114 ], [ -120.35532, 34.017914 ], [ -120.35793, 34.015029 ], [ -120.375143, 34.018775 ], [ -120.409368, 34.032198 ], [ -120.415225, 34.032245 ], [ -120.419021, 34.028949 ], [ -120.427408, 34.025425 ], [ -120.454134, 34.028081 ], [ -120.459635, 34.031537 ], [ -120.465329, 34.038448 ], [ -120.46258, 34.042627 ] ] ], [ [ [ -120.355343, 34.941265 ], [ -120.311498, 34.903764 ], [ -120.334548, 35.006315 ], [ -120.188383, 35.030378 ], [ -120.093376, 35.114102 ], [ -119.980122, 35.057573 ], [ -119.928419, 35.059794 ], [ -119.745566, 34.973676 ], [ -119.672963, 34.973375 ], [ -119.535757, 34.897576 ], [ -119.472754, 34.901174 ], [ -119.442352, 34.901274 ], [ -119.442278, 34.465509 ], [ -119.440414, 34.441842 ], [ -119.444717, 34.42951 ], [ -119.453423, 34.42861 ], [ -119.454277, 34.418166 ], [ -119.445411, 34.408881 ], [ -119.454101, 34.395568 ], [ -119.472481, 34.38383 ], [ -119.473793, 34.379115 ], [ -119.478265, 34.377197 ], [ -119.510655, 34.386295 ], [ -119.536957, 34.395495 ], [ -119.559459, 34.413395 ], [ -119.616862, 34.420995 ], [ -119.638864, 34.415696 ], [ -119.648664, 34.417396 ], [ -119.671866, 34.416096 ], [ -119.688167, 34.412497 ], [ -119.684666, 34.408297 ], [ -119.691749, 34.403154 ], [ -119.709067, 34.395397 ], [ -119.729369, 34.395897 ], [ -119.74547, 34.402898 ], [ -119.785871, 34.415997 ], [ -119.794771, 34.417597 ], [ -119.835771, 34.415796 ], [ -119.853771, 34.407996 ], [ -119.873971, 34.408795 ], [ -119.925227, 34.433931 ], [ -119.956433, 34.435288 ], [ -119.971951, 34.444641 ], [ -120.008077, 34.460447 ], [ -120.038828, 34.463434 ], [ -120.050682, 34.461651 ], [ -120.088591, 34.460208 ], [ -120.097212, 34.461809 ], [ -120.118411, 34.469927 ], [ -120.141165, 34.473405 ], [ -120.183505, 34.470372 ], [ -120.225498, 34.470587 ], [ -120.238002, 34.468098 ], [ -120.25777, 34.467451 ], [ -120.283001, 34.468354 ], [ -120.295051, 34.470623 ], [ -120.299169, 34.469731 ], [ -120.301822, 34.467077 ], [ -120.341369, 34.458789 ], [ -120.441975, 34.451512 ], [ -120.451425, 34.447094 ], [ -120.471376, 34.447846 ], [ -120.47661, 34.475131 ], [ -120.480372, 34.481059 ], [ -120.490523, 34.490075 ], [ -120.511421, 34.522953 ], [ -120.524776, 34.531291 ], [ -120.581293, 34.556959 ], [ -120.608355, 34.556656 ], [ -120.612005, 34.553564 ], [ -120.622575, 34.554017 ], [ -120.637805, 34.56622 ], [ -120.645739, 34.581035 ], [ -120.640244, 34.604406 ], [ -120.625127, 34.634489 ], [ -120.60197, 34.692095 ], [ -120.60045, 34.70464 ], [ -120.601672, 34.709721 ], [ -120.614852, 34.730709 ], [ -120.62632, 34.738072 ], [ -120.637415, 34.755895 ], [ -120.62297, 34.7933 ], [ -120.616296, 34.816308 ], [ -120.609898, 34.842751 ], [ -120.610266, 34.85818 ], [ -120.616325, 34.866739 ], [ -120.639283, 34.880413 ], [ -120.642212, 34.894145 ], [ -120.647328, 34.901133 ], [ -120.662889, 34.901183 ], [ -120.670835, 34.904115 ], [ -120.648905, 34.974393 ], [ -120.513924, 34.989276 ], [ -120.355343, 34.941265 ] ] ] ] } },
{ "type": "Feature", "properties": { "county": "Santa Clara", "fire_dens": 0.28003229983071876, "fourth_root_fire_dens": 0.35786096134833517, "log_fire_dens": -4.5508879954595542, "pop_dens": 2.2644086463981408, "fips_code": "085", "GEOID": "06085", "TOG": 180.83045770505001, "ROG": 92.882927294333996, "COT": 223.58742752913599, "NOX": 41.51334421928, "SOX": 4.58020845, "PM": 34.821271482363997, "PM10": 19.797969692784001, "PM2_5": 7.2336148168559999, "elevation_variation": 0.0015516072811773819, "avg_elevation": 323.0, "avg_temperature_topten": 87.54, "avg_precipitation_topten": 13.851 }, "geometry": { "type": "MultiPolygon", "coordinates": [ [ [ [ -121.654038, 36.950584 ], [ -121.7576, 37.04963 ], [ -122.015966, 37.165658 ], [ -122.152278, 37.286055 ], [ -122.190402, 37.431472 ], [ -122.081473, 37.477838 ], [ -122.052648, 37.459656 ], [ -122.045271, 37.460276 ], [ -121.855762, 37.484537 ], [ -121.472648, 37.48217 ], [ -121.405753, 37.31099 ], [ -121.459051, 37.282739 ], [ -121.404636, 37.155989 ], [ -121.282271, 37.183675 ], [ -121.226804, 37.134774 ], [ -121.215406, 36.961248 ], [ -121.501488, 36.971895 ], [ -121.581354, 36.899152 ], [ -121.654038, 36.950584 ] ] ] ] } },
{ "type": "Feature", "properties": { "county": "Santa Cruz", "fire_dens": 1.3951192687895564, "fourth_root_fire_dens": 0.48390555862500545, "log_fire_dens": -3.8870751680262523, "pop_dens": 0.9261841367713004, "fips_code": "087", "GEOID": "06087", "TOG": 136.57206092902601, "ROG": 26.476636470477999, "COT": 48.039658162372, "NOX": 16.215273276000001, "SOX": 0.27654597, "PM": 14.242447186615999, "PM10": 8.2047166725060006, "PM2_5": 2.713622722262, "elevation_variation": 0.0045368553811659194, "avg_elevation": 191.0, "avg_temperature_topten": 83.11, "avg_precipitation_topten": 19.898 }, "geometry": { "type": "MultiPolygon", "coordinates": [ [ [ [ -122.015966, 37.165658 ], [ -121.7576, 37.04963 ], [ -121.654038, 36.950584 ], [ -121.581354, 36.899152 ], [ -121.607354, 36.899452 ], [ -121.629489, 36.911681 ], [ -121.644001, 36.893996 ], [ -121.745288, 36.909341 ], [ -121.810552, 36.850648 ], [ -121.827664, 36.879353 ], [ -121.862266, 36.931552 ], [ -121.880167, 36.950151 ], [ -121.894667, 36.961851 ], [ -121.906468, 36.96895 ], [ -121.930069, 36.97815 ], [ -121.93947, 36.97805 ], [ -121.95167, 36.97145 ], [ -121.972771, 36.954151 ], [ -121.975871, 36.954051 ], [ -121.983896, 36.958727 ], [ -122.012373, 36.96455 ], [ -122.023373, 36.96215 ], [ -122.027174, 36.95115 ], [ -122.050122, 36.948523 ], [ -122.066421, 36.948271 ], [ -122.079356, 36.950783 ], [ -122.105976, 36.955951 ], [ -122.140578, 36.97495 ], [ -122.155078, 36.98085 ], [ -122.186879, 37.00345 ], [ -122.20618, 37.013949 ], [ -122.252181, 37.059448 ], [ -122.260481, 37.072548 ], [ -122.284882, 37.101747 ], [ -122.292974, 37.107318 ], [ -122.317682, 37.186945 ], [ -122.152774, 37.215444 ], [ -122.152278, 37.286055 ], [ -122.015966, 37.165658 ] ] ] ] } },
{ "type": "Feature", "properties": { "county": "Shasta", "fire_dens": 0.31292354586281096, "fourth_root_fire_dens": 0.36407143768143169, "log_fire_dens": -5.0386907349250079, "pop_dens": 0.074670661648177497, "fips_code": "089", "GEOID": "06089", "TOG": 524.48107617999995, "ROG": 478.19207251, "COT": 102.0375158, "NOX": 17.46102511, "SOX": 0.32368604, "PM": 23.28646876, "PM10": 14.7713757, "PM2_5": 6.08075461, "elevation_variation": 0.0015336106708927627, "avg_elevation": 1053.0, "avg_temperature_topten": 94.58, "avg_precipitation_topten": 19.649 }, "geometry": { "type": "MultiPolygon", "coordinates": [ [ [ [ -123.065426, 40.286971 ], [ -123.068789, 40.332233 ], [ -122.998682, 40.418142 ], [ -122.903738, 40.445071 ], [ -122.845954, 40.505181 ], [ -122.695298, 40.572514 ], [ -122.752266, 40.689642 ], [ -122.445453, 41.15793 ], [ -122.498376, 41.182675 ], [ -122.376123, 41.182904 ], [ -121.446495, 41.183484 ], [ -121.331786, 41.183886 ], [ -121.319972, 40.905886 ], [ -121.327826, 40.445367 ], [ -121.497635, 40.445591 ], [ -121.64633, 40.434726 ], [ -121.806539, 40.44495 ], [ -121.940989, 40.415331 ], [ -122.010316, 40.426558 ], [ -122.310412, 40.371064 ], [ -122.445021, 40.373398 ], [ -122.523997, 40.3945 ], [ -122.651341, 40.328288 ], [ -122.872769, 40.348848 ], [ -122.918472, 40.306758 ], [ -123.065426, 40.286971 ] ] ] ] } },
{ "type": "Feature", "properties": { "county": "Sierra", "fire_dens": 1.9693566369359914, "fourth_root_fire_dens": 0.75623839551123395, "log_fire_dens": -1.9350324716423839, "pop_dens": 0.00527446222455404, "fips_code": "091", "GEOID": "06091", "TOG": 58.32372832, "ROG": 51.4166617, "COT": 3.01894883, "NOX": 0.38894429, "SOX": 0.00682535, "PM": 6.37287058, "PM10": 3.78334865, "PM2_5": 0.52015599, "elevation_variation": 0.003644740293809024, "avg_elevation": 1690.0, "avg_temperature_topten": 85.016666666666666, "avg_precipitation_topten": 26.343 }, "geometry": { "type": "MultiPolygon", "coordinates": [ [ [ [ -120.001319, 39.722416 ], [ -120.003116, 39.445113 ], [ -120.003117, 39.445045 ], [ -120.505445, 39.446117 ], [ -120.575059, 39.52228 ], [ -120.654332, 39.526889 ], [ -120.755729, 39.452663 ], [ -121.022085, 39.391558 ], [ -121.034406, 39.514509 ], [ -121.009477, 39.639459 ], [ -120.873618, 39.775875 ], [ -120.792484, 39.709794 ], [ -120.147149, 39.707658 ], [ -120.001319, 39.722416 ] ] ] ] } },
{ "type": "Feature", "properties": { "county": "Siskiyou", "fire_dens": 0.27863254360995432, "fourth_root_fire_dens": 0.40084491321137372, "log_fire_dens": -4.8004654424367104, "pop_dens": 0.010850763480197232, "fips_code": "093", "GEOID": "06093", "TOG": 296.81732664679998, "ROG": 254.55390233688399, "COT": 34.426229583599998, "NOX": 7.9370825672800001, "SOX": 0.22480932, "PM": 26.46116788, "PM10": 15.8132145496, "PM2_5": 3.3033975933999997, "elevation_variation": 0.001017228010179736, "avg_elevation": 1187.0, "avg_temperature_topten": 87.854545454545459, "avg_precipitation_topten": 17.514 }, "geometry": { "type": "MultiPolygon", "coordinates": [ [ [ [ -122.289533, 42.007764 ], [ -122.289527, 42.007764 ], [ -122.161328, 42.007637 ], [ -122.160438, 42.007637 ], [ -122.156666, 42.007384 ], [ -122.155408, 42.007429 ], [ -122.001119, 42.004017 ], [ -121.708199, 42.000815 ], [ -121.705045, 42.000766 ], [ -121.689159, 42.000584 ], [ -121.675348, 42.000351 ], [ -121.580865, 41.998668 ], [ -121.52025, 41.997983 ], [ -121.44754, 41.997169 ], [ -121.446495, 41.183484 ], [ -122.376123, 41.182904 ], [ -122.498376, 41.182675 ], [ -122.522636, 41.213525 ], [ -122.50389, 41.342985 ], [ -122.585241, 41.359008 ], [ -122.653686, 41.289237 ], [ -122.811342, 41.202451 ], [ -122.961347, 41.181525 ], [ -122.966949, 41.08205 ], [ -122.897411, 41.028475 ], [ -122.917529, 40.99399 ], [ -123.036808, 41.004058 ], [ -123.141338, 41.079178 ], [ -123.23948, 41.075763 ], [ -123.273402, 41.122891 ], [ -123.408291, 41.179944 ], [ -123.474085, 41.366193 ], [ -123.661363, 41.38209 ], [ -123.612395, 41.448954 ], [ -123.719089, 41.595258 ], [ -123.660205, 41.714055 ], [ -123.703768, 41.829117 ], [ -123.642812, 41.889353 ], [ -123.565442, 41.903141 ], [ -123.518075, 42.000436 ], [ -123.501997, 42.000527 ], [ -123.498896, 42.000474 ], [ -123.49883, 42.000525 ], [ -123.347562, 41.999108 ], [ -123.230764, 42.003845 ], [ -123.230762, 42.003845 ], [ -123.154908, 42.008036 ], [ -123.045254, 42.003049 ], [ -123.001152, 42.003 ], [ -122.634739, 42.004858 ], [ -122.501135, 42.00846 ], [ -122.378193, 42.009518 ], [ -122.289533, 42.007764 ] ] ] ] } },
{ "type": "Feature", "properties": { "county": "Solano", "fire_dens": 0.62866684103510573, "fourth_root_fire_dens": 0.48755201994276859, "log_fire_dens": -3.5243203011400155, "pop_dens": 0.84682027475845412, "fips_code": "095", "GEOID": "06095", "TOG": 98.401216360402003, "ROG": 41.744236682194, "COT": 64.748352886448004, "NOX": 22.38650019272, "SOX": 0.7841146, "PM": 28.909122103453999, "PM10": 14.894883690754, "PM2_5": 4.1389382577919998, "elevation_variation": 0.0016002415458937198, "avg_elevation": 76.0, "avg_temperature_topten": 93.41, "avg_precipitation_topten": 12.374 }, "geometry": { "type": "MultiPolygon", "coordinates": [ [ [ [ -122.088835, 38.384151 ], [ -122.103281, 38.513348 ], [ -122.011673, 38.488991 ], [ -121.940285, 38.533384 ], [ -121.694679, 38.52705 ], [ -121.693697, 38.313732 ], [ -121.593273, 38.313089 ], [ -121.605258, 38.295352 ], [ -121.60073, 38.278375 ], [ -121.60401, 38.270103 ], [ -121.600249, 38.257817 ], [ -121.601993, 38.252426 ], [ -121.602121, 38.241674 ], [ -121.603208, 38.237283 ], [ -121.602763, 38.230219 ], [ -121.688233, 38.145421 ], [ -121.713926, 38.084542 ], [ -121.862462, 38.06603 ], [ -121.865189, 38.059909 ], [ -121.869469, 38.054519 ], [ -122.050386, 38.060198 ], [ -122.123973, 38.035717 ], [ -122.266669, 38.06007 ], [ -122.273006, 38.07438 ], [ -122.282824, 38.082889 ], [ -122.301804, 38.105142 ], [ -122.314567, 38.115287 ], [ -122.366273, 38.141467 ], [ -122.39638, 38.149976 ], [ -122.403514, 38.150624 ], [ -122.406978, 38.155663 ], [ -122.406786, 38.155632 ], [ -122.19538, 38.155017 ], [ -122.205982, 38.315713 ], [ -122.064779, 38.315912 ], [ -122.088835, 38.384151 ] ] ] ] } },
{ "type": "Feature", "properties": { "county": "Sonoma", "fire_dens": 1.2765542185780645, "fourth_root_fire_dens": 0.61026952934004719, "log_fire_dens": -3.2478990000909485, "pop_dens": 0.478515625, "fips_code": "097", "GEOID": "06097", "TOG": 152.93741691061999, "ROG": 92.842800886220004, "COT": 79.484478576796008, "NOX": 15.61892698816, "SOX": 0.34362847, "PM": 18.223999597212, "PM10": 10.49042018397, "PM2_5": 3.980917863932, "elevation_variation": 0.0014177506345177664, "avg_elevation": 210.0, "avg_temperature_topten": 84.73, "avg_precipitation_topten": 25.011 }, "geometry": { "type": "MultiPolygon", "coordinates": [ [ [ [ -123.26871, 38.808369 ], [ -123.136253, 38.809136 ], [ -123.080997, 38.852438 ], [ -122.821592, 38.85014 ], [ -122.627396, 38.667506 ], [ -122.646268, 38.59912 ], [ -122.543893, 38.519966 ], [ -122.378987, 38.250714 ], [ -122.406786, 38.155632 ], [ -122.406978, 38.155663 ], [ -122.403514, 38.150624 ], [ -122.40358, 38.15063 ], [ -122.409798, 38.136231 ], [ -122.439577, 38.116923 ], [ -122.450377, 38.116269 ], [ -122.454958, 38.118887 ], [ -122.484411, 38.11496 ], [ -122.489974, 38.112014 ], [ -122.490727, 38.109755 ], [ -122.565093, 38.182217 ], [ -122.648986, 38.181077 ], [ -122.7399, 38.207018 ], [ -122.901726, 38.316943 ], [ -123.002911, 38.295708 ], [ -123.004122, 38.297012 ], [ -123.024333, 38.310573 ], [ -123.038742, 38.313576 ], [ -123.051061, 38.310693 ], [ -123.053476, 38.305722 ], [ -123.052021, 38.302246 ], [ -123.053504, 38.299385 ], [ -123.058239, 38.298355 ], [ -123.063671, 38.302178 ], [ -123.074684, 38.322574 ], [ -123.068437, 38.33521 ], [ -123.068265, 38.359865 ], [ -123.085572, 38.390525 ], [ -123.103706, 38.415541 ], [ -123.122379, 38.437314 ], [ -123.128825, 38.450418 ], [ -123.145325, 38.459422 ], [ -123.166428, 38.474947 ], [ -123.202277, 38.494314 ], [ -123.249797, 38.511045 ], [ -123.287156, 38.540223 ], [ -123.297151, 38.543452 ], [ -123.331899, 38.565542 ], [ -123.343338, 38.590008 ], [ -123.349612, 38.596805 ], [ -123.371876, 38.607235 ], [ -123.379303, 38.621953 ], [ -123.398166, 38.647044 ], [ -123.40301, 38.649449 ], [ -123.405663, 38.656729 ], [ -123.43272, 38.687131 ], [ -123.441774, 38.699744 ], [ -123.461291, 38.717001 ], [ -123.490021, 38.732213 ], [ -123.514784, 38.741966 ], [ -123.525152, 38.753801 ], [ -123.533535, 38.768408 ], [ -123.26871, 38.808369 ] ] ] ] } },
{ "type": "Feature", "properties": { "county": "Stanislaus", "fire_dens": 0.55534355533055346, "fourth_root_fire_dens": 0.43465113570388436, "log_fire_dens": -4.0608005884497453, "pop_dens": 0.5761653428093646, "fips_code": "099", "GEOID": "06099", "TOG": 214.40993762459399, "ROG": 66.629488083439995, "COT": 69.701024964940004, "NOX": 23.091227909520001, "SOX": 0.917556909, "PM": 55.700114358105999, "PM10": 28.539385045870002, "PM2_5": 6.6517843422320002, "elevation_variation": 0.0013346571906354516, "avg_elevation": 169.0, "avg_temperature_topten": 97.341666666666669, "avg_precipitation_topten": 7.558 }, "geometry": { "type": "MultiPolygon", "coordinates": [ [ [ [ -120.931374, 37.421753 ], [ -120.964223, 37.345782 ], [ -121.226804, 37.134774 ], [ -121.282271, 37.183675 ], [ -121.404636, 37.155989 ], [ -121.459051, 37.282739 ], [ -121.405753, 37.31099 ], [ -121.472648, 37.48217 ], [ -121.471925, 37.481783 ], [ -121.333388, 37.59105 ], [ -121.273751, 37.63833 ], [ -121.258171, 37.653495 ], [ -121.155849, 37.719844 ], [ -120.995754, 37.760152 ], [ -120.920665, 37.738392 ], [ -120.926449, 38.077421 ], [ -120.652673, 37.831422 ], [ -120.387613, 37.633704 ], [ -120.387329, 37.633499 ], [ -120.38767, 37.633364 ], [ -120.931374, 37.421753 ] ] ] ] } },
{ "type": "Feature", "properties": { "county": "Sutter", "fire_dens": 0.18980617744610281, "fourth_root_fire_dens": 0.60581800255982843, "log_fire_dens": -2.162278732958149, "pop_dens": 0.25524201907131011, "fips_code": "101", "GEOID": "06101", "TOG": 40.453533099407998, "ROG": 24.389095895305999, "COT": 24.347312423436001, "NOX": 7.7512331025599996, "SOX": 0.07332026, "PM": 20.929309790089999, "PM10": 10.890146068773999, "PM2_5": 2.88722063668, "elevation_variation": 0.0015443615257048093, "avg_elevation": 30.0, "avg_temperature_topten": 100.57, "avg_precipitation_topten": 10.048 }, "geometry": { "type": "MultiPolygon", "coordinates": [ [ [ [ -121.484396, 38.734598 ], [ -121.521767, 38.736401 ], [ -121.602894, 38.735838 ], [ -121.685998, 38.763371 ], [ -121.723149, 38.851306 ], [ -121.835488, 38.924481 ], [ -121.847964, 39.070817 ], [ -121.945509, 39.180959 ], [ -121.908269, 39.303878 ], [ -121.62376, 39.295621 ], [ -121.571297, 38.938918 ], [ -121.414885, 38.996429 ], [ -121.469356, 38.925992 ], [ -121.484396, 38.734598 ] ] ] ] } },
{ "type": "Feature", "properties": { "county": "Tehama", "fire_dens": 0.37750262786090949, "fourth_root_fire_dens": 0.39579344164165398, "log_fire_dens": -4.520525770384145, "pop_dens": 0.034546022534733989, "fips_code": "103", "GEOID": "06103", "TOG": 278.72786438184198, "ROG": 243.51839912501399, "COT": 31.646332506183999, "NOX": 8.0361282380799999, "SOX": 0.13260251, "PM": 15.972174935486001, "PM10": 9.4150980559640001, "PM2_5": 2.7682487799739999, "elevation_variation": 0.0016620425279566249, "avg_elevation": 720.0, "avg_temperature_topten": 96.581818181818178, "avg_precipitation_topten": 18.116 }, "geometry": { "type": "MultiPolygon", "coordinates": [ [ [ [ -122.934013, 39.978131 ], [ -122.989623, 40.145496 ], [ -122.989015, 40.250145 ], [ -123.065426, 40.286971 ], [ -122.918472, 40.306758 ], [ -122.872769, 40.348848 ], [ -122.651341, 40.328288 ], [ -122.523997, 40.3945 ], [ -122.445021, 40.373398 ], [ -122.310412, 40.371064 ], [ -122.010316, 40.426558 ], [ -121.940989, 40.415331 ], [ -121.806539, 40.44495 ], [ -121.64633, 40.434726 ], [ -121.497635, 40.445591 ], [ -121.470395, 40.350213 ], [ -121.345571, 40.312667 ], [ -121.368395, 40.21223 ], [ -121.436886, 40.151905 ], [ -121.586407, 40.100522 ], [ -121.646032, 39.982527 ], [ -121.703241, 39.98423 ], [ -121.804041, 39.884344 ], [ -122.044865, 39.883771 ], [ -122.046471, 39.797648 ], [ -122.937654, 39.798156 ], [ -122.934013, 39.978131 ] ] ] ] } },
{ "type": "Feature", "properties": { "county": "Trinity", "fire_dens": 1.3274372809257555, "fourth_root_fire_dens": 0.62553133092474433, "log_fire_dens": -3.128046744903799, "pop_dens": 0.0077564682290028313, "fips_code": "105", "GEOID": "06105", "TOG": 194.242158529406, "ROG": 174.445915102002, "COT": 10.578470225848001, "NOX": 1.8465197718399999, "SOX": 0.019855, "PM": 11.52189738, "PM10": 6.84046873, "PM2_5": 1.02253901, "elevation_variation": 0.0013088825102233407, "avg_elevation": 868.0, "avg_temperature_topten": 91.845454545454544, "avg_precipitation_topten": 28.96 }, "geometry": { "type": "MultiPolygon", "coordinates": [ [ [ [ -123.065426, 40.286971 ], [ -122.989015, 40.250145 ], [ -122.989623, 40.145496 ], [ -122.934013, 39.978131 ], [ -123.544563, 39.977015 ], [ -123.544458, 40.001923 ], [ -123.544059, 40.739386 ], [ -123.55985, 40.829584 ], [ -123.623826, 40.929421 ], [ -123.560163, 40.950257 ], [ -123.481457, 40.914957 ], [ -123.408291, 41.179944 ], [ -123.273402, 41.122891 ], [ -123.23948, 41.075763 ], [ -123.141338, 41.079178 ], [ -123.036808, 41.004058 ], [ -122.917529, 40.99399 ], [ -122.897411, 41.028475 ], [ -122.966949, 41.08205 ], [ -122.961347, 41.181525 ], [ -122.811342, 41.202451 ], [ -122.653686, 41.289237 ], [ -122.585241, 41.359008 ], [ -122.50389, 41.342985 ], [ -122.522636, 41.213525 ], [ -122.498376, 41.182675 ], [ -122.445453, 41.15793 ], [ -122.752266, 40.689642 ], [ -122.695298, 40.572514 ], [ -122.845954, 40.505181 ], [ -122.903738, 40.445071 ], [ -122.998682, 40.418142 ], [ -123.068789, 40.332233 ], [ -123.065426, 40.286971 ] ] ] ] } },
{ "type": "Feature", "properties": { "county": "Tulare", "fire_dens": 0.06433024924138174, "fourth_root_fire_dens": 0.34425714331757906, "log_fire_dens": -4.7438372747579507, "pop_dens": 0.15467713515754561, "fips_code": "107", "GEOID": "06107", "TOG": 423.907735323846, "ROG": 198.39693345476601, "COT": 95.175237717027997, "NOX": 25.190532940760001, "SOX": 0.432175894, "PM": 66.495571847074004, "PM10": 36.349459149639998, "PM2_5": 9.2455373917700001, "elevation_variation": 0.0014015210406301824, "avg_elevation": 1193.0, "avg_temperature_topten": 91.3, "avg_precipitation_topten": 13.297 }, "geometry": { "type": "MultiPolygon", "coordinates": [ [ [ [ -119.214033, 35.790489 ], [ -119.534559, 35.789758 ], [ -119.538116, 35.789567 ], [ -119.529358, 36.26985 ], [ -119.474607, 36.269025 ], [ -119.474892, 36.400953 ], [ -119.528792, 36.401465 ], [ -119.573194, 36.488835 ], [ -119.466322, 36.575238 ], [ -119.305102, 36.573725 ], [ -119.304625, 36.660606 ], [ -118.984779, 36.657147 ], [ -118.982441, 36.741646 ], [ -118.360586, 36.744773 ], [ -118.366328, 36.691635 ], [ -118.274624, 36.597334 ], [ -118.21482, 36.435036 ], [ -118.100317, 36.346137 ], [ -118.127147, 36.279656 ], [ -118.033611, 36.008944 ], [ -118.003577, 35.983718 ], [ -117.980761, 35.867515 ], [ -117.998258, 35.868782 ], [ -118.008043, 35.789161 ], [ -118.270456, 35.790009 ], [ -119.214033, 35.790489 ] ] ] ] } },
{ "type": "Feature", "properties": { "county": "Tuolumne", "fire_dens": 0.70390531827668457, "fourth_root_fire_dens": 0.40152792111662466, "log_fire_dens": -4.4593869978629996, "pop_dens": 0.038105853085867621, "fips_code": "109", "GEOID": "06109", "TOG": 188.35670017000001, "ROG": 171.20782124, "COT": 26.49393583, "NOX": 3.8251188, "SOX": 0.40601234, "PM": 10.89732369, "PM10": 6.39414698, "PM2_5": 1.84051721, "elevation_variation": 0.0026812667710196781, "avg_elevation": 1571.0, "avg_temperature_topten": 86.79, "avg_precipitation_topten": 23.52 }, "geometry": { "type": "MultiPolygon", "coordinates": [ [ [ [ -120.652673, 37.831422 ], [ -120.514952, 37.95339 ], [ -120.534814, 37.991174 ], [ -120.504516, 37.991144 ], [ -120.176177, 38.374014 ], [ -120.019951, 38.433521 ], [ -119.884749, 38.356185 ], [ -119.753481, 38.416759 ], [ -119.639205, 38.32688 ], [ -119.632671, 38.198858 ], [ -119.345922, 38.083113 ], [ -119.30459, 38.023891 ], [ -119.308389, 37.946824 ], [ -119.200283, 37.885827 ], [ -119.20128, 37.804329 ], [ -119.268979, 37.73923 ], [ -119.288381, 37.74503 ], [ -119.293382, 37.767929 ], [ -119.308995, 37.777986 ], [ -119.535699, 37.904122 ], [ -119.646203, 37.846823 ], [ -119.667203, 37.801224 ], [ -119.809409, 37.755025 ], [ -119.907013, 37.757926 ], [ -120.079508, 37.828808 ], [ -120.127226, 37.781566 ], [ -120.345437, 37.724787 ], [ -120.325943, 37.648966 ], [ -120.391931, 37.683559 ], [ -120.387613, 37.633704 ], [ -120.652673, 37.831422 ] ] ] ] } },
{ "type": "Feature", "properties": { "county": "Ventura", "fire_dens": 0.5523301795943889, "fourth_root_fire_dens": 0.50128470314718709, "log_fire_dens": -3.4572143027198319, "pop_dens": 0.70473743905742148, "fips_code": "111", "GEOID": "06111", "TOG": 127.34490414531599, "ROG": 68.044477258507996, "COT": 110.68313279484801, "NOX": 34.995677005040001, "SOX": 1.44122023, "PM": 31.074341262771998, "PM10": 17.492373949724001, "PM2_5": 5.7562268546019997, "elevation_variation": 0.0022616468039003252, "avg_elevation": 331.0, "avg_temperature_topten": 88.64, "avg_precipitation_topten": 16.879 }, "geometry": { "type": "MultiPolygon", "coordinates": [ [ [ [ -119.543842, 33.280329 ], [ -119.532941, 33.284728 ], [ -119.528141, 33.284929 ], [ -119.50504, 33.272829 ], [ -119.48278, 33.263973 ], [ -119.465717, 33.259239 ], [ -119.458466, 33.254661 ], [ -119.429559, 33.228167 ], [ -119.444269, 33.21919 ], [ -119.464725, 33.215432 ], [ -119.476029, 33.21552 ], [ -119.500684, 33.220569 ], [ -119.511659, 33.223027 ], [ -119.517514, 33.226737 ], [ -119.545872, 33.233406 ], [ -119.564971, 33.24744 ], [ -119.565641, 33.250029 ], [ -119.566014, 33.252639 ], [ -119.570642, 33.257729 ], [ -119.578942, 33.278628 ], [ -119.562042, 33.271129 ], [ -119.555242, 33.273429 ], [ -119.547642, 33.280328 ], [ -119.543842, 33.280329 ] ] ], [ [ [ -119.422972, 34.004368 ], [ -119.427589, 34.006445 ], [ -119.437734, 34.01 ], [ -119.441116, 34.012426 ], [ -119.441226, 34.014075 ], [ -119.433912, 34.015975 ], [ -119.421376, 34.015012 ], [ -119.411317, 34.008005 ], [ -119.396251, 34.005918 ], [ -119.389983, 34.006099 ], [ -119.366591, 34.016785 ], [ -119.357462, 34.015919 ], [ -119.376396, 34.010551 ], [ -119.391551, 34.002505 ], [ -119.414528, 34.004994 ], [ -119.422972, 34.004368 ] ] ], [ [ [ -118.881364, 34.790629 ], [ -118.796692, 34.616559 ], [ -118.650859, 34.320484 ], [ -118.636789, 34.291804 ], [ -118.633473, 34.269626 ], [ -118.668152, 34.168195 ], [ -118.788889, 34.168214 ], [ -118.940965, 34.07483 ], [ -118.944887, 34.04534 ], [ -118.954722, 34.048167 ], [ -118.977751, 34.059822 ], [ -118.99698, 34.065943 ], [ -119.004644, 34.066231 ], [ -119.037494, 34.083111 ], [ -119.069959, 34.09047 ], [ -119.088536, 34.09831 ], [ -119.098216, 34.099334 ], [ -119.109784, 34.094566 ], [ -119.130169, 34.100102 ], [ -119.159554, 34.119653 ], [ -119.18864, 34.139005 ], [ -119.20314, 34.144505 ], [ -119.211241, 34.144905 ], [ -119.216441, 34.146105 ], [ -119.227743, 34.161728 ], [ -119.237142, 34.175804 ], [ -119.257043, 34.213304 ], [ -119.265927, 34.234609 ], [ -119.270144, 34.252903 ], [ -119.278644, 34.266902 ], [ -119.290945, 34.274902 ], [ -119.302131, 34.272761 ], [ -119.313034, 34.275689 ], [ -119.337475, 34.290576 ], [ -119.349187, 34.304383 ], [ -119.370356, 34.319486 ], [ -119.37578, 34.321118 ], [ -119.388249, 34.317398 ], [ -119.390449, 34.318198 ], [ -119.42777, 34.353016 ], [ -119.431066, 34.355297 ], [ -119.435888, 34.355839 ], [ -119.461036, 34.374064 ], [ -119.472678, 34.375628 ], [ -119.478265, 34.377197 ], [ -119.473793, 34.379115 ], [ -119.472481, 34.38383 ], [ -119.454101, 34.395568 ], [ -119.445411, 34.408881 ], [ -119.454277, 34.418166 ], [ -119.453423, 34.42861 ], [ -119.444717, 34.42951 ], [ -119.440414, 34.441842 ], [ -119.442278, 34.465509 ], [ -119.442352, 34.901274 ], [ -119.276946, 34.879675 ], [ -119.243645, 34.814178 ], [ -118.976721, 34.812199 ], [ -118.881364, 34.790629 ] ] ] ] } },
{ "type": "Feature", "properties": { "county": "Yolo", "fire_dens": 1.5106574012110787, "fourth_root_fire_dens": 0.70268284730316322, "log_fire_dens": -2.2860788965135939, "pop_dens": 0.34293941452569171, "fips_code": "113", "GEOID": "06113", "TOG": 81.15141088835, "ROG": 56.699402824694005, "COT": 36.732216218623996, "NOX": 10.7588100188, "SOX": 0.28872533, "PM": 52.564556221587999, "PM10": 26.270030524190002, "PM2_5": 5.1199655623640004, "elevation_variation": 0.0014034708498023715, "avg_elevation": 117.0, "avg_temperature_topten": 99.158333333333331, "avg_precipitation_topten": 11.999 }, "geometry": { "type": "MultiPolygon", "coordinates": [ [ [ [ -121.504139, 38.466563 ], [ -121.521641, 38.360104 ], [ -121.593273, 38.313089 ], [ -121.693697, 38.313732 ], [ -121.694679, 38.52705 ], [ -121.940285, 38.533384 ], [ -122.011673, 38.488991 ], [ -122.103281, 38.513348 ], [ -122.111563, 38.524051 ], [ -122.128123, 38.583697 ], [ -122.151772, 38.625297 ], [ -122.168349, 38.619297 ], [ -122.164944, 38.642462 ], [ -122.287999, 38.839932 ], [ -122.395056, 38.864245 ], [ -122.340172, 38.924246 ], [ -122.337967, 38.923945 ], [ -121.835488, 38.924481 ], [ -121.723149, 38.851306 ], [ -121.685998, 38.763371 ], [ -121.602894, 38.735838 ], [ -121.605774, 38.718319 ], [ -121.630446, 38.697571 ], [ -121.62576, 38.673133 ], [ -121.594069, 38.644106 ], [ -121.576068, 38.648604 ], [ -121.549869, 38.599405 ], [ -121.527667, 38.604604 ], [ -121.506269, 38.586305 ], [ -121.520965, 38.566205 ], [ -121.51129, 38.54629 ], [ -121.559167, 38.498007 ], [ -121.538766, 38.474707 ], [ -121.504139, 38.466563 ] ] ] ] } },
{ "type": "Feature", "properties": { "county": "Yuba", "fire_dens": 0.13334160052910055, "fourth_root_fire_dens": 0.43547186724541082, "log_fire_dens": -3.6399542687319206, "pop_dens": 0.20910218253968255, "fips_code": "115", "GEOID": "06115", "TOG": 78.612168044353993, "ROG": 68.069088473806005, "COT": 24.108995335380001, "NOX": 4.39021221448, "SOX": 0.17935538, "PM": 8.4221029872940001, "PM10": 4.7561323234559998, "PM2_5": 1.547597532088, "elevation_variation": 0.0041840277777777778, "avg_elevation": 370.0, "avg_temperature_topten": 97.827272727272728, "avg_precipitation_topten": 19.358 }, "geometry": { "type": "MultiPolygon", "coordinates": [ [ [ [ -121.333427, 39.468729 ], [ -121.305122, 39.519585 ], [ -121.149907, 39.526446 ], [ -121.076695, 39.597264 ], [ -121.05267, 39.612334 ], [ -121.050922, 39.613801 ], [ -121.009477, 39.639459 ], [ -121.034406, 39.514509 ], [ -121.022085, 39.391558 ], [ -121.127481, 39.380237 ], [ -121.266911, 39.271609 ], [ -121.279533, 39.034618 ], [ -121.414885, 38.996429 ], [ -121.571297, 38.938918 ], [ -121.62376, 39.295621 ], [ -121.407527, 39.339754 ], [ -121.333427, 39.468729 ] ] ] ] } }
]
}
